year,month,day,hour,pm25,date
2012,1,1,0,275.0,2012-01-01
2012,1,1,1,303.0,2012-01-01
2012,1,1,2,215.0,2012-01-01
2012,1,1,3,222.0,2012-01-01
2012,1,1,4,85.0,2012-01-01
2012,1,1,5,38.0,2012-01-01
2012,1,1,6,23.0,2012-01-01
2012,1,1,7,19.0,2012-01-01
2012,1,1,8,14.0,2012-01-01
2012,1,1,9,16.0,2012-01-01
2012,1,1,10,21.0,2012-01-01
2012,1,1,11,22.0,2012-01-01
2012,1,1,12,22.0,2012-01-01
2012,1,1,13,17.0,2012-01-01
2012,1,1,14,22.0,2012-01-01
2012,1,1,15,29.0,2012-01-01
2012,1,1,16,39.0,2012-01-01
2012,1,1,17,42.0,2012-01-01
2012,1,1,18,55.0,2012-01-01
2012,1,1,19,55.0,2012-01-01
2012,1,1,20,72.0,2012-01-01
2012,1,1,21,81.0,2012-01-01
2012,1,1,22,80.0,2012-01-01
2012,1,1,23,128.0,2012-01-01
2012,1,2,0,114.0,2012-01-02
2012,1,2,1,97.0,2012-01-02
2012,1,2,2,79.0,2012-01-02
2012,1,2,3,88.0,2012-01-02
2012,1,2,4,87.0,2012-01-02
2012,1,2,5,98.0,2012-01-02
2012,1,2,6,99.0,2012-01-02
2012,1,2,7,100.0,2012-01-02
2012,1,2,8,104.0,2012-01-02
2012,1,2,9,131.0,2012-01-02
2012,1,2,10,134.0,2012-01-02
2012,1,2,11,169.0,2012-01-02
2012,1,2,12,133.0,2012-01-02
2012,1,2,13,39.0,2012-01-02
2012,1,2,14,12.0,2012-01-02
2012,1,2,15,19.0,2012-01-02
2012,1,2,16,14.0,2012-01-02
2012,1,2,17,13.0,2012-01-02
2012,1,2,18,13.0,2012-01-02
2012,1,2,19,16.0,2012-01-02
2012,1,2,20,8.0,2012-01-02
2012,1,2,21,10.0,2012-01-02
2012,1,2,22,27.0,2012-01-02
2012,1,2,23,18.0,2012-01-02
2012,1,3,0,14.0,2012-01-03
2012,1,3,1,16.0,2012-01-03
2012,1,3,2,17.0,2012-01-03
2012,1,3,3,11.0,2012-01-03
2012,1,3,4,11.0,2012-01-03
2012,1,3,5,12.0,2012-01-03
2012,1,3,6,15.0,2012-01-03
2012,1,3,7,17.0,2012-01-03
2012,1,3,8,14.0,2012-01-03
2012,1,3,9,16.0,2012-01-03
2012,1,3,10,18.0,2012-01-03
2012,1,3,11,24.0,2012-01-03
2012,1,3,12,16.0,2012-01-03
2012,1,3,13,18.0,2012-01-03
2012,1,3,14,13.0,2012-01-03
2012,1,3,15,23.0,2012-01-03
2012,1,3,16,13.0,2012-01-03
2012,1,3,17,11.0,2012-01-03
2012,1,3,18,8.0,2012-01-03
2012,1,3,19,19.0,2012-01-03
2012,1,3,20,11.0,2012-01-03
2012,1,3,21,12.0,2012-01-03
2012,1,3,22,10.0,2012-01-03
2012,1,3,23,16.0,2012-01-03
2012,1,4,0,14.0,2012-01-04
2012,1,4,1,13.0,2012-01-04
2012,1,4,2,10.0,2012-01-04
2012,1,4,3,11.0,2012-01-04
2012,1,4,4,18.0,2012-01-04
2012,1,4,5,13.0,2012-01-04
2012,1,4,6,13.0,2012-01-04
2012,1,4,7,15.0,2012-01-04
2012,1,4,8,20.0,2012-01-04
2012,1,4,9,19.0,2012-01-04
2012,1,4,10,16.0,2012-01-04
2012,1,4,11,17.0,2012-01-04
2012,1,4,12,12.0,2012-01-04
2012,1,4,13,25.0,2012-01-04
2012,1,4,14,16.0,2012-01-04
2012,1,4,15,15.0,2012-01-04
2012,1,4,16,21.0,2012-01-04
2012,1,4,17,37.0,2012-01-04
2012,1,4,18,42.0,2012-01-04
2012,1,4,19,55.0,2012-01-04
2012,1,4,20,74.0,2012-01-04
2012,1,4,21,87.0,2012-01-04
2012,1,4,22,86.0,2012-01-04
2012,1,4,23,87.0,2012-01-04
2012,1,5,0,90.0,2012-01-05
2012,1,5,1,89.0,2012-01-05
2012,1,5,2,91.0,2012-01-05
2012,1,5,3,99.0,2012-01-05
2012,1,5,4,150.0,2012-01-05
2012,1,5,5,143.0,2012-01-05
2012,1,5,6,130.0,2012-01-05
2012,1,5,7,102.0,2012-01-05
2012,1,5,8,96.0,2012-01-05
2012,1,5,9,72.0,2012-01-05
2012,1,5,10,60.0,2012-01-05
2012,1,5,11,70.0,2012-01-05
2012,1,5,12,76.0,2012-01-05
2012,1,5,13,69.0,2012-01-05
2012,1,5,14,53.0,2012-01-05
2012,1,5,15,53.0,2012-01-05
2012,1,5,16,65.0,2012-01-05
2012,1,5,17,86.0,2012-01-05
2012,1,5,18,115.0,2012-01-05
2012,1,5,19,179.0,2012-01-05
2012,1,5,20,235.0,2012-01-05
2012,1,5,21,241.0,2012-01-05
2012,1,5,22,189.0,2012-01-05
2012,1,5,23,161.0,2012-01-05
2012,1,6,0,189.0,2012-01-06
2012,1,6,1,161.0,2012-01-06
2012,1,6,2,161.0,2012-01-06
2012,1,6,3,159.0,2012-01-06
2012,1,6,4,197.0,2012-01-06
2012,1,6,5,183.0,2012-01-06
2012,1,6,6,172.0,2012-01-06
2012,1,6,7,170.0,2012-01-06
2012,1,6,8,179.0,2012-01-06
2012,1,6,9,194.0,2012-01-06
2012,1,6,10,183.0,2012-01-06
2012,1,6,11,150.0,2012-01-06
2012,1,6,12,87.0,2012-01-06
2012,1,6,13,93.0,2012-01-06
2012,1,6,14,91.0,2012-01-06
2012,1,6,15,67.0,2012-01-06
2012,1,6,16,54.0,2012-01-06
2012,1,6,17,62.0,2012-01-06
2012,1,6,18,56.0,2012-01-06
2012,1,6,19,58.0,2012-01-06
2012,1,6,20,54.0,2012-01-06
2012,1,6,21,51.0,2012-01-06
2012,1,6,22,52.0,2012-01-06
2012,1,6,23,45.0,2012-01-06
2012,1,7,0,45.0,2012-01-07
2012,1,7,1,49.0,2012-01-07
2012,1,7,2,47.0,2012-01-07
2012,1,7,3,40.0,2012-01-07
2012,1,7,4,46.0,2012-01-07
2012,1,7,5,51.0,2012-01-07
2012,1,7,6,49.0,2012-01-07
2012,1,7,7,60.0,2012-01-07
2012,1,7,8,69.0,2012-01-07
2012,1,7,9,66.0,2012-01-07
2012,1,7,10,68.0,2012-01-07
2012,1,7,11,83.0,2012-01-07
2012,1,7,12,132.0,2012-01-07
2012,1,7,13,175.0,2012-01-07
2012,1,7,14,170.0,2012-01-07
2012,1,7,15,172.0,2012-01-07
2012,1,7,16,169.0,2012-01-07
2012,1,7,17,176.0,2012-01-07
2012,1,7,18,175.0,2012-01-07
2012,1,7,19,172.0,2012-01-07
2012,1,7,20,166.0,2012-01-07
2012,1,7,21,171.0,2012-01-07
2012,1,7,22,164.0,2012-01-07
2012,1,7,23,191.0,2012-01-07
2012,1,8,0,171.0,2012-01-08
2012,1,8,1,184.0,2012-01-08
2012,1,8,2,191.0,2012-01-08
2012,1,8,3,169.0,2012-01-08
2012,1,8,4,156.0,2012-01-08
2012,1,8,5,151.0,2012-01-08
2012,1,8,6,120.0,2012-01-08
2012,1,8,7,116.0,2012-01-08
2012,1,8,8,109.0,2012-01-08
2012,1,8,9,111.0,2012-01-08
2012,1,8,10,124.0,2012-01-08
2012,1,8,11,125.0,2012-01-08
2012,1,8,12,151.0,2012-01-08
2012,1,8,13,149.0,2012-01-08
2012,1,8,14,153.0,2012-01-08
2012,1,8,15,152.0,2012-01-08
2012,1,8,16,144.0,2012-01-08
2012,1,8,17,197.0,2012-01-08
2012,1,8,18,181.0,2012-01-08
2012,1,8,19,197.0,2012-01-08
2012,1,8,20,201.0,2012-01-08
2012,1,8,21,211.0,2012-01-08
2012,1,8,22,235.0,2012-01-08
2012,1,8,23,275.0,2012-01-08
2012,1,9,0,289.0,2012-01-09
2012,1,9,1,284.0,2012-01-09
2012,1,9,2,205.0,2012-01-09
2012,1,9,3,146.0,2012-01-09
2012,1,9,4,127.0,2012-01-09
2012,1,9,5,79.0,2012-01-09
2012,1,9,6,63.0,2012-01-09
2012,1,9,7,79.0,2012-01-09
2012,1,9,8,126.0,2012-01-09
2012,1,9,9,100.0,2012-01-09
2012,1,9,10,96.0,2012-01-09
2012,1,9,11,74.0,2012-01-09
2012,1,9,12,77.0,2012-01-09
2012,1,9,13,85.0,2012-01-09
2012,1,9,14,204.0,2012-01-09
2012,1,9,15,184.0,2012-01-09
2012,1,9,16,177.0,2012-01-09
2012,1,9,17,175.0,2012-01-09
2012,1,9,18,149.0,2012-01-09
2012,1,9,19,180.0,2012-01-09
2012,1,9,20,267.0,2012-01-09
2012,1,9,21,314.0,2012-01-09
2012,1,9,22,350.0,2012-01-09
2012,1,9,23,335.0,2012-01-09
2012,1,10,0,366.0,2012-01-10
2012,1,10,1,358.0,2012-01-10
2012,1,10,2,388.0,2012-01-10
2012,1,10,3,433.0,2012-01-10
2012,1,10,4,524.0,2012-01-10
2012,1,10,5,534.0,2012-01-10
2012,1,10,6,501.0,2012-01-10
2012,1,10,7,513.0,2012-01-10
2012,1,10,8,491.0,2012-01-10
2012,1,10,9,502.0,2012-01-10
2012,1,10,10,484.0,2012-01-10
2012,1,10,11,494.0,2012-01-10
2012,1,10,12,155.0,2012-01-10
2012,1,10,13,21.0,2012-01-10
2012,1,10,14,21.0,2012-01-10
2012,1,10,15,19.0,2012-01-10
2012,1,10,16,17.0,2012-01-10
2012,1,10,17,13.0,2012-01-10
2012,1,10,18,15.0,2012-01-10
2012,1,10,19,11.0,2012-01-10
2012,1,10,20,12.0,2012-01-10
2012,1,10,21,12.0,2012-01-10
2012,1,10,22,10.0,2012-01-10
2012,1,10,23,18.0,2012-01-10
2012,1,11,0,17.0,2012-01-11
2012,1,11,1,14.0,2012-01-11
2012,1,11,2,17.0,2012-01-11
2012,1,11,3,13.0,2012-01-11
2012,1,11,4,14.0,2012-01-11
2012,1,11,5,24.0,2012-01-11
2012,1,11,6,25.0,2012-01-11
2012,1,11,7,32.0,2012-01-11
2012,1,11,8,29.0,2012-01-11
2012,1,11,9,53.0,2012-01-11
2012,1,11,10,31.0,2012-01-11
2012,1,11,11,33.0,2012-01-11
2012,1,11,12,47.0,2012-01-11
2012,1,11,13,57.0,2012-01-11
2012,1,11,14,47.0,2012-01-11
2012,1,11,15,46.0,2012-01-11
2012,1,11,16,65.0,2012-01-11
2012,1,11,17,71.0,2012-01-11
2012,1,11,18,68.0,2012-01-11
2012,1,11,19,71.0,2012-01-11
2012,1,11,20,93.0,2012-01-11
2012,1,11,21,120.0,2012-01-11
2012,1,11,22,112.0,2012-01-11
2012,1,11,23,123.0,2012-01-11
2012,1,12,0,138.0,2012-01-12
2012,1,12,1,147.0,2012-01-12
2012,1,12,2,156.0,2012-01-12
2012,1,12,3,169.0,2012-01-12
2012,1,12,4,156.0,2012-01-12
2012,1,12,5,148.0,2012-01-12
2012,1,12,6,137.0,2012-01-12
2012,1,12,7,146.0,2012-01-12
2012,1,12,8,130.0,2012-01-12
2012,1,12,9,123.0,2012-01-12
2012,1,12,10,126.0,2012-01-12
2012,1,12,11,130.0,2012-01-12
2012,1,12,12,136.0,2012-01-12
2012,1,12,13,149.0,2012-01-12
2012,1,12,14,196.0,2012-01-12
2012,1,12,15,162.0,2012-01-12
2012,1,12,16,160.0,2012-01-12
2012,1,12,17,160.0,2012-01-12
2012,1,12,18,174.0,2012-01-12
2012,1,12,19,144.0,2012-01-12
2012,1,12,20,171.0,2012-01-12
2012,1,12,21,156.0,2012-01-12
2012,1,12,22,230.0,2012-01-12
2012,1,12,23,182.0,2012-01-12
2012,1,13,0,100.0,2012-01-13
2012,1,13,1,60.0,2012-01-13
2012,1,13,2,50.0,2012-01-13
2012,1,13,3,52.0,2012-01-13
2012,1,13,4,57.0,2012-01-13
2012,1,13,5,41.0,2012-01-13
2012,1,13,6,47.0,2012-01-13
2012,1,13,7,44.0,2012-01-13
2012,1,13,8,37.0,2012-01-13
2012,1,13,9,52.0,2012-01-13
2012,1,13,10,46.0,2012-01-13
2012,1,13,11,43.0,2012-01-13
2012,1,13,12,45.0,2012-01-13
2012,1,13,13,45.0,2012-01-13
2012,1,13,14,61.0,2012-01-13
2012,1,13,15,69.0,2012-01-13
2012,1,13,16,66.0,2012-01-13
2012,1,13,17,39.0,2012-01-13
2012,1,13,18,57.0,2012-01-13
2012,1,13,19,72.0,2012-01-13
2012,1,13,20,73.0,2012-01-13
2012,1,13,21,73.0,2012-01-13
2012,1,13,22,91.0,2012-01-13
2012,1,13,23,101.0,2012-01-13
2012,1,14,0,137.0,2012-01-14
2012,1,14,1,133.0,2012-01-14
2012,1,14,2,130.0,2012-01-14
2012,1,14,3,125.0,2012-01-14
2012,1,14,4,125.0,2012-01-14
2012,1,14,5,98.0,2012-01-14
2012,1,14,6,58.0,2012-01-14
2012,1,14,7,42.0,2012-01-14
2012,1,14,8,39.0,2012-01-14
2012,1,14,9,33.0,2012-01-14
2012,1,14,10,35.946666666666665,2012-01-14
2012,1,14,11,38.89333333333333,2012-01-14
2012,1,14,12,41.84,2012-01-14
2012,1,14,13,44.78666666666667,2012-01-14
2012,1,14,14,47.733333333333334,2012-01-14
2012,1,14,15,50.68,2012-01-14
2012,1,14,16,53.626666666666665,2012-01-14
2012,1,14,17,56.57333333333334,2012-01-14
2012,1,14,18,59.519999999999996,2012-01-14
2012,1,14,19,62.46666666666667,2012-01-14
2012,1,14,20,65.41333333333333,2012-01-14
2012,1,14,21,68.36,2012-01-14
2012,1,14,22,71.30666666666667,2012-01-14
2012,1,14,23,74.25333333333333,2012-01-14
2012,1,15,0,77.2,2012-01-15
2012,1,15,1,80.14666666666668,2012-01-15
2012,1,15,2,83.09333333333333,2012-01-15
2012,1,15,3,86.03999999999999,2012-01-15
2012,1,15,4,88.98666666666668,2012-01-15
2012,1,15,5,91.93333333333334,2012-01-15
2012,1,15,6,94.88,2012-01-15
2012,1,15,7,97.82666666666667,2012-01-15
2012,1,15,8,100.77333333333334,2012-01-15
2012,1,15,9,103.72,2012-01-15
2012,1,15,10,106.66666666666667,2012-01-15
2012,1,15,11,109.61333333333334,2012-01-15
2012,1,15,12,112.56,2012-01-15
2012,1,15,13,115.50666666666667,2012-01-15
2012,1,15,14,118.45333333333333,2012-01-15
2012,1,15,15,121.4,2012-01-15
2012,1,15,16,124.34666666666666,2012-01-15
2012,1,15,17,127.29333333333334,2012-01-15
2012,1,15,18,130.24,2012-01-15
2012,1,15,19,133.18666666666667,2012-01-15
2012,1,15,20,136.13333333333333,2012-01-15
2012,1,15,21,139.07999999999998,2012-01-15
2012,1,15,22,142.02666666666667,2012-01-15
2012,1,15,23,144.97333333333336,2012-01-15
2012,1,16,0,147.92000000000002,2012-01-16
2012,1,16,1,150.86666666666667,2012-01-16
2012,1,16,2,153.81333333333333,2012-01-16
2012,1,16,3,156.76,2012-01-16
2012,1,16,4,159.70666666666668,2012-01-16
2012,1,16,5,162.65333333333334,2012-01-16
2012,1,16,6,165.6,2012-01-16
2012,1,16,7,168.54666666666668,2012-01-16
2012,1,16,8,171.49333333333334,2012-01-16
2012,1,16,9,174.44,2012-01-16
2012,1,16,10,177.38666666666668,2012-01-16
2012,1,16,11,180.33333333333334,2012-01-16
2012,1,16,12,183.28,2012-01-16
2012,1,16,13,186.2266666666667,2012-01-16
2012,1,16,14,189.17333333333335,2012-01-16
2012,1,16,15,192.12,2012-01-16
2012,1,16,16,195.06666666666666,2012-01-16
2012,1,16,17,198.01333333333335,2012-01-16
2012,1,16,18,200.96,2012-01-16
2012,1,16,19,203.90666666666667,2012-01-16
2012,1,16,20,206.85333333333335,2012-01-16
2012,1,16,21,209.8,2012-01-16
2012,1,16,22,212.74666666666667,2012-01-16
2012,1,16,23,215.69333333333333,2012-01-16
2012,1,17,0,218.64000000000001,2012-01-17
2012,1,17,1,221.58666666666667,2012-01-17
2012,1,17,2,224.53333333333333,2012-01-17
2012,1,17,3,227.48000000000002,2012-01-17
2012,1,17,4,230.42666666666668,2012-01-17
2012,1,17,5,233.37333333333333,2012-01-17
2012,1,17,6,236.32000000000002,2012-01-17
2012,1,17,7,239.26666666666668,2012-01-17
2012,1,17,8,242.21333333333334,2012-01-17
2012,1,17,9,245.16,2012-01-17
2012,1,17,10,248.10666666666668,2012-01-17
2012,1,17,11,251.05333333333334,2012-01-17
2012,1,17,12,254.0,2012-01-17
2012,1,17,13,281.0,2012-01-17
2012,1,17,14,301.0,2012-01-17
2012,1,17,15,285.0,2012-01-17
2012,1,17,16,304.0,2012-01-17
2012,1,17,17,309.0,2012-01-17
2012,1,17,18,308.0,2012-01-17
2012,1,17,19,338.0,2012-01-17
2012,1,17,20,416.0,2012-01-17
2012,1,17,21,398.0,2012-01-17
2012,1,17,22,385.0,2012-01-17
2012,1,17,23,348.0,2012-01-17
2012,1,18,0,332.0,2012-01-18
2012,1,18,1,339.0,2012-01-18
2012,1,18,2,344.0,2012-01-18
2012,1,18,3,353.0,2012-01-18
2012,1,18,4,385.0,2012-01-18
2012,1,18,5,394.0,2012-01-18
2012,1,18,6,401.0,2012-01-18
2012,1,18,7,393.0,2012-01-18
2012,1,18,8,381.0,2012-01-18
2012,1,18,9,384.0,2012-01-18
2012,1,18,10,372.0,2012-01-18
2012,1,18,11,370.0,2012-01-18
2012,1,18,12,345.0,2012-01-18
2012,1,18,13,359.0,2012-01-18
2012,1,18,14,382.0,2012-01-18
2012,1,18,15,412.0,2012-01-18
2012,1,18,16,440.0,2012-01-18
2012,1,18,17,436.0,2012-01-18
2012,1,18,18,450.0,2012-01-18
2012,1,18,19,456.0,2012-01-18
2012,1,18,20,469.0,2012-01-18
2012,1,18,21,450.0,2012-01-18
2012,1,18,22,458.0,2012-01-18
2012,1,18,23,446.0,2012-01-18
2012,1,19,0,437.0,2012-01-19
2012,1,19,1,460.0,2012-01-19
2012,1,19,2,503.0,2012-01-19
2012,1,19,3,558.0,2012-01-19
2012,1,19,4,486.0,2012-01-19
2012,1,19,5,441.0,2012-01-19
2012,1,19,6,388.0,2012-01-19
2012,1,19,7,351.0,2012-01-19
2012,1,19,8,348.0,2012-01-19
2012,1,19,9,390.0,2012-01-19
2012,1,19,10,405.0,2012-01-19
2012,1,19,11,380.0,2012-01-19
2012,1,19,12,373.0,2012-01-19
2012,1,19,13,379.0,2012-01-19
2012,1,19,14,387.0,2012-01-19
2012,1,19,15,378.0,2012-01-19
2012,1,19,16,399.0,2012-01-19
2012,1,19,17,414.0,2012-01-19
2012,1,19,18,419.0,2012-01-19
2012,1,19,19,436.0,2012-01-19
2012,1,19,20,436.0,2012-01-19
2012,1,19,21,459.0,2012-01-19
2012,1,19,22,494.0,2012-01-19
2012,1,19,23,522.0,2012-01-19
2012,1,20,0,479.0,2012-01-20
2012,1,20,1,315.0,2012-01-20
2012,1,20,2,121.0,2012-01-20
2012,1,20,3,49.0,2012-01-20
2012,1,20,4,52.0,2012-01-20
2012,1,20,5,47.0,2012-01-20
2012,1,20,6,29.0,2012-01-20
2012,1,20,7,17.0,2012-01-20
2012,1,20,8,15.0,2012-01-20
2012,1,20,9,24.0,2012-01-20
2012,1,20,10,22.0,2012-01-20
2012,1,20,11,21.0,2012-01-20
2012,1,20,12,20.0,2012-01-20
2012,1,20,13,22.0,2012-01-20
2012,1,20,14,21.0,2012-01-20
2012,1,20,15,12.0,2012-01-20
2012,1,20,16,13.0,2012-01-20
2012,1,20,17,13.0,2012-01-20
2012,1,20,18,22.0,2012-01-20
2012,1,20,19,16.0,2012-01-20
2012,1,20,20,22.0,2012-01-20
2012,1,20,21,17.0,2012-01-20
2012,1,20,22,21.0,2012-01-20
2012,1,20,23,18.0,2012-01-20
2012,1,21,0,17.0,2012-01-21
2012,1,21,1,10.0,2012-01-21
2012,1,21,2,10.0,2012-01-21
2012,1,21,3,11.0,2012-01-21
2012,1,21,4,11.0,2012-01-21
2012,1,21,5,9.0,2012-01-21
2012,1,21,6,7.0,2012-01-21
2012,1,21,7,10.0,2012-01-21
2012,1,21,8,12.0,2012-01-21
2012,1,21,9,16.0,2012-01-21
2012,1,21,10,21.0,2012-01-21
2012,1,21,11,17.0,2012-01-21
2012,1,21,12,18.0,2012-01-21
2012,1,21,13,20.0,2012-01-21
2012,1,21,14,20.0,2012-01-21
2012,1,21,15,17.0,2012-01-21
2012,1,21,16,13.0,2012-01-21
2012,1,21,17,20.0,2012-01-21
2012,1,21,18,15.0,2012-01-21
2012,1,21,19,14.0,2012-01-21
2012,1,21,20,22.0,2012-01-21
2012,1,21,21,28.0,2012-01-21
2012,1,21,22,20.0,2012-01-21
2012,1,21,23,13.0,2012-01-21
2012,1,22,0,21.0,2012-01-22
2012,1,22,1,29.0,2012-01-22
2012,1,22,2,19.0,2012-01-22
2012,1,22,3,14.0,2012-01-22
2012,1,22,4,11.0,2012-01-22
2012,1,22,5,15.0,2012-01-22
2012,1,22,6,16.0,2012-01-22
2012,1,22,7,16.0,2012-01-22
2012,1,22,8,19.0,2012-01-22
2012,1,22,9,16.0,2012-01-22
2012,1,22,10,21.0,2012-01-22
2012,1,22,11,21.0,2012-01-22
2012,1,22,12,22.0,2012-01-22
2012,1,22,13,20.0,2012-01-22
2012,1,22,14,18.0,2012-01-22
2012,1,22,15,23.0,2012-01-22
2012,1,22,16,35.0,2012-01-22
2012,1,22,17,51.0,2012-01-22
2012,1,22,18,54.0,2012-01-22
2012,1,22,19,68.0,2012-01-22
2012,1,22,20,108.0,2012-01-22
2012,1,22,21,193.0,2012-01-22
2012,1,22,22,182.0,2012-01-22
2012,1,22,23,161.0,2012-01-22
2012,1,23,0,225.0,2012-01-23
2012,1,23,1,994.0,2012-01-23
2012,1,23,2,972.0,2012-01-23
2012,1,23,3,430.0,2012-01-23
2012,1,23,4,296.0,2012-01-23
2012,1,23,5,284.0,2012-01-23
2012,1,23,6,285.0,2012-01-23
2012,1,23,7,223.0,2012-01-23
2012,1,23,8,141.0,2012-01-23
2012,1,23,9,66.0,2012-01-23
2012,1,23,10,33.0,2012-01-23
2012,1,23,11,36.0,2012-01-23
2012,1,23,12,27.0,2012-01-23
2012,1,23,13,27.0,2012-01-23
2012,1,23,14,20.0,2012-01-23
2012,1,23,15,32.0,2012-01-23
2012,1,23,16,24.0,2012-01-23
2012,1,23,17,13.0,2012-01-23
2012,1,23,18,24.0,2012-01-23
2012,1,23,19,88.0,2012-01-23
2012,1,23,20,103.0,2012-01-23
2012,1,23,21,200.0,2012-01-23
2012,1,23,22,157.0,2012-01-23
2012,1,23,23,97.0,2012-01-23
2012,1,24,0,79.0,2012-01-24
2012,1,24,1,14.0,2012-01-24
2012,1,24,2,12.0,2012-01-24
2012,1,24,3,10.0,2012-01-24
2012,1,24,4,8.0,2012-01-24
2012,1,24,5,6.0,2012-01-24
2012,1,24,6,8.0,2012-01-24
2012,1,24,7,11.0,2012-01-24
2012,1,24,8,9.0,2012-01-24
2012,1,24,9,7.0,2012-01-24
2012,1,24,10,10.0,2012-01-24
2012,1,24,11,12.0,2012-01-24
2012,1,24,12,13.0,2012-01-24
2012,1,24,13,13.0,2012-01-24
2012,1,24,14,11.0,2012-01-24
2012,1,24,15,16.0,2012-01-24
2012,1,24,16,15.0,2012-01-24
2012,1,24,17,12.0,2012-01-24
2012,1,24,18,9.0,2012-01-24
2012,1,24,19,18.0,2012-01-24
2012,1,24,20,25.0,2012-01-24
2012,1,24,21,37.0,2012-01-24
2012,1,24,22,85.0,2012-01-24
2012,1,24,23,73.0,2012-01-24
2012,1,25,0,33.0,2012-01-25
2012,1,25,1,45.0,2012-01-25
2012,1,25,2,61.0,2012-01-25
2012,1,25,3,66.0,2012-01-25
2012,1,25,4,50.0,2012-01-25
2012,1,25,5,37.0,2012-01-25
2012,1,25,6,42.0,2012-01-25
2012,1,25,7,43.0,2012-01-25
2012,1,25,8,48.0,2012-01-25
2012,1,25,9,44.0,2012-01-25
2012,1,25,10,50.0,2012-01-25
2012,1,25,11,52.0,2012-01-25
2012,1,25,12,51.0,2012-01-25
2012,1,25,13,47.0,2012-01-25
2012,1,25,14,51.0,2012-01-25
2012,1,25,15,47.0,2012-01-25
2012,1,25,16,43.0,2012-01-25
2012,1,25,17,39.0,2012-01-25
2012,1,25,18,60.0,2012-01-25
2012,1,25,19,69.0,2012-01-25
2012,1,25,20,93.0,2012-01-25
2012,1,25,21,127.0,2012-01-25
2012,1,25,22,122.0,2012-01-25
2012,1,25,23,156.0,2012-01-25
2012,1,26,0,176.0,2012-01-26
2012,1,26,1,169.0,2012-01-26
2012,1,26,2,166.0,2012-01-26
2012,1,26,3,151.0,2012-01-26
2012,1,26,4,113.0,2012-01-26
2012,1,26,5,77.0,2012-01-26
2012,1,26,6,80.0,2012-01-26
2012,1,26,7,80.0,2012-01-26
2012,1,26,8,62.0,2012-01-26
2012,1,26,9,47.0,2012-01-26
2012,1,26,10,55.0,2012-01-26
2012,1,26,11,70.0,2012-01-26
2012,1,26,12,79.0,2012-01-26
2012,1,26,13,66.0,2012-01-26
2012,1,26,14,67.0,2012-01-26
2012,1,26,15,77.0,2012-01-26
2012,1,26,16,84.0,2012-01-26
2012,1,26,17,87.0,2012-01-26
2012,1,26,18,115.0,2012-01-26
2012,1,26,19,111.0,2012-01-26
2012,1,26,20,125.0,2012-01-26
2012,1,26,21,158.0,2012-01-26
2012,1,26,22,227.0,2012-01-26
2012,1,26,23,192.0,2012-01-26
2012,1,27,0,113.0,2012-01-27
2012,1,27,1,51.0,2012-01-27
2012,1,27,2,25.0,2012-01-27
2012,1,27,3,18.0,2012-01-27
2012,1,27,4,40.0,2012-01-27
2012,1,27,5,139.0,2012-01-27
2012,1,27,6,162.0,2012-01-27
2012,1,27,7,95.0,2012-01-27
2012,1,27,8,8.0,2012-01-27
2012,1,27,9,21.0,2012-01-27
2012,1,27,10,20.0,2012-01-27
2012,1,27,11,29.0,2012-01-27
2012,1,27,12,24.0,2012-01-27
2012,1,27,13,23.0,2012-01-27
2012,1,27,14,36.0,2012-01-27
2012,1,27,15,76.0,2012-01-27
2012,1,27,16,84.0,2012-01-27
2012,1,27,17,75.0,2012-01-27
2012,1,27,18,93.0,2012-01-27
2012,1,27,19,103.0,2012-01-27
2012,1,27,20,128.0,2012-01-27
2012,1,27,21,158.0,2012-01-27
2012,1,27,22,124.0,2012-01-27
2012,1,27,23,122.0,2012-01-27
2012,1,28,0,74.0,2012-01-28
2012,1,28,1,51.0,2012-01-28
2012,1,28,2,58.0,2012-01-28
2012,1,28,3,59.0,2012-01-28
2012,1,28,4,69.0,2012-01-28
2012,1,28,5,67.0,2012-01-28
2012,1,28,6,69.0,2012-01-28
2012,1,28,7,63.0,2012-01-28
2012,1,28,8,60.0,2012-01-28
2012,1,28,9,72.0,2012-01-28
2012,1,28,10,75.0,2012-01-28
2012,1,28,11,79.0,2012-01-28
2012,1,28,12,82.0,2012-01-28
2012,1,28,13,79.0,2012-01-28
2012,1,28,14,76.0,2012-01-28
2012,1,28,15,87.0,2012-01-28
2012,1,28,16,91.0,2012-01-28
2012,1,28,17,88.0,2012-01-28
2012,1,28,18,96.0,2012-01-28
2012,1,28,19,103.0,2012-01-28
2012,1,28,20,129.0,2012-01-28
2012,1,28,21,132.0,2012-01-28
2012,1,28,22,159.0,2012-01-28
2012,1,28,23,164.0,2012-01-28
2012,1,29,0,170.0,2012-01-29
2012,1,29,1,165.0,2012-01-29
2012,1,29,2,68.0,2012-01-29
2012,1,29,3,44.0,2012-01-29
2012,1,29,4,25.0,2012-01-29
2012,1,29,5,15.0,2012-01-29
2012,1,29,6,14.0,2012-01-29
2012,1,29,7,14.0,2012-01-29
2012,1,29,8,13.0,2012-01-29
2012,1,29,9,12.0,2012-01-29
2012,1,29,10,23.0,2012-01-29
2012,1,29,11,19.0,2012-01-29
2012,1,29,12,18.0,2012-01-29
2012,1,29,13,20.0,2012-01-29
2012,1,29,14,20.0,2012-01-29
2012,1,29,15,31.0,2012-01-29
2012,1,29,16,35.0,2012-01-29
2012,1,29,17,46.0,2012-01-29
2012,1,29,18,38.0,2012-01-29
2012,1,29,19,49.0,2012-01-29
2012,1,29,20,47.0,2012-01-29
2012,1,29,21,69.0,2012-01-29
2012,1,29,22,76.0,2012-01-29
2012,1,29,23,87.0,2012-01-29
2012,1,30,0,91.0,2012-01-30
2012,1,30,1,73.0,2012-01-30
2012,1,30,2,77.0,2012-01-30
2012,1,30,3,109.0,2012-01-30
2012,1,30,4,81.0,2012-01-30
2012,1,30,5,89.0,2012-01-30
2012,1,30,6,91.0,2012-01-30
2012,1,30,7,91.0,2012-01-30
2012,1,30,8,84.0,2012-01-30
2012,1,30,9,99.0,2012-01-30
2012,1,30,10,112.0,2012-01-30
2012,1,30,11,127.0,2012-01-30
2012,1,30,12,133.0,2012-01-30
2012,1,30,13,133.0,2012-01-30
2012,1,30,14,129.0,2012-01-30
2012,1,30,15,134.0,2012-01-30
2012,1,30,16,135.0,2012-01-30
2012,1,30,17,138.0,2012-01-30
2012,1,30,18,155.0,2012-01-30
2012,1,30,19,157.0,2012-01-30
2012,1,30,20,147.0,2012-01-30
2012,1,30,21,151.0,2012-01-30
2012,1,30,22,152.0,2012-01-30
2012,1,30,23,142.0,2012-01-30
2012,1,31,0,132.0,2012-01-31
2012,1,31,1,139.0,2012-01-31
2012,1,31,2,150.0,2012-01-31
2012,1,31,3,150.0,2012-01-31
2012,1,31,4,143.0,2012-01-31
2012,1,31,5,144.0,2012-01-31
2012,1,31,6,154.0,2012-01-31
2012,1,31,7,152.0,2012-01-31
2012,1,31,8,147.0,2012-01-31
2012,1,31,9,141.0,2012-01-31
2012,1,31,10,135.0,2012-01-31
2012,1,31,11,58.0,2012-01-31
2012,1,31,12,14.0,2012-01-31
2012,1,31,13,19.0,2012-01-31
2012,1,31,14,22.0,2012-01-31
2012,1,31,15,23.0,2012-01-31
2012,1,31,16,18.0,2012-01-31
2012,1,31,17,17.0,2012-01-31
2012,1,31,18,14.0,2012-01-31
2012,1,31,19,13.0,2012-01-31
2012,1,31,20,13.0,2012-01-31
2012,1,31,21,18.0,2012-01-31
2012,1,31,22,8.0,2012-01-31
2012,1,31,23,9.0,2012-01-31
2012,2,1,0,15.0,2012-02-01
2012,2,1,1,14.0,2012-02-01
2012,2,1,2,13.0,2012-02-01
2012,2,1,3,9.0,2012-02-01
2012,2,1,4,11.0,2012-02-01
2012,2,1,5,12.0,2012-02-01
2012,2,1,6,11.0,2012-02-01
2012,2,1,7,13.0,2012-02-01
2012,2,1,8,13.0,2012-02-01
2012,2,1,9,13.0,2012-02-01
2012,2,1,10,14.0,2012-02-01
2012,2,1,11,14.0,2012-02-01
2012,2,1,12,14.0,2012-02-01
2012,2,1,13,12.0,2012-02-01
2012,2,1,14,13.0,2012-02-01
2012,2,1,15,16.0,2012-02-01
2012,2,1,16,16.0,2012-02-01
2012,2,1,17,17.0,2012-02-01
2012,2,1,18,23.0,2012-02-01
2012,2,1,19,25.0,2012-02-01
2012,2,1,20,39.0,2012-02-01
2012,2,1,21,52.0,2012-02-01
2012,2,1,22,42.0,2012-02-01
2012,2,1,23,24.0,2012-02-01
2012,2,2,0,24.0,2012-02-02
2012,2,2,1,30.0,2012-02-02
2012,2,2,2,13.0,2012-02-02
2012,2,2,3,10.0,2012-02-02
2012,2,2,4,8.0,2012-02-02
2012,2,2,5,7.0,2012-02-02
2012,2,2,6,6.0,2012-02-02
2012,2,2,7,9.0,2012-02-02
2012,2,2,8,11.0,2012-02-02
2012,2,2,9,16.0,2012-02-02
2012,2,2,10,13.0,2012-02-02
2012,2,2,11,16.0,2012-02-02
2012,2,2,12,14.0,2012-02-02
2012,2,2,13,17.0,2012-02-02
2012,2,2,14,14.0,2012-02-02
2012,2,2,15,13.0,2012-02-02
2012,2,2,16,18.0,2012-02-02
2012,2,2,17,24.0,2012-02-02
2012,2,2,18,39.0,2012-02-02
2012,2,2,19,57.0,2012-02-02
2012,2,2,20,69.0,2012-02-02
2012,2,2,21,75.0,2012-02-02
2012,2,2,22,82.0,2012-02-02
2012,2,2,23,92.0,2012-02-02
2012,2,3,0,64.0,2012-02-03
2012,2,3,1,61.0,2012-02-03
2012,2,3,2,40.0,2012-02-03
2012,2,3,3,60.0,2012-02-03
2012,2,3,4,68.0,2012-02-03
2012,2,3,5,68.0,2012-02-03
2012,2,3,6,63.0,2012-02-03
2012,2,3,7,63.0,2012-02-03
2012,2,3,8,60.0,2012-02-03
2012,2,3,9,52.0,2012-02-03
2012,2,3,10,49.0,2012-02-03
2012,2,3,11,59.0,2012-02-03
2012,2,3,12,60.0,2012-02-03
2012,2,3,13,52.0,2012-02-03
2012,2,3,14,50.0,2012-02-03
2012,2,3,15,76.0,2012-02-03
2012,2,3,16,66.0,2012-02-03
2012,2,3,17,72.0,2012-02-03
2012,2,3,18,82.0,2012-02-03
2012,2,3,19,100.0,2012-02-03
2012,2,3,20,129.0,2012-02-03
2012,2,3,21,147.0,2012-02-03
2012,2,3,22,114.0,2012-02-03
2012,2,3,23,50.0,2012-02-03
2012,2,4,0,14.0,2012-02-04
2012,2,4,1,16.0,2012-02-04
2012,2,4,2,9.0,2012-02-04
2012,2,4,3,9.0,2012-02-04
2012,2,4,4,8.0,2012-02-04
2012,2,4,5,9.0,2012-02-04
2012,2,4,6,9.0,2012-02-04
2012,2,4,7,9.0,2012-02-04
2012,2,4,8,17.0,2012-02-04
2012,2,4,9,21.0,2012-02-04
2012,2,4,10,19.0,2012-02-04
2012,2,4,11,19.0,2012-02-04
2012,2,4,12,20.0,2012-02-04
2012,2,4,13,22.0,2012-02-04
2012,2,4,14,29.0,2012-02-04
2012,2,4,15,40.0,2012-02-04
2012,2,4,16,69.0,2012-02-04
2012,2,4,17,70.0,2012-02-04
2012,2,4,18,62.0,2012-02-04
2012,2,4,19,60.0,2012-02-04
2012,2,4,20,61.0,2012-02-04
2012,2,4,21,72.0,2012-02-04
2012,2,4,22,82.0,2012-02-04
2012,2,4,23,100.0,2012-02-04
2012,2,5,0,118.0,2012-02-05
2012,2,5,1,126.0,2012-02-05
2012,2,5,2,140.0,2012-02-05
2012,2,5,3,132.0,2012-02-05
2012,2,5,4,119.0,2012-02-05
2012,2,5,5,100.0,2012-02-05
2012,2,5,6,92.0,2012-02-05
2012,2,5,7,90.0,2012-02-05
2012,2,5,8,109.0,2012-02-05
2012,2,5,9,103.0,2012-02-05
2012,2,5,10,81.0,2012-02-05
2012,2,5,11,82.0,2012-02-05
2012,2,5,12,100.0,2012-02-05
2012,2,5,13,103.0,2012-02-05
2012,2,5,14,116.0,2012-02-05
2012,2,5,15,108.0,2012-02-05
2012,2,5,16,113.0,2012-02-05
2012,2,5,17,127.0,2012-02-05
2012,2,5,18,132.0,2012-02-05
2012,2,5,19,128.0,2012-02-05
2012,2,5,20,132.0,2012-02-05
2012,2,5,21,201.0,2012-02-05
2012,2,5,22,265.0,2012-02-05
2012,2,5,23,252.0,2012-02-05
2012,2,6,0,254.0,2012-02-06
2012,2,6,1,262.0,2012-02-06
2012,2,6,2,251.0,2012-02-06
2012,2,6,3,278.0,2012-02-06
2012,2,6,4,263.0,2012-02-06
2012,2,6,5,183.0,2012-02-06
2012,2,6,6,18.0,2012-02-06
2012,2,6,7,20.0,2012-02-06
2012,2,6,8,19.0,2012-02-06
2012,2,6,9,12.0,2012-02-06
2012,2,6,10,11.0,2012-02-06
2012,2,6,11,10.0,2012-02-06
2012,2,6,12,12.0,2012-02-06
2012,2,6,13,19.0,2012-02-06
2012,2,6,14,22.0,2012-02-06
2012,2,6,15,23.0,2012-02-06
2012,2,6,16,13.0,2012-02-06
2012,2,6,17,12.0,2012-02-06
2012,2,6,18,10.0,2012-02-06
2012,2,6,19,27.0,2012-02-06
2012,2,6,20,32.0,2012-02-06
2012,2,6,21,42.0,2012-02-06
2012,2,6,22,66.0,2012-02-06
2012,2,6,23,56.0,2012-02-06
2012,2,7,0,163.0,2012-02-07
2012,2,7,1,17.0,2012-02-07
2012,2,7,2,7.0,2012-02-07
2012,2,7,3,7.0,2012-02-07
2012,2,7,4,7.0,2012-02-07
2012,2,7,5,9.0,2012-02-07
2012,2,7,6,9.0,2012-02-07
2012,2,7,7,7.0,2012-02-07
2012,2,7,8,9.0,2012-02-07
2012,2,7,9,13.0,2012-02-07
2012,2,7,10,22.0,2012-02-07
2012,2,7,11,15.0,2012-02-07
2012,2,7,12,13.0,2012-02-07
2012,2,7,13,18.0,2012-02-07
2012,2,7,14,14.0,2012-02-07
2012,2,7,15,12.0,2012-02-07
2012,2,7,16,12.0,2012-02-07
2012,2,7,17,13.0,2012-02-07
2012,2,7,18,12.0,2012-02-07
2012,2,7,19,12.0,2012-02-07
2012,2,7,20,12.0,2012-02-07
2012,2,7,21,12.0,2012-02-07
2012,2,7,22,9.0,2012-02-07
2012,2,7,23,9.0,2012-02-07
2012,2,8,0,11.0,2012-02-08
2012,2,8,1,9.0,2012-02-08
2012,2,8,2,10.0,2012-02-08
2012,2,8,3,10.0,2012-02-08
2012,2,8,4,11.0,2012-02-08
2012,2,8,5,10.0,2012-02-08
2012,2,8,6,8.0,2012-02-08
2012,2,8,7,9.0,2012-02-08
2012,2,8,8,12.0,2012-02-08
2012,2,8,9,16.0,2012-02-08
2012,2,8,10,11.0,2012-02-08
2012,2,8,11,27.0,2012-02-08
2012,2,8,12,21.0,2012-02-08
2012,2,8,13,16.0,2012-02-08
2012,2,8,14,11.0,2012-02-08
2012,2,8,15,11.0,2012-02-08
2012,2,8,16,17.0,2012-02-08
2012,2,8,17,17.0,2012-02-08
2012,2,8,18,12.0,2012-02-08
2012,2,8,19,20.0,2012-02-08
2012,2,8,20,21.0,2012-02-08
2012,2,8,21,26.0,2012-02-08
2012,2,8,22,18.0,2012-02-08
2012,2,8,23,22.0,2012-02-08
2012,2,9,0,18.0,2012-02-09
2012,2,9,1,39.0,2012-02-09
2012,2,9,2,36.0,2012-02-09
2012,2,9,3,28.0,2012-02-09
2012,2,9,4,28.0,2012-02-09
2012,2,9,5,33.0,2012-02-09
2012,2,9,6,33.0,2012-02-09
2012,2,9,7,38.0,2012-02-09
2012,2,9,8,77.0,2012-02-09
2012,2,9,9,84.0,2012-02-09
2012,2,9,10,84.0,2012-02-09
2012,2,9,11,63.0,2012-02-09
2012,2,9,12,52.0,2012-02-09
2012,2,9,13,40.0,2012-02-09
2012,2,9,14,36.0,2012-02-09
2012,2,9,15,37.0,2012-02-09
2012,2,9,16,45.0,2012-02-09
2012,2,9,17,51.0,2012-02-09
2012,2,9,18,55.0,2012-02-09
2012,2,9,19,66.0,2012-02-09
2012,2,9,20,64.0,2012-02-09
2012,2,9,21,56.0,2012-02-09
2012,2,9,22,57.0,2012-02-09
2012,2,9,23,21.0,2012-02-09
2012,2,10,0,6.0,2012-02-10
2012,2,10,1,4.0,2012-02-10
2012,2,10,2,6.0,2012-02-10
2012,2,10,3,8.0,2012-02-10
2012,2,10,4,7.0,2012-02-10
2012,2,10,5,9.0,2012-02-10
2012,2,10,6,11.0,2012-02-10
2012,2,10,7,13.0,2012-02-10
2012,2,10,8,21.0,2012-02-10
2012,2,10,9,29.0,2012-02-10
2012,2,10,10,19.0,2012-02-10
2012,2,10,11,36.0,2012-02-10
2012,2,10,12,23.0,2012-02-10
2012,2,10,13,23.0,2012-02-10
2012,2,10,14,18.0,2012-02-10
2012,2,10,15,19.0,2012-02-10
2012,2,10,16,27.0,2012-02-10
2012,2,10,17,36.0,2012-02-10
2012,2,10,18,23.0,2012-02-10
2012,2,10,19,34.0,2012-02-10
2012,2,10,20,46.0,2012-02-10
2012,2,10,21,54.0,2012-02-10
2012,2,10,22,63.0,2012-02-10
2012,2,10,23,82.0,2012-02-10
2012,2,11,0,74.0,2012-02-11
2012,2,11,1,95.0,2012-02-11
2012,2,11,2,102.0,2012-02-11
2012,2,11,3,114.0,2012-02-11
2012,2,11,4,121.0,2012-02-11
2012,2,11,5,117.0,2012-02-11
2012,2,11,6,112.0,2012-02-11
2012,2,11,7,123.0,2012-02-11
2012,2,11,8,126.0,2012-02-11
2012,2,11,9,129.0,2012-02-11
2012,2,11,10,121.0,2012-02-11
2012,2,11,11,111.0,2012-02-11
2012,2,11,12,73.0,2012-02-11
2012,2,11,13,49.0,2012-02-11
2012,2,11,14,40.0,2012-02-11
2012,2,11,15,39.0,2012-02-11
2012,2,11,16,40.0,2012-02-11
2012,2,11,17,34.0,2012-02-11
2012,2,11,18,29.0,2012-02-11
2012,2,11,19,44.0,2012-02-11
2012,2,11,20,74.0,2012-02-11
2012,2,11,21,87.0,2012-02-11
2012,2,11,22,106.0,2012-02-11
2012,2,11,23,147.0,2012-02-11
2012,2,12,0,175.0,2012-02-12
2012,2,12,1,107.0,2012-02-12
2012,2,12,2,99.0,2012-02-12
2012,2,12,3,86.0,2012-02-12
2012,2,12,4,74.0,2012-02-12
2012,2,12,5,78.0,2012-02-12
2012,2,12,6,75.0,2012-02-12
2012,2,12,7,70.0,2012-02-12
2012,2,12,8,70.0,2012-02-12
2012,2,12,9,77.0,2012-02-12
2012,2,12,10,90.0,2012-02-12
2012,2,12,11,113.0,2012-02-12
2012,2,12,12,97.0,2012-02-12
2012,2,12,13,111.0,2012-02-12
2012,2,12,14,104.0,2012-02-12
2012,2,12,15,106.0,2012-02-12
2012,2,12,16,105.0,2012-02-12
2012,2,12,17,105.0,2012-02-12
2012,2,12,18,112.0,2012-02-12
2012,2,12,19,120.0,2012-02-12
2012,2,12,20,134.0,2012-02-12
2012,2,12,21,143.0,2012-02-12
2012,2,12,22,157.0,2012-02-12
2012,2,12,23,149.0,2012-02-12
2012,2,13,0,170.0,2012-02-13
2012,2,13,1,183.0,2012-02-13
2012,2,13,2,175.0,2012-02-13
2012,2,13,3,154.0,2012-02-13
2012,2,13,4,145.0,2012-02-13
2012,2,13,5,144.0,2012-02-13
2012,2,13,6,163.0,2012-02-13
2012,2,13,7,172.0,2012-02-13
2012,2,13,8,170.0,2012-02-13
2012,2,13,9,182.0,2012-02-13
2012,2,13,10,138.0,2012-02-13
2012,2,13,11,149.0,2012-02-13
2012,2,13,12,163.0,2012-02-13
2012,2,13,13,165.0,2012-02-13
2012,2,13,14,192.0,2012-02-13
2012,2,13,15,226.0,2012-02-13
2012,2,13,16,221.0,2012-02-13
2012,2,13,17,224.0,2012-02-13
2012,2,13,18,228.0,2012-02-13
2012,2,13,19,254.0,2012-02-13
2012,2,13,20,288.0,2012-02-13
2012,2,13,21,295.0,2012-02-13
2012,2,13,22,332.0,2012-02-13
2012,2,13,23,352.0,2012-02-13
2012,2,14,0,376.0,2012-02-14
2012,2,14,1,380.0,2012-02-14
2012,2,14,2,327.0,2012-02-14
2012,2,14,3,306.0,2012-02-14
2012,2,14,4,248.0,2012-02-14
2012,2,14,5,235.0,2012-02-14
2012,2,14,6,236.0,2012-02-14
2012,2,14,7,151.0,2012-02-14
2012,2,14,8,14.0,2012-02-14
2012,2,14,9,13.0,2012-02-14
2012,2,14,10,16.0,2012-02-14
2012,2,14,11,16.0,2012-02-14
2012,2,14,12,15.0,2012-02-14
2012,2,14,13,22.0,2012-02-14
2012,2,14,14,25.0,2012-02-14
2012,2,14,15,26.0,2012-02-14
2012,2,14,16,23.0,2012-02-14
2012,2,14,17,24.0,2012-02-14
2012,2,14,18,25.0,2012-02-14
2012,2,14,19,22.0,2012-02-14
2012,2,14,20,38.0,2012-02-14
2012,2,14,21,57.0,2012-02-14
2012,2,14,22,41.0,2012-02-14
2012,2,14,23,71.0,2012-02-14
2012,2,15,0,80.0,2012-02-15
2012,2,15,1,129.0,2012-02-15
2012,2,15,2,149.0,2012-02-15
2012,2,15,3,132.0,2012-02-15
2012,2,15,4,97.0,2012-02-15
2012,2,15,5,83.0,2012-02-15
2012,2,15,6,78.0,2012-02-15
2012,2,15,7,92.0,2012-02-15
2012,2,15,8,95.0,2012-02-15
2012,2,15,9,92.0,2012-02-15
2012,2,15,10,87.0,2012-02-15
2012,2,15,11,96.0,2012-02-15
2012,2,15,12,113.0,2012-02-15
2012,2,15,13,138.0,2012-02-15
2012,2,15,14,167.0,2012-02-15
2012,2,15,15,134.0,2012-02-15
2012,2,15,16,112.0,2012-02-15
2012,2,15,17,118.0,2012-02-15
2012,2,15,18,114.0,2012-02-15
2012,2,15,19,126.0,2012-02-15
2012,2,15,20,133.0,2012-02-15
2012,2,15,21,145.0,2012-02-15
2012,2,15,22,163.0,2012-02-15
2012,2,15,23,16.0,2012-02-15
2012,2,16,0,4.0,2012-02-16
2012,2,16,1,5.0,2012-02-16
2012,2,16,2,8.0,2012-02-16
2012,2,16,3,12.0,2012-02-16
2012,2,16,4,11.0,2012-02-16
2012,2,16,5,10.0,2012-02-16
2012,2,16,6,11.0,2012-02-16
2012,2,16,7,9.0,2012-02-16
2012,2,16,8,12.0,2012-02-16
2012,2,16,9,17.0,2012-02-16
2012,2,16,10,15.0,2012-02-16
2012,2,16,11,24.0,2012-02-16
2012,2,16,12,17.0,2012-02-16
2012,2,16,13,11.0,2012-02-16
2012,2,16,14,15.0,2012-02-16
2012,2,16,15,18.0,2012-02-16
2012,2,16,16,18.0,2012-02-16
2012,2,16,17,16.0,2012-02-16
2012,2,16,18,14.0,2012-02-16
2012,2,16,19,16.0,2012-02-16
2012,2,16,20,13.0,2012-02-16
2012,2,16,21,15.0,2012-02-16
2012,2,16,22,15.0,2012-02-16
2012,2,16,23,20.0,2012-02-16
2012,2,17,0,7.0,2012-02-17
2012,2,17,1,8.0,2012-02-17
2012,2,17,2,9.0,2012-02-17
2012,2,17,3,11.0,2012-02-17
2012,2,17,4,12.0,2012-02-17
2012,2,17,5,11.0,2012-02-17
2012,2,17,6,9.0,2012-02-17
2012,2,17,7,10.0,2012-02-17
2012,2,17,8,16.0,2012-02-17
2012,2,17,9,17.0,2012-02-17
2012,2,17,10,15.0,2012-02-17
2012,2,17,11,18.0,2012-02-17
2012,2,17,12,19.0,2012-02-17
2012,2,17,13,26.0,2012-02-17
2012,2,17,14,16.0,2012-02-17
2012,2,17,15,24.0,2012-02-17
2012,2,17,16,15.0,2012-02-17
2012,2,17,17,13.0,2012-02-17
2012,2,17,18,9.0,2012-02-17
2012,2,17,19,8.0,2012-02-17
2012,2,17,20,11.0,2012-02-17
2012,2,17,21,10.0,2012-02-17
2012,2,17,22,18.0,2012-02-17
2012,2,17,23,18.0,2012-02-17
2012,2,18,0,14.0,2012-02-18
2012,2,18,1,16.0,2012-02-18
2012,2,18,2,12.0,2012-02-18
2012,2,18,3,9.0,2012-02-18
2012,2,18,4,8.0,2012-02-18
2012,2,18,5,10.0,2012-02-18
2012,2,18,6,8.0,2012-02-18
2012,2,18,7,17.0,2012-02-18
2012,2,18,8,17.0,2012-02-18
2012,2,18,9,30.0,2012-02-18
2012,2,18,10,27.0,2012-02-18
2012,2,18,11,23.0,2012-02-18
2012,2,18,12,27.0,2012-02-18
2012,2,18,13,19.0,2012-02-18
2012,2,18,14,26.0,2012-02-18
2012,2,18,15,45.0,2012-02-18
2012,2,18,16,40.0,2012-02-18
2012,2,18,17,52.0,2012-02-18
2012,2,18,18,50.0,2012-02-18
2012,2,18,19,53.0,2012-02-18
2012,2,18,20,52.0,2012-02-18
2012,2,18,21,59.0,2012-02-18
2012,2,18,22,74.0,2012-02-18
2012,2,18,23,90.0,2012-02-18
2012,2,19,0,109.0,2012-02-19
2012,2,19,1,105.0,2012-02-19
2012,2,19,2,98.0,2012-02-19
2012,2,19,3,91.0,2012-02-19
2012,2,19,4,99.0,2012-02-19
2012,2,19,5,98.0,2012-02-19
2012,2,19,6,91.0,2012-02-19
2012,2,19,7,87.0,2012-02-19
2012,2,19,8,84.0,2012-02-19
2012,2,19,9,89.0,2012-02-19
2012,2,19,10,87.0,2012-02-19
2012,2,19,11,80.0,2012-02-19
2012,2,19,12,73.0,2012-02-19
2012,2,19,13,52.0,2012-02-19
2012,2,19,14,38.0,2012-02-19
2012,2,19,15,33.0,2012-02-19
2012,2,19,16,33.0,2012-02-19
2012,2,19,17,25.0,2012-02-19
2012,2,19,18,32.0,2012-02-19
2012,2,19,19,41.0,2012-02-19
2012,2,19,20,52.0,2012-02-19
2012,2,19,21,64.0,2012-02-19
2012,2,19,22,64.0,2012-02-19
2012,2,19,23,56.0,2012-02-19
2012,2,20,0,65.0,2012-02-20
2012,2,20,1,81.0,2012-02-20
2012,2,20,2,113.0,2012-02-20
2012,2,20,3,163.0,2012-02-20
2012,2,20,4,162.0,2012-02-20
2012,2,20,5,152.0,2012-02-20
2012,2,20,6,129.0,2012-02-20
2012,2,20,7,105.0,2012-02-20
2012,2,20,8,99.0,2012-02-20
2012,2,20,9,94.0,2012-02-20
2012,2,20,10,85.0,2012-02-20
2012,2,20,11,110.0,2012-02-20
2012,2,20,12,139.0,2012-02-20
2012,2,20,13,139.0,2012-02-20
2012,2,20,14,127.0,2012-02-20
2012,2,20,15,129.0,2012-02-20
2012,2,20,16,135.0,2012-02-20
2012,2,20,17,145.0,2012-02-20
2012,2,20,18,184.0,2012-02-20
2012,2,20,19,236.0,2012-02-20
2012,2,20,20,254.0,2012-02-20
2012,2,20,21,260.0,2012-02-20
2012,2,20,22,216.0,2012-02-20
2012,2,20,23,160.0,2012-02-20
2012,2,21,0,93.0,2012-02-21
2012,2,21,1,75.0,2012-02-21
2012,2,21,2,73.0,2012-02-21
2012,2,21,3,68.0,2012-02-21
2012,2,21,4,69.0,2012-02-21
2012,2,21,5,82.0,2012-02-21
2012,2,21,6,83.0,2012-02-21
2012,2,21,7,99.0,2012-02-21
2012,2,21,8,117.0,2012-02-21
2012,2,21,9,125.0,2012-02-21
2012,2,21,10,95.0,2012-02-21
2012,2,21,11,103.0,2012-02-21
2012,2,21,12,123.0,2012-02-21
2012,2,21,13,117.0,2012-02-21
2012,2,21,14,140.0,2012-02-21
2012,2,21,15,151.0,2012-02-21
2012,2,21,16,143.0,2012-02-21
2012,2,21,17,148.0,2012-02-21
2012,2,21,18,162.0,2012-02-21
2012,2,21,19,134.0,2012-02-21
2012,2,21,20,138.0,2012-02-21
2012,2,21,21,155.0,2012-02-21
2012,2,21,22,172.0,2012-02-21
2012,2,21,23,151.0,2012-02-21
2012,2,22,0,141.0,2012-02-22
2012,2,22,1,153.0,2012-02-22
2012,2,22,2,141.0,2012-02-22
2012,2,22,3,158.0,2012-02-22
2012,2,22,4,153.0,2012-02-22
2012,2,22,5,164.0,2012-02-22
2012,2,22,6,173.0,2012-02-22
2012,2,22,7,174.0,2012-02-22
2012,2,22,8,183.0,2012-02-22
2012,2,22,9,178.0,2012-02-22
2012,2,22,10,193.0,2012-02-22
2012,2,22,11,203.0,2012-02-22
2012,2,22,12,206.0,2012-02-22
2012,2,22,13,203.0,2012-02-22
2012,2,22,14,208.0,2012-02-22
2012,2,22,15,219.0,2012-02-22
2012,2,22,16,235.0,2012-02-22
2012,2,22,17,240.0,2012-02-22
2012,2,22,18,241.0,2012-02-22
2012,2,22,19,248.0,2012-02-22
2012,2,22,20,154.0,2012-02-22
2012,2,22,21,25.0,2012-02-22
2012,2,22,22,16.0,2012-02-22
2012,2,22,23,18.0,2012-02-22
2012,2,23,0,16.0,2012-02-23
2012,2,23,1,11.0,2012-02-23
2012,2,23,2,11.0,2012-02-23
2012,2,23,3,16.0,2012-02-23
2012,2,23,4,8.0,2012-02-23
2012,2,23,5,9.0,2012-02-23
2012,2,23,6,11.0,2012-02-23
2012,2,23,7,14.0,2012-02-23
2012,2,23,8,16.0,2012-02-23
2012,2,23,9,15.0,2012-02-23
2012,2,23,10,20.0,2012-02-23
2012,2,23,11,20.0,2012-02-23
2012,2,23,12,18.0,2012-02-23
2012,2,23,13,15.0,2012-02-23
2012,2,23,14,19.0,2012-02-23
2012,2,23,15,20.0,2012-02-23
2012,2,23,16,20.0,2012-02-23
2012,2,23,17,18.0,2012-02-23
2012,2,23,18,18.0,2012-02-23
2012,2,23,19,27.0,2012-02-23
2012,2,23,20,33.0,2012-02-23
2012,2,23,21,57.0,2012-02-23
2012,2,23,22,70.0,2012-02-23
2012,2,23,23,81.0,2012-02-23
2012,2,24,0,84.0,2012-02-24
2012,2,24,1,78.0,2012-02-24
2012,2,24,2,74.0,2012-02-24
2012,2,24,3,79.0,2012-02-24
2012,2,24,4,99.0,2012-02-24
2012,2,24,5,99.0,2012-02-24
2012,2,24,6,108.0,2012-02-24
2012,2,24,7,103.0,2012-02-24
2012,2,24,8,98.0,2012-02-24
2012,2,24,9,98.0,2012-02-24
2012,2,24,10,102.0,2012-02-24
2012,2,24,11,125.0,2012-02-24
2012,2,24,12,126.0,2012-02-24
2012,2,24,13,122.0,2012-02-24
2012,2,24,14,129.0,2012-02-24
2012,2,24,15,119.0,2012-02-24
2012,2,24,16,134.0,2012-02-24
2012,2,24,17,142.0,2012-02-24
2012,2,24,18,153.0,2012-02-24
2012,2,24,19,149.0,2012-02-24
2012,2,24,20,48.0,2012-02-24
2012,2,24,21,11.0,2012-02-24
2012,2,24,22,15.0,2012-02-24
2012,2,24,23,10.0,2012-02-24
2012,2,25,0,9.0,2012-02-25
2012,2,25,1,10.0,2012-02-25
2012,2,25,2,10.0,2012-02-25
2012,2,25,3,6.0,2012-02-25
2012,2,25,4,17.0,2012-02-25
2012,2,25,5,19.0,2012-02-25
2012,2,25,6,13.0,2012-02-25
2012,2,25,7,16.0,2012-02-25
2012,2,25,8,14.0,2012-02-25
2012,2,25,9,21.0,2012-02-25
2012,2,25,10,21.0,2012-02-25
2012,2,25,11,21.0,2012-02-25
2012,2,25,12,14.0,2012-02-25
2012,2,25,13,21.0,2012-02-25
2012,2,25,14,25.0,2012-02-25
2012,2,25,15,18.0,2012-02-25
2012,2,25,16,20.0,2012-02-25
2012,2,25,17,25.0,2012-02-25
2012,2,25,18,30.0,2012-02-25
2012,2,25,19,42.0,2012-02-25
2012,2,25,20,41.0,2012-02-25
2012,2,25,21,36.0,2012-02-25
2012,2,25,22,44.0,2012-02-25
2012,2,25,23,49.0,2012-02-25
2012,2,26,0,62.0,2012-02-26
2012,2,26,1,70.0,2012-02-26
2012,2,26,2,78.0,2012-02-26
2012,2,26,3,108.0,2012-02-26
2012,2,26,4,139.0,2012-02-26
2012,2,26,5,73.0,2012-02-26
2012,2,26,6,34.0,2012-02-26
2012,2,26,7,29.0,2012-02-26
2012,2,26,8,35.0,2012-02-26
2012,2,26,9,37.0,2012-02-26
2012,2,26,10,46.0,2012-02-26
2012,2,26,11,30.0,2012-02-26
2012,2,26,12,24.0,2012-02-26
2012,2,26,13,25.0,2012-02-26
2012,2,26,14,22.0,2012-02-26
2012,2,26,15,33.0,2012-02-26
2012,2,26,16,41.0,2012-02-26
2012,2,26,17,47.0,2012-02-26
2012,2,26,18,46.0,2012-02-26
2012,2,26,19,42.0,2012-02-26
2012,2,26,20,59.0,2012-02-26
2012,2,26,21,83.0,2012-02-26
2012,2,26,22,111.0,2012-02-26
2012,2,26,23,140.0,2012-02-26
2012,2,27,0,139.0,2012-02-27
2012,2,27,1,161.0,2012-02-27
2012,2,27,2,153.0,2012-02-27
2012,2,27,3,133.0,2012-02-27
2012,2,27,4,127.0,2012-02-27
2012,2,27,5,134.0,2012-02-27
2012,2,27,6,155.0,2012-02-27
2012,2,27,7,172.0,2012-02-27
2012,2,27,8,191.0,2012-02-27
2012,2,27,9,201.0,2012-02-27
2012,2,27,10,216.0,2012-02-27
2012,2,27,11,233.0,2012-02-27
2012,2,27,12,228.0,2012-02-27
2012,2,27,13,230.0,2012-02-27
2012,2,27,14,212.0,2012-02-27
2012,2,27,15,188.0,2012-02-27
2012,2,27,16,193.0,2012-02-27
2012,2,27,17,173.0,2012-02-27
2012,2,27,18,176.0,2012-02-27
2012,2,27,19,179.0,2012-02-27
2012,2,27,20,190.0,2012-02-27
2012,2,27,21,211.0,2012-02-27
2012,2,27,22,278.0,2012-02-27
2012,2,27,23,286.0,2012-02-27
2012,2,28,0,267.0,2012-02-28
2012,2,28,1,278.0,2012-02-28
2012,2,28,2,290.0,2012-02-28
2012,2,28,3,287.0,2012-02-28
2012,2,28,4,276.0,2012-02-28
2012,2,28,5,274.0,2012-02-28
2012,2,28,6,264.0,2012-02-28
2012,2,28,7,245.0,2012-02-28
2012,2,28,8,259.0,2012-02-28
2012,2,28,9,264.0,2012-02-28
2012,2,28,10,299.0,2012-02-28
2012,2,28,11,308.0,2012-02-28
2012,2,28,12,281.0,2012-02-28
2012,2,28,13,192.0,2012-02-28
2012,2,28,14,154.0,2012-02-28
2012,2,28,15,140.0,2012-02-28
2012,2,28,16,112.0,2012-02-28
2012,2,28,17,101.0,2012-02-28
2012,2,28,18,99.0,2012-02-28
2012,2,28,19,106.0,2012-02-28
2012,2,28,20,109.0,2012-02-28
2012,2,28,21,111.0,2012-02-28
2012,2,28,22,129.0,2012-02-28
2012,2,28,23,161.0,2012-02-28
2012,2,29,0,175.0,2012-02-29
2012,2,29,1,173.0,2012-02-29
2012,2,29,2,185.0,2012-02-29
2012,2,29,3,190.0,2012-02-29
2012,2,29,4,202.0,2012-02-29
2012,2,29,5,200.0,2012-02-29
2012,2,29,6,190.0,2012-02-29
2012,2,29,7,184.0,2012-02-29
2012,2,29,8,193.0,2012-02-29
2012,2,29,9,176.0,2012-02-29
2012,2,29,10,183.57142857142858,2012-02-29
2012,2,29,11,191.14285714285714,2012-02-29
2012,2,29,12,198.71428571428572,2012-02-29
2012,2,29,13,206.28571428571428,2012-02-29
2012,2,29,14,213.85714285714286,2012-02-29
2012,2,29,15,221.42857142857144,2012-02-29
2012,2,29,16,229.0,2012-02-29
2012,2,29,17,203.0,2012-02-29
2012,2,29,18,214.0,2012-02-29
2012,2,29,19,253.0,2012-02-29
2012,2,29,20,285.0,2012-02-29
2012,2,29,21,286.0,2012-02-29
2012,2,29,22,318.0,2012-02-29
2012,2,29,23,324.0,2012-02-29
2012,3,1,0,322.0,2012-03-01
2012,3,1,1,293.0,2012-03-01
2012,3,1,2,290.0,2012-03-01
2012,3,1,3,270.0,2012-03-01
2012,3,1,4,249.0,2012-03-01
2012,3,1,5,230.0,2012-03-01
2012,3,1,6,227.0,2012-03-01
2012,3,1,7,220.0,2012-03-01
2012,3,1,8,222.0,2012-03-01
2012,3,1,9,209.0,2012-03-01
2012,3,1,10,231.0,2012-03-01
2012,3,1,11,262.0,2012-03-01
2012,3,1,12,326.0,2012-03-01
2012,3,1,13,347.0,2012-03-01
2012,3,1,14,314.0,2012-03-01
2012,3,1,15,268.0,2012-03-01
2012,3,1,16,203.0,2012-03-01
2012,3,1,17,192.0,2012-03-01
2012,3,1,18,200.0,2012-03-01
2012,3,1,19,208.0,2012-03-01
2012,3,1,20,213.0,2012-03-01
2012,3,1,21,235.0,2012-03-01
2012,3,1,22,267.0,2012-03-01
2012,3,1,23,278.0,2012-03-01
2012,3,2,0,269.0,2012-03-02
2012,3,2,1,165.0,2012-03-02
2012,3,2,2,154.0,2012-03-02
2012,3,2,3,112.0,2012-03-02
2012,3,2,4,126.0,2012-03-02
2012,3,2,5,113.0,2012-03-02
2012,3,2,6,119.0,2012-03-02
2012,3,2,7,132.0,2012-03-02
2012,3,2,8,136.0,2012-03-02
2012,3,2,9,121.0,2012-03-02
2012,3,2,10,111.0,2012-03-02
2012,3,2,11,120.0,2012-03-02
2012,3,2,12,121.0,2012-03-02
2012,3,2,13,110.0,2012-03-02
2012,3,2,14,110.0,2012-03-02
2012,3,2,15,113.0,2012-03-02
2012,3,2,16,110.0,2012-03-02
2012,3,2,17,110.0,2012-03-02
2012,3,2,18,100.0,2012-03-02
2012,3,2,19,83.0,2012-03-02
2012,3,2,20,75.0,2012-03-02
2012,3,2,21,132.0,2012-03-02
2012,3,2,22,159.0,2012-03-02
2012,3,2,23,151.0,2012-03-02
2012,3,3,0,130.0,2012-03-03
2012,3,3,1,93.0,2012-03-03
2012,3,3,2,79.0,2012-03-03
2012,3,3,3,79.0,2012-03-03
2012,3,3,4,66.0,2012-03-03
2012,3,3,5,77.0,2012-03-03
2012,3,3,6,73.0,2012-03-03
2012,3,3,7,72.0,2012-03-03
2012,3,3,8,76.0,2012-03-03
2012,3,3,9,101.0,2012-03-03
2012,3,3,10,91.0,2012-03-03
2012,3,3,11,81.0,2012-03-03
2012,3,3,12,91.0,2012-03-03
2012,3,3,13,98.0,2012-03-03
2012,3,3,14,96.0,2012-03-03
2012,3,3,15,94.0,2012-03-03
2012,3,3,16,108.0,2012-03-03
2012,3,3,17,107.0,2012-03-03
2012,3,3,18,108.0,2012-03-03
2012,3,3,19,117.0,2012-03-03
2012,3,3,20,98.0,2012-03-03
2012,3,3,21,112.0,2012-03-03
2012,3,3,22,104.0,2012-03-03
2012,3,3,23,106.0,2012-03-03
2012,3,4,0,108.0,2012-03-04
2012,3,4,1,107.0,2012-03-04
2012,3,4,2,106.0,2012-03-04
2012,3,4,3,113.0,2012-03-04
2012,3,4,4,131.0,2012-03-04
2012,3,4,5,170.0,2012-03-04
2012,3,4,6,132.0,2012-03-04
2012,3,4,7,122.0,2012-03-04
2012,3,4,8,127.0,2012-03-04
2012,3,4,9,114.0,2012-03-04
2012,3,4,10,121.0,2012-03-04
2012,3,4,11,149.0,2012-03-04
2012,3,4,12,149.0,2012-03-04
2012,3,4,13,143.0,2012-03-04
2012,3,4,14,142.0,2012-03-04
2012,3,4,15,124.0,2012-03-04
2012,3,4,16,93.0,2012-03-04
2012,3,4,17,104.0,2012-03-04
2012,3,4,18,104.0,2012-03-04
2012,3,4,19,97.0,2012-03-04
2012,3,4,20,111.0,2012-03-04
2012,3,4,21,143.0,2012-03-04
2012,3,4,22,170.0,2012-03-04
2012,3,4,23,189.0,2012-03-04
2012,3,5,0,201.0,2012-03-05
2012,3,5,1,200.0,2012-03-05
2012,3,5,2,220.0,2012-03-05
2012,3,5,3,229.0,2012-03-05
2012,3,5,4,213.0,2012-03-05
2012,3,5,5,172.0,2012-03-05
2012,3,5,6,183.0,2012-03-05
2012,3,5,7,179.0,2012-03-05
2012,3,5,8,181.0,2012-03-05
2012,3,5,9,182.0,2012-03-05
2012,3,5,10,185.0,2012-03-05
2012,3,5,11,176.0,2012-03-05
2012,3,5,12,176.0,2012-03-05
2012,3,5,13,166.0,2012-03-05
2012,3,5,14,145.0,2012-03-05
2012,3,5,15,130.0,2012-03-05
2012,3,5,16,137.0,2012-03-05
2012,3,5,17,148.0,2012-03-05
2012,3,5,18,154.0,2012-03-05
2012,3,5,19,150.0,2012-03-05
2012,3,5,20,162.0,2012-03-05
2012,3,5,21,177.0,2012-03-05
2012,3,5,22,180.0,2012-03-05
2012,3,5,23,97.0,2012-03-05
2012,3,6,0,28.0,2012-03-06
2012,3,6,1,24.0,2012-03-06
2012,3,6,2,19.0,2012-03-06
2012,3,6,3,20.0,2012-03-06
2012,3,6,4,13.0,2012-03-06
2012,3,6,5,12.0,2012-03-06
2012,3,6,6,12.0,2012-03-06
2012,3,6,7,16.0,2012-03-06
2012,3,6,8,15.0,2012-03-06
2012,3,6,9,20.0,2012-03-06
2012,3,6,10,27.0,2012-03-06
2012,3,6,11,17.0,2012-03-06
2012,3,6,12,13.0,2012-03-06
2012,3,6,13,17.0,2012-03-06
2012,3,6,14,13.0,2012-03-06
2012,3,6,15,14.0,2012-03-06
2012,3,6,16,18.0,2012-03-06
2012,3,6,17,14.0,2012-03-06
2012,3,6,18,13.0,2012-03-06
2012,3,6,19,18.0,2012-03-06
2012,3,6,20,40.0,2012-03-06
2012,3,6,21,42.0,2012-03-06
2012,3,6,22,35.0,2012-03-06
2012,3,6,23,50.0,2012-03-06
2012,3,7,0,47.0,2012-03-07
2012,3,7,1,33.0,2012-03-07
2012,3,7,2,34.0,2012-03-07
2012,3,7,3,38.0,2012-03-07
2012,3,7,4,26.0,2012-03-07
2012,3,7,5,14.0,2012-03-07
2012,3,7,6,14.0,2012-03-07
2012,3,7,7,11.0,2012-03-07
2012,3,7,8,10.0,2012-03-07
2012,3,7,9,21.0,2012-03-07
2012,3,7,10,18.0,2012-03-07
2012,3,7,11,17.0,2012-03-07
2012,3,7,12,19.0,2012-03-07
2012,3,7,13,20.0,2012-03-07
2012,3,7,14,21.5,2012-03-07
2012,3,7,15,23.0,2012-03-07
2012,3,7,16,17.0,2012-03-07
2012,3,7,17,18.0,2012-03-07
2012,3,7,18,16.0,2012-03-07
2012,3,7,19,14.0,2012-03-07
2012,3,7,20,14.0,2012-03-07
2012,3,7,21,13.0,2012-03-07
2012,3,7,22,12.0,2012-03-07
2012,3,7,23,11.0,2012-03-07
2012,3,8,0,12.0,2012-03-08
2012,3,8,1,13.0,2012-03-08
2012,3,8,2,11.0,2012-03-08
2012,3,8,3,12.0,2012-03-08
2012,3,8,4,11.0,2012-03-08
2012,3,8,5,12.0,2012-03-08
2012,3,8,6,14.0,2012-03-08
2012,3,8,7,13.0,2012-03-08
2012,3,8,8,13.0,2012-03-08
2012,3,8,9,16.0,2012-03-08
2012,3,8,10,21.0,2012-03-08
2012,3,8,11,20.0,2012-03-08
2012,3,8,12,18.0,2012-03-08
2012,3,8,13,18.0,2012-03-08
2012,3,8,14,19.0,2012-03-08
2012,3,8,15,12.0,2012-03-08
2012,3,8,16,19.0,2012-03-08
2012,3,8,17,16.0,2012-03-08
2012,3,8,18,17.0,2012-03-08
2012,3,8,19,17.0,2012-03-08
2012,3,8,20,18.0,2012-03-08
2012,3,8,21,31.0,2012-03-08
2012,3,8,22,37.0,2012-03-08
2012,3,8,23,26.0,2012-03-08
2012,3,9,0,18.0,2012-03-09
2012,3,9,1,73.0,2012-03-09
2012,3,9,2,102.0,2012-03-09
2012,3,9,3,112.0,2012-03-09
2012,3,9,4,93.0,2012-03-09
2012,3,9,5,89.0,2012-03-09
2012,3,9,6,93.0,2012-03-09
2012,3,9,7,120.0,2012-03-09
2012,3,9,8,119.0,2012-03-09
2012,3,9,9,112.0,2012-03-09
2012,3,9,10,127.0,2012-03-09
2012,3,9,11,133.0,2012-03-09
2012,3,9,12,140.0,2012-03-09
2012,3,9,13,112.0,2012-03-09
2012,3,9,14,82.0,2012-03-09
2012,3,9,15,73.0,2012-03-09
2012,3,9,16,77.0,2012-03-09
2012,3,9,17,73.0,2012-03-09
2012,3,9,18,68.0,2012-03-09
2012,3,9,19,67.0,2012-03-09
2012,3,9,20,69.0,2012-03-09
2012,3,9,21,67.0,2012-03-09
2012,3,9,22,67.0,2012-03-09
2012,3,9,23,77.0,2012-03-09
2012,3,10,0,89.0,2012-03-10
2012,3,10,1,90.0,2012-03-10
2012,3,10,2,93.0,2012-03-10
2012,3,10,3,103.0,2012-03-10
2012,3,10,4,89.0,2012-03-10
2012,3,10,5,93.0,2012-03-10
2012,3,10,6,85.0,2012-03-10
2012,3,10,7,32.0,2012-03-10
2012,3,10,8,28.0,2012-03-10
2012,3,10,9,26.0,2012-03-10
2012,3,10,10,24.0,2012-03-10
2012,3,10,11,18.0,2012-03-10
2012,3,10,12,21.0,2012-03-10
2012,3,10,13,27.0,2012-03-10
2012,3,10,14,22.0,2012-03-10
2012,3,10,15,20.0,2012-03-10
2012,3,10,16,14.0,2012-03-10
2012,3,10,17,20.0,2012-03-10
2012,3,10,18,10.0,2012-03-10
2012,3,10,19,10.0,2012-03-10
2012,3,10,20,9.0,2012-03-10
2012,3,10,21,7.0,2012-03-10
2012,3,10,22,7.0,2012-03-10
2012,3,10,23,5.0,2012-03-10
2012,3,11,0,4.0,2012-03-11
2012,3,11,1,7.0,2012-03-11
2012,3,11,2,6.0,2012-03-11
2012,3,11,3,7.0,2012-03-11
2012,3,11,4,17.0,2012-03-11
2012,3,11,5,12.0,2012-03-11
2012,3,11,6,11.0,2012-03-11
2012,3,11,7,18.0,2012-03-11
2012,3,11,8,12.0,2012-03-11
2012,3,11,9,29.0,2012-03-11
2012,3,11,10,18.0,2012-03-11
2012,3,11,11,18.0,2012-03-11
2012,3,11,12,13.0,2012-03-11
2012,3,11,13,14.0,2012-03-11
2012,3,11,14,16.0,2012-03-11
2012,3,11,15,17.0,2012-03-11
2012,3,11,16,20.0,2012-03-11
2012,3,11,17,18.0,2012-03-11
2012,3,11,18,26.0,2012-03-11
2012,3,11,19,30.0,2012-03-11
2012,3,11,20,30.0,2012-03-11
2012,3,11,21,45.0,2012-03-11
2012,3,11,22,50.0,2012-03-11
2012,3,11,23,64.0,2012-03-11
2012,3,12,0,72.0,2012-03-12
2012,3,12,1,77.0,2012-03-12
2012,3,12,2,84.0,2012-03-12
2012,3,12,3,81.0,2012-03-12
2012,3,12,4,86.0,2012-03-12
2012,3,12,5,78.0,2012-03-12
2012,3,12,6,79.0,2012-03-12
2012,3,12,7,69.0,2012-03-12
2012,3,12,8,95.0,2012-03-12
2012,3,12,9,49.0,2012-03-12
2012,3,12,10,46.0,2012-03-12
2012,3,12,11,47.0,2012-03-12
2012,3,12,12,28.0,2012-03-12
2012,3,12,13,33.0,2012-03-12
2012,3,12,14,41.0,2012-03-12
2012,3,12,15,79.0,2012-03-12
2012,3,12,16,64.0,2012-03-12
2012,3,12,17,78.0,2012-03-12
2012,3,12,18,86.0,2012-03-12
2012,3,12,19,81.0,2012-03-12
2012,3,12,20,83.0,2012-03-12
2012,3,12,21,89.0,2012-03-12
2012,3,12,22,96.0,2012-03-12
2012,3,12,23,106.0,2012-03-12
2012,3,13,0,106.0,2012-03-13
2012,3,13,1,111.0,2012-03-13
2012,3,13,2,123.0,2012-03-13
2012,3,13,3,135.0,2012-03-13
2012,3,13,4,142.0,2012-03-13
2012,3,13,5,175.0,2012-03-13
2012,3,13,6,175.0,2012-03-13
2012,3,13,7,172.0,2012-03-13
2012,3,13,8,180.0,2012-03-13
2012,3,13,9,156.0,2012-03-13
2012,3,13,10,160.0,2012-03-13
2012,3,13,11,157.0,2012-03-13
2012,3,13,12,170.0,2012-03-13
2012,3,13,13,147.0,2012-03-13
2012,3,13,14,127.0,2012-03-13
2012,3,13,15,96.0,2012-03-13
2012,3,13,16,75.0,2012-03-13
2012,3,13,17,68.0,2012-03-13
2012,3,13,18,63.0,2012-03-13
2012,3,13,19,62.0,2012-03-13
2012,3,13,20,81.0,2012-03-13
2012,3,13,21,75.0,2012-03-13
2012,3,13,22,26.0,2012-03-13
2012,3,13,23,13.0,2012-03-13
2012,3,14,0,10.0,2012-03-14
2012,3,14,1,8.0,2012-03-14
2012,3,14,2,12.0,2012-03-14
2012,3,14,3,11.0,2012-03-14
2012,3,14,4,9.0,2012-03-14
2012,3,14,5,7.0,2012-03-14
2012,3,14,6,7.0,2012-03-14
2012,3,14,7,9.0,2012-03-14
2012,3,14,8,17.0,2012-03-14
2012,3,14,9,26.0,2012-03-14
2012,3,14,10,24.0,2012-03-14
2012,3,14,11,15.0,2012-03-14
2012,3,14,12,19.0,2012-03-14
2012,3,14,13,16.0,2012-03-14
2012,3,14,14,26.0,2012-03-14
2012,3,14,15,23.0,2012-03-14
2012,3,14,16,50.0,2012-03-14
2012,3,14,17,77.0,2012-03-14
2012,3,14,18,52.0,2012-03-14
2012,3,14,19,70.0,2012-03-14
2012,3,14,20,72.0,2012-03-14
2012,3,14,21,65.0,2012-03-14
2012,3,14,22,59.0,2012-03-14
2012,3,14,23,55.0,2012-03-14
2012,3,15,0,71.0,2012-03-15
2012,3,15,1,62.0,2012-03-15
2012,3,15,2,68.0,2012-03-15
2012,3,15,3,54.0,2012-03-15
2012,3,15,4,46.0,2012-03-15
2012,3,15,5,54.0,2012-03-15
2012,3,15,6,59.0,2012-03-15
2012,3,15,7,60.0,2012-03-15
2012,3,15,8,89.0,2012-03-15
2012,3,15,9,65.0,2012-03-15
2012,3,15,10,75.0,2012-03-15
2012,3,15,11,76.0,2012-03-15
2012,3,15,12,85.0,2012-03-15
2012,3,15,13,84.0,2012-03-15
2012,3,15,14,74.0,2012-03-15
2012,3,15,15,68.0,2012-03-15
2012,3,15,16,114.0,2012-03-15
2012,3,15,17,137.0,2012-03-15
2012,3,15,18,135.0,2012-03-15
2012,3,15,19,148.0,2012-03-15
2012,3,15,20,165.0,2012-03-15
2012,3,15,21,170.0,2012-03-15
2012,3,15,22,183.0,2012-03-15
2012,3,15,23,176.0,2012-03-15
2012,3,16,0,180.0,2012-03-16
2012,3,16,1,187.0,2012-03-16
2012,3,16,2,180.0,2012-03-16
2012,3,16,3,181.0,2012-03-16
2012,3,16,4,183.0,2012-03-16
2012,3,16,5,186.0,2012-03-16
2012,3,16,6,196.0,2012-03-16
2012,3,16,7,222.0,2012-03-16
2012,3,16,8,232.0,2012-03-16
2012,3,16,9,263.0,2012-03-16
2012,3,16,10,286.0,2012-03-16
2012,3,16,11,293.0,2012-03-16
2012,3,16,12,328.0,2012-03-16
2012,3,16,13,335.0,2012-03-16
2012,3,16,14,345.0,2012-03-16
2012,3,16,15,360.0,2012-03-16
2012,3,16,16,320.0,2012-03-16
2012,3,16,17,272.0,2012-03-16
2012,3,16,18,315.0,2012-03-16
2012,3,16,19,318.0,2012-03-16
2012,3,16,20,346.0,2012-03-16
2012,3,16,21,334.0,2012-03-16
2012,3,16,22,302.0,2012-03-16
2012,3,16,23,310.0,2012-03-16
2012,3,17,0,280.0,2012-03-17
2012,3,17,1,250.0,2012-03-17
2012,3,17,2,283.0,2012-03-17
2012,3,17,3,268.0,2012-03-17
2012,3,17,4,214.0,2012-03-17
2012,3,17,5,201.0,2012-03-17
2012,3,17,6,210.0,2012-03-17
2012,3,17,7,185.0,2012-03-17
2012,3,17,8,188.0,2012-03-17
2012,3,17,9,175.0,2012-03-17
2012,3,17,10,182.0,2012-03-17
2012,3,17,11,191.0,2012-03-17
2012,3,17,12,173.0,2012-03-17
2012,3,17,13,184.0,2012-03-17
2012,3,17,14,182.0,2012-03-17
2012,3,17,15,181.0,2012-03-17
2012,3,17,16,195.0,2012-03-17
2012,3,17,17,245.0,2012-03-17
2012,3,17,18,204.0,2012-03-17
2012,3,17,19,211.0,2012-03-17
2012,3,17,20,219.0,2012-03-17
2012,3,17,21,185.0,2012-03-17
2012,3,17,22,137.0,2012-03-17
2012,3,17,23,120.0,2012-03-17
2012,3,18,0,113.0,2012-03-18
2012,3,18,1,107.0,2012-03-18
2012,3,18,2,30.0,2012-03-18
2012,3,18,3,21.0,2012-03-18
2012,3,18,4,18.0,2012-03-18
2012,3,18,5,25.0,2012-03-18
2012,3,18,6,21.0,2012-03-18
2012,3,18,7,17.0,2012-03-18
2012,3,18,8,17.0,2012-03-18
2012,3,18,9,16.0,2012-03-18
2012,3,18,10,15.0,2012-03-18
2012,3,18,11,15.0,2012-03-18
2012,3,18,12,21.0,2012-03-18
2012,3,18,13,26.0,2012-03-18
2012,3,18,14,26.0,2012-03-18
2012,3,18,15,39.0,2012-03-18
2012,3,18,16,43.0,2012-03-18
2012,3,18,17,39.0,2012-03-18
2012,3,18,18,65.0,2012-03-18
2012,3,18,19,76.0,2012-03-18
2012,3,18,20,80.0,2012-03-18
2012,3,18,21,86.0,2012-03-18
2012,3,18,22,74.0,2012-03-18
2012,3,18,23,68.0,2012-03-18
2012,3,19,0,69.0,2012-03-19
2012,3,19,1,64.0,2012-03-19
2012,3,19,2,69.0,2012-03-19
2012,3,19,3,75.0,2012-03-19
2012,3,19,4,87.0,2012-03-19
2012,3,19,5,100.0,2012-03-19
2012,3,19,6,97.0,2012-03-19
2012,3,19,7,102.0,2012-03-19
2012,3,19,8,76.0,2012-03-19
2012,3,19,9,66.0,2012-03-19
2012,3,19,10,86.0,2012-03-19
2012,3,19,11,114.0,2012-03-19
2012,3,19,12,150.0,2012-03-19
2012,3,19,13,143.0,2012-03-19
2012,3,19,14,154.0,2012-03-19
2012,3,19,15,128.0,2012-03-19
2012,3,19,16,114.0,2012-03-19
2012,3,19,17,101.0,2012-03-19
2012,3,19,18,91.0,2012-03-19
2012,3,19,19,100.0,2012-03-19
2012,3,19,20,100.0,2012-03-19
2012,3,19,21,100.0,2012-03-19
2012,3,19,22,95.0,2012-03-19
2012,3,19,23,106.0,2012-03-19
2012,3,20,0,125.0,2012-03-20
2012,3,20,1,137.0,2012-03-20
2012,3,20,2,134.0,2012-03-20
2012,3,20,3,142.0,2012-03-20
2012,3,20,4,172.0,2012-03-20
2012,3,20,5,166.0,2012-03-20
2012,3,20,6,164.0,2012-03-20
2012,3,20,7,162.0,2012-03-20
2012,3,20,8,159.0,2012-03-20
2012,3,20,9,155.0,2012-03-20
2012,3,20,10,166.0,2012-03-20
2012,3,20,11,158.0,2012-03-20
2012,3,20,12,107.0,2012-03-20
2012,3,20,13,101.0,2012-03-20
2012,3,20,14,129.0,2012-03-20
2012,3,20,15,143.0,2012-03-20
2012,3,20,16,104.0,2012-03-20
2012,3,20,17,90.0,2012-03-20
2012,3,20,18,79.0,2012-03-20
2012,3,20,19,82.0,2012-03-20
2012,3,20,20,94.0,2012-03-20
2012,3,20,21,126.0,2012-03-20
2012,3,20,22,133.0,2012-03-20
2012,3,20,23,163.0,2012-03-20
2012,3,21,0,187.0,2012-03-21
2012,3,21,1,202.0,2012-03-21
2012,3,21,2,201.0,2012-03-21
2012,3,21,3,188.0,2012-03-21
2012,3,21,4,193.0,2012-03-21
2012,3,21,5,180.0,2012-03-21
2012,3,21,6,193.0,2012-03-21
2012,3,21,7,217.0,2012-03-21
2012,3,21,8,252.0,2012-03-21
2012,3,21,9,252.0,2012-03-21
2012,3,21,10,262.0,2012-03-21
2012,3,21,11,280.0,2012-03-21
2012,3,21,12,308.0,2012-03-21
2012,3,21,13,327.0,2012-03-21
2012,3,21,14,336.0,2012-03-21
2012,3,21,15,259.0,2012-03-21
2012,3,21,16,241.0,2012-03-21
2012,3,21,17,338.0,2012-03-21
2012,3,21,18,338.0,2012-03-21
2012,3,21,19,347.0,2012-03-21
2012,3,21,20,355.0,2012-03-21
2012,3,21,21,356.0,2012-03-21
2012,3,21,22,393.0,2012-03-21
2012,3,21,23,398.0,2012-03-21
2012,3,22,0,407.0,2012-03-22
2012,3,22,1,378.0,2012-03-22
2012,3,22,2,246.0,2012-03-22
2012,3,22,3,260.0,2012-03-22
2012,3,22,4,354.0,2012-03-22
2012,3,22,5,269.0,2012-03-22
2012,3,22,6,306.0,2012-03-22
2012,3,22,7,306.0,2012-03-22
2012,3,22,8,282.0,2012-03-22
2012,3,22,9,212.0,2012-03-22
2012,3,22,10,116.0,2012-03-22
2012,3,22,11,107.0,2012-03-22
2012,3,22,12,94.0,2012-03-22
2012,3,22,13,77.0,2012-03-22
2012,3,22,14,78.0,2012-03-22
2012,3,22,15,64.0,2012-03-22
2012,3,22,16,69.0,2012-03-22
2012,3,22,17,107.0,2012-03-22
2012,3,22,18,106.0,2012-03-22
2012,3,22,19,91.0,2012-03-22
2012,3,22,20,71.0,2012-03-22
2012,3,22,21,57.0,2012-03-22
2012,3,22,22,50.0,2012-03-22
2012,3,22,23,39.0,2012-03-22
2012,3,23,0,37.0,2012-03-23
2012,3,23,1,41.0,2012-03-23
2012,3,23,2,37.0,2012-03-23
2012,3,23,3,40.0,2012-03-23
2012,3,23,4,50.0,2012-03-23
2012,3,23,5,54.0,2012-03-23
2012,3,23,6,56.0,2012-03-23
2012,3,23,7,67.0,2012-03-23
2012,3,23,8,81.0,2012-03-23
2012,3,23,9,79.0,2012-03-23
2012,3,23,10,18.0,2012-03-23
2012,3,23,11,22.0,2012-03-23
2012,3,23,12,18.0,2012-03-23
2012,3,23,13,28.0,2012-03-23
2012,3,23,14,15.0,2012-03-23
2012,3,23,15,15.0,2012-03-23
2012,3,23,16,11.0,2012-03-23
2012,3,23,17,8.0,2012-03-23
2012,3,23,18,10.0,2012-03-23
2012,3,23,19,9.0,2012-03-23
2012,3,23,20,10.0,2012-03-23
2012,3,23,21,24.0,2012-03-23
2012,3,23,22,20.0,2012-03-23
2012,3,23,23,16.0,2012-03-23
2012,3,24,0,14.0,2012-03-24
2012,3,24,1,18.0,2012-03-24
2012,3,24,2,26.0,2012-03-24
2012,3,24,3,27.0,2012-03-24
2012,3,24,4,27.0,2012-03-24
2012,3,24,5,16.0,2012-03-24
2012,3,24,6,12.0,2012-03-24
2012,3,24,7,15.0,2012-03-24
2012,3,24,8,15.0,2012-03-24
2012,3,24,9,13.0,2012-03-24
2012,3,24,10,19.0,2012-03-24
2012,3,24,11,16.0,2012-03-24
2012,3,24,12,20.0,2012-03-24
2012,3,24,13,12.0,2012-03-24
2012,3,24,14,12.0,2012-03-24
2012,3,24,15,12.0,2012-03-24
2012,3,24,16,10.0,2012-03-24
2012,3,24,17,17.0,2012-03-24
2012,3,24,18,8.0,2012-03-24
2012,3,24,19,11.0,2012-03-24
2012,3,24,20,17.0,2012-03-24
2012,3,24,21,21.0,2012-03-24
2012,3,24,22,46.0,2012-03-24
2012,3,24,23,45.0,2012-03-24
2012,3,25,0,31.0,2012-03-25
2012,3,25,1,40.0,2012-03-25
2012,3,25,2,11.0,2012-03-25
2012,3,25,3,13.0,2012-03-25
2012,3,25,4,15.0,2012-03-25
2012,3,25,5,13.0,2012-03-25
2012,3,25,6,16.0,2012-03-25
2012,3,25,7,25.0,2012-03-25
2012,3,25,8,22.0,2012-03-25
2012,3,25,9,21.0,2012-03-25
2012,3,25,10,22.0,2012-03-25
2012,3,25,11,20.0,2012-03-25
2012,3,25,12,21.0,2012-03-25
2012,3,25,13,27.0,2012-03-25
2012,3,25,14,33.0,2012-03-25
2012,3,25,15,35.0,2012-03-25
2012,3,25,16,35.0,2012-03-25
2012,3,25,17,37.0,2012-03-25
2012,3,25,18,50.0,2012-03-25
2012,3,25,19,68.0,2012-03-25
2012,3,25,20,83.0,2012-03-25
2012,3,25,21,93.0,2012-03-25
2012,3,25,22,115.0,2012-03-25
2012,3,25,23,124.0,2012-03-25
2012,3,26,0,118.0,2012-03-26
2012,3,26,1,130.0,2012-03-26
2012,3,26,2,118.0,2012-03-26
2012,3,26,3,126.0,2012-03-26
2012,3,26,4,128.0,2012-03-26
2012,3,26,5,136.0,2012-03-26
2012,3,26,6,152.0,2012-03-26
2012,3,26,7,156.0,2012-03-26
2012,3,26,8,148.0,2012-03-26
2012,3,26,9,129.0,2012-03-26
2012,3,26,10,131.0,2012-03-26
2012,3,26,11,131.0,2012-03-26
2012,3,26,12,133.0,2012-03-26
2012,3,26,13,138.0,2012-03-26
2012,3,26,14,144.0,2012-03-26
2012,3,26,15,148.0,2012-03-26
2012,3,26,16,147.0,2012-03-26
2012,3,26,17,135.0,2012-03-26
2012,3,26,18,134.0,2012-03-26
2012,3,26,19,146.0,2012-03-26
2012,3,26,20,204.0,2012-03-26
2012,3,26,21,238.0,2012-03-26
2012,3,26,22,237.0,2012-03-26
2012,3,26,23,280.0,2012-03-26
2012,3,27,0,280.0,2012-03-27
2012,3,27,1,283.0,2012-03-27
2012,3,27,2,250.0,2012-03-27
2012,3,27,3,261.0,2012-03-27
2012,3,27,4,235.0,2012-03-27
2012,3,27,5,161.0,2012-03-27
2012,3,27,6,139.0,2012-03-27
2012,3,27,7,131.0,2012-03-27
2012,3,27,8,152.0,2012-03-27
2012,3,27,9,119.0,2012-03-27
2012,3,27,10,87.0,2012-03-27
2012,3,27,11,72.0,2012-03-27
2012,3,27,12,49.0,2012-03-27
2012,3,27,13,27.0,2012-03-27
2012,3,27,14,26.0,2012-03-27
2012,3,27,15,32.0,2012-03-27
2012,3,27,16,31.0,2012-03-27
2012,3,27,17,34.0,2012-03-27
2012,3,27,18,42.0,2012-03-27
2012,3,27,19,41.0,2012-03-27
2012,3,27,20,56.0,2012-03-27
2012,3,27,21,72.0,2012-03-27
2012,3,27,22,95.0,2012-03-27
2012,3,27,23,131.0,2012-03-27
2012,3,28,0,117.0,2012-03-28
2012,3,28,1,26.0,2012-03-28
2012,3,28,2,16.0,2012-03-28
2012,3,28,3,18.0,2012-03-28
2012,3,28,4,3.0,2012-03-28
2012,3,28,5,5.0,2012-03-28
2012,3,28,6,40.0,2012-03-28
2012,3,28,7,78.0,2012-03-28
2012,3,28,8,97.0,2012-03-28
2012,3,28,9,96.0,2012-03-28
2012,3,28,10,62.0,2012-03-28
2012,3,28,11,61.0,2012-03-28
2012,3,28,12,58.0,2012-03-28
2012,3,28,13,51.0,2012-03-28
2012,3,28,14,59.0,2012-03-28
2012,3,28,15,57.0,2012-03-28
2012,3,28,16,48.0,2012-03-28
2012,3,28,17,48.0,2012-03-28
2012,3,28,18,41.0,2012-03-28
2012,3,28,19,37.0,2012-03-28
2012,3,28,20,32.0,2012-03-28
2012,3,28,21,38.0,2012-03-28
2012,3,28,22,47.0,2012-03-28
2012,3,28,23,45.0,2012-03-28
2012,3,29,0,47.0,2012-03-29
2012,3,29,1,54.0,2012-03-29
2012,3,29,2,66.0,2012-03-29
2012,3,29,3,60.0,2012-03-29
2012,3,29,4,69.0,2012-03-29
2012,3,29,5,77.0,2012-03-29
2012,3,29,6,80.0,2012-03-29
2012,3,29,7,77.0,2012-03-29
2012,3,29,8,77.0,2012-03-29
2012,3,29,9,79.0,2012-03-29
2012,3,29,10,87.0,2012-03-29
2012,3,29,11,78.0,2012-03-29
2012,3,29,12,64.0,2012-03-29
2012,3,29,13,50.0,2012-03-29
2012,3,29,14,36.0,2012-03-29
2012,3,29,15,30.0,2012-03-29
2012,3,29,16,23.0,2012-03-29
2012,3,29,17,17.0,2012-03-29
2012,3,29,18,16.0,2012-03-29
2012,3,29,19,13.0,2012-03-29
2012,3,29,20,10.0,2012-03-29
2012,3,29,21,8.0,2012-03-29
2012,3,29,22,10.0,2012-03-29
2012,3,29,23,18.0,2012-03-29
2012,3,30,0,15.0,2012-03-30
2012,3,30,1,10.0,2012-03-30
2012,3,30,2,7.0,2012-03-30
2012,3,30,3,10.0,2012-03-30
2012,3,30,4,7.0,2012-03-30
2012,3,30,5,5.0,2012-03-30
2012,3,30,6,7.0,2012-03-30
2012,3,30,7,8.0,2012-03-30
2012,3,30,8,10.0,2012-03-30
2012,3,30,9,11.0,2012-03-30
2012,3,30,10,13.0,2012-03-30
2012,3,30,11,20.0,2012-03-30
2012,3,30,12,22.0,2012-03-30
2012,3,30,13,13.0,2012-03-30
2012,3,30,14,16.0,2012-03-30
2012,3,30,15,8.0,2012-03-30
2012,3,30,16,12.0,2012-03-30
2012,3,30,17,19.0,2012-03-30
2012,3,30,18,13.0,2012-03-30
2012,3,30,19,20.0,2012-03-30
2012,3,30,20,30.0,2012-03-30
2012,3,30,21,32.0,2012-03-30
2012,3,30,22,34.0,2012-03-30
2012,3,30,23,37.0,2012-03-30
2012,3,31,0,40.0,2012-03-31
2012,3,31,1,42.0,2012-03-31
2012,3,31,2,42.0,2012-03-31
2012,3,31,3,33.0,2012-03-31
2012,3,31,4,11.0,2012-03-31
2012,3,31,5,10.0,2012-03-31
2012,3,31,6,10.0,2012-03-31
2012,3,31,7,11.0,2012-03-31
2012,3,31,8,10.0,2012-03-31
2012,3,31,9,17.0,2012-03-31
2012,3,31,10,18.0,2012-03-31
2012,3,31,11,14.0,2012-03-31
2012,3,31,12,21.0,2012-03-31
2012,3,31,13,20.0,2012-03-31
2012,3,31,14,21.0,2012-03-31
2012,3,31,15,24.0,2012-03-31
2012,3,31,16,29.0,2012-03-31
2012,3,31,17,26.0,2012-03-31
2012,3,31,18,27.0,2012-03-31
2012,3,31,19,24.0,2012-03-31
2012,3,31,20,27.0,2012-03-31
2012,3,31,21,54.0,2012-03-31
2012,3,31,22,54.0,2012-03-31
2012,3,31,23,52.0,2012-03-31
2012,4,1,0,39.0,2012-04-01
2012,4,1,1,57.0,2012-04-01
2012,4,1,2,55.0,2012-04-01
2012,4,1,3,71.0,2012-04-01
2012,4,1,4,65.0,2012-04-01
2012,4,1,5,57.0,2012-04-01
2012,4,1,6,54.0,2012-04-01
2012,4,1,7,53.0,2012-04-01
2012,4,1,8,82.0,2012-04-01
2012,4,1,9,90.0,2012-04-01
2012,4,1,10,78.0,2012-04-01
2012,4,1,11,76.0,2012-04-01
2012,4,1,12,79.0,2012-04-01
2012,4,1,13,63.0,2012-04-01
2012,4,1,14,56.0,2012-04-01
2012,4,1,15,49.0,2012-04-01
2012,4,1,16,40.0,2012-04-01
2012,4,1,17,43.0,2012-04-01
2012,4,1,18,38.0,2012-04-01
2012,4,1,19,36.0,2012-04-01
2012,4,1,20,43.0,2012-04-01
2012,4,1,21,47.0,2012-04-01
2012,4,1,22,54.0,2012-04-01
2012,4,1,23,44.0,2012-04-01
2012,4,2,0,28.0,2012-04-02
2012,4,2,1,41.0,2012-04-02
2012,4,2,2,31.0,2012-04-02
2012,4,2,3,35.0,2012-04-02
2012,4,2,4,45.0,2012-04-02
2012,4,2,5,36.0,2012-04-02
2012,4,2,6,28.0,2012-04-02
2012,4,2,7,35.0,2012-04-02
2012,4,2,8,38.0,2012-04-02
2012,4,2,9,49.0,2012-04-02
2012,4,2,10,46.0,2012-04-02
2012,4,2,11,60.0,2012-04-02
2012,4,2,12,52.0,2012-04-02
2012,4,2,13,48.0,2012-04-02
2012,4,2,14,52.0,2012-04-02
2012,4,2,15,55.0,2012-04-02
2012,4,2,16,64.0,2012-04-02
2012,4,2,17,58.0,2012-04-02
2012,4,2,18,55.0,2012-04-02
2012,4,2,19,61.0,2012-04-02
2012,4,2,20,63.0,2012-04-02
2012,4,2,21,12.0,2012-04-02
2012,4,2,22,11.0,2012-04-02
2012,4,2,23,11.0,2012-04-02
2012,4,3,0,11.0,2012-04-03
2012,4,3,1,10.0,2012-04-03
2012,4,3,2,8.0,2012-04-03
2012,4,3,3,7.0,2012-04-03
2012,4,3,4,8.0,2012-04-03
2012,4,3,5,15.0,2012-04-03
2012,4,3,6,17.0,2012-04-03
2012,4,3,7,32.0,2012-04-03
2012,4,3,8,20.0,2012-04-03
2012,4,3,9,24.0,2012-04-03
2012,4,3,10,26.0,2012-04-03
2012,4,3,11,28.0,2012-04-03
2012,4,3,12,34.0,2012-04-03
2012,4,3,13,24.0,2012-04-03
2012,4,3,14,39.0,2012-04-03
2012,4,3,15,35.0,2012-04-03
2012,4,3,16,32.0,2012-04-03
2012,4,3,17,27.0,2012-04-03
2012,4,3,18,10.0,2012-04-03
2012,4,3,19,18.0,2012-04-03
2012,4,3,20,19.0,2012-04-03
2012,4,3,21,15.0,2012-04-03
2012,4,3,22,27.0,2012-04-03
2012,4,3,23,25.0,2012-04-03
2012,4,4,0,18.0,2012-04-04
2012,4,4,1,25.0,2012-04-04
2012,4,4,2,25.0,2012-04-04
2012,4,4,3,9.0,2012-04-04
2012,4,4,4,9.0,2012-04-04
2012,4,4,5,30.0,2012-04-04
2012,4,4,6,19.0,2012-04-04
2012,4,4,7,10.0,2012-04-04
2012,4,4,8,11.0,2012-04-04
2012,4,4,9,32.0,2012-04-04
2012,4,4,10,22.0,2012-04-04
2012,4,4,11,21.0,2012-04-04
2012,4,4,12,21.0,2012-04-04
2012,4,4,13,14.0,2012-04-04
2012,4,4,14,18.0,2012-04-04
2012,4,4,15,22.0,2012-04-04
2012,4,4,16,18.0,2012-04-04
2012,4,4,17,10.0,2012-04-04
2012,4,4,18,11.0,2012-04-04
2012,4,4,19,11.0,2012-04-04
2012,4,4,20,10.0,2012-04-04
2012,4,4,21,11.0,2012-04-04
2012,4,4,22,11.0,2012-04-04
2012,4,4,23,11.0,2012-04-04
2012,4,5,0,19.0,2012-04-05
2012,4,5,1,22.0,2012-04-05
2012,4,5,2,23.0,2012-04-05
2012,4,5,3,11.0,2012-04-05
2012,4,5,4,9.0,2012-04-05
2012,4,5,5,11.0,2012-04-05
2012,4,5,6,12.0,2012-04-05
2012,4,5,7,8.0,2012-04-05
2012,4,5,8,17.0,2012-04-05
2012,4,5,9,14.0,2012-04-05
2012,4,5,10,13.0,2012-04-05
2012,4,5,11,13.0,2012-04-05
2012,4,5,12,31.0,2012-04-05
2012,4,5,13,22.0,2012-04-05
2012,4,5,14,25.0,2012-04-05
2012,4,5,15,13.0,2012-04-05
2012,4,5,16,17.0,2012-04-05
2012,4,5,17,17.0,2012-04-05
2012,4,5,18,13.0,2012-04-05
2012,4,5,19,16.0,2012-04-05
2012,4,5,20,12.0,2012-04-05
2012,4,5,21,13.0,2012-04-05
2012,4,5,22,27.0,2012-04-05
2012,4,5,23,15.0,2012-04-05
2012,4,6,0,15.0,2012-04-06
2012,4,6,1,20.0,2012-04-06
2012,4,6,2,20.0,2012-04-06
2012,4,6,3,17.0,2012-04-06
2012,4,6,4,24.0,2012-04-06
2012,4,6,5,36.0,2012-04-06
2012,4,6,6,37.0,2012-04-06
2012,4,6,7,38.0,2012-04-06
2012,4,6,8,44.0,2012-04-06
2012,4,6,9,51.0,2012-04-06
2012,4,6,10,49.0,2012-04-06
2012,4,6,11,37.0,2012-04-06
2012,4,6,12,37.0,2012-04-06
2012,4,6,13,35.0,2012-04-06
2012,4,6,14,28.0,2012-04-06
2012,4,6,15,24.0,2012-04-06
2012,4,6,16,21.0,2012-04-06
2012,4,6,17,20.0,2012-04-06
2012,4,6,18,32.0,2012-04-06
2012,4,6,19,36.0,2012-04-06
2012,4,6,20,28.0,2012-04-06
2012,4,6,21,18.0,2012-04-06
2012,4,6,22,21.0,2012-04-06
2012,4,6,23,23.0,2012-04-06
2012,4,7,0,18.0,2012-04-07
2012,4,7,1,14.0,2012-04-07
2012,4,7,2,27.0,2012-04-07
2012,4,7,3,42.0,2012-04-07
2012,4,7,4,46.0,2012-04-07
2012,4,7,5,53.0,2012-04-07
2012,4,7,6,52.0,2012-04-07
2012,4,7,7,58.0,2012-04-07
2012,4,7,8,53.0,2012-04-07
2012,4,7,9,56.0,2012-04-07
2012,4,7,10,53.0,2012-04-07
2012,4,7,11,54.0,2012-04-07
2012,4,7,12,63.0,2012-04-07
2012,4,7,13,80.0,2012-04-07
2012,4,7,14,92.0,2012-04-07
2012,4,7,15,81.0,2012-04-07
2012,4,7,16,76.0,2012-04-07
2012,4,7,17,95.0,2012-04-07
2012,4,7,18,87.0,2012-04-07
2012,4,7,19,83.0,2012-04-07
2012,4,7,20,124.0,2012-04-07
2012,4,7,21,171.0,2012-04-07
2012,4,7,22,151.0,2012-04-07
2012,4,7,23,147.0,2012-04-07
2012,4,8,0,160.0,2012-04-08
2012,4,8,1,154.0,2012-04-08
2012,4,8,2,123.0,2012-04-08
2012,4,8,3,93.0,2012-04-08
2012,4,8,4,92.0,2012-04-08
2012,4,8,5,49.0,2012-04-08
2012,4,8,6,42.0,2012-04-08
2012,4,8,7,35.0,2012-04-08
2012,4,8,8,33.0,2012-04-08
2012,4,8,9,24.0,2012-04-08
2012,4,8,10,91.0,2012-04-08
2012,4,8,11,42.0,2012-04-08
2012,4,8,12,20.0,2012-04-08
2012,4,8,13,18.0,2012-04-08
2012,4,8,14,23.0,2012-04-08
2012,4,8,15,23.0,2012-04-08
2012,4,8,16,22.0,2012-04-08
2012,4,8,17,66.0,2012-04-08
2012,4,8,18,17.0,2012-04-08
2012,4,8,19,16.0,2012-04-08
2012,4,8,20,27.0,2012-04-08
2012,4,8,21,31.0,2012-04-08
2012,4,8,22,47.0,2012-04-08
2012,4,8,23,49.0,2012-04-08
2012,4,9,0,63.0,2012-04-09
2012,4,9,1,79.0,2012-04-09
2012,4,9,2,80.0,2012-04-09
2012,4,9,3,100.0,2012-04-09
2012,4,9,4,111.0,2012-04-09
2012,4,9,5,148.0,2012-04-09
2012,4,9,6,150.0,2012-04-09
2012,4,9,7,164.0,2012-04-09
2012,4,9,8,164.0,2012-04-09
2012,4,9,9,181.0,2012-04-09
2012,4,9,10,183.0,2012-04-09
2012,4,9,11,170.0,2012-04-09
2012,4,9,12,171.0,2012-04-09
2012,4,9,13,160.0,2012-04-09
2012,4,9,14,163.0,2012-04-09
2012,4,9,15,138.0,2012-04-09
2012,4,9,16,119.0,2012-04-09
2012,4,9,17,99.0,2012-04-09
2012,4,9,18,108.0,2012-04-09
2012,4,9,19,90.0,2012-04-09
2012,4,9,20,70.0,2012-04-09
2012,4,9,21,73.0,2012-04-09
2012,4,9,22,79.0,2012-04-09
2012,4,9,23,91.0,2012-04-09
2012,4,10,0,81.0,2012-04-10
2012,4,10,1,80.0,2012-04-10
2012,4,10,2,91.0,2012-04-10
2012,4,10,3,101.0,2012-04-10
2012,4,10,4,107.0,2012-04-10
2012,4,10,5,104.0,2012-04-10
2012,4,10,6,94.0,2012-04-10
2012,4,10,7,72.0,2012-04-10
2012,4,10,8,68.0,2012-04-10
2012,4,10,9,41.0,2012-04-10
2012,4,10,10,45.0,2012-04-10
2012,4,10,11,50.0,2012-04-10
2012,4,10,12,62.0,2012-04-10
2012,4,10,13,60.0,2012-04-10
2012,4,10,14,54.0,2012-04-10
2012,4,10,15,56.0,2012-04-10
2012,4,10,16,56.0,2012-04-10
2012,4,10,17,50.0,2012-04-10
2012,4,10,18,49.0,2012-04-10
2012,4,10,19,38.0,2012-04-10
2012,4,10,20,32.0,2012-04-10
2012,4,10,21,32.0,2012-04-10
2012,4,10,22,51.0,2012-04-10
2012,4,10,23,55.0,2012-04-10
2012,4,11,0,37.0,2012-04-11
2012,4,11,1,38.0,2012-04-11
2012,4,11,2,13.0,2012-04-11
2012,4,11,3,12.0,2012-04-11
2012,4,11,4,9.0,2012-04-11
2012,4,11,5,6.0,2012-04-11
2012,4,11,6,7.0,2012-04-11
2012,4,11,7,8.0,2012-04-11
2012,4,11,8,10.0,2012-04-11
2012,4,11,9,10.0,2012-04-11
2012,4,11,10,29.0,2012-04-11
2012,4,11,11,15.0,2012-04-11
2012,4,11,12,14.0,2012-04-11
2012,4,11,13,14.0,2012-04-11
2012,4,11,14,14.0,2012-04-11
2012,4,11,15,18.0,2012-04-11
2012,4,11,16,15.0,2012-04-11
2012,4,11,17,9.0,2012-04-11
2012,4,11,18,8.0,2012-04-11
2012,4,11,19,43.0,2012-04-11
2012,4,11,20,22.0,2012-04-11
2012,4,11,21,32.0,2012-04-11
2012,4,11,22,40.0,2012-04-11
2012,4,11,23,39.0,2012-04-11
2012,4,12,0,45.0,2012-04-12
2012,4,12,1,52.0,2012-04-12
2012,4,12,2,51.0,2012-04-12
2012,4,12,3,33.0,2012-04-12
2012,4,12,4,49.0,2012-04-12
2012,4,12,5,46.0,2012-04-12
2012,4,12,6,57.0,2012-04-12
2012,4,12,7,68.0,2012-04-12
2012,4,12,8,47.0,2012-04-12
2012,4,12,9,13.0,2012-04-12
2012,4,12,10,40.0,2012-04-12
2012,4,12,11,22.0,2012-04-12
2012,4,12,12,16.0,2012-04-12
2012,4,12,13,22.0,2012-04-12
2012,4,12,14,13.0,2012-04-12
2012,4,12,15,22.0,2012-04-12
2012,4,12,16,24.0,2012-04-12
2012,4,12,17,18.0,2012-04-12
2012,4,12,18,17.0,2012-04-12
2012,4,12,19,10.0,2012-04-12
2012,4,12,20,19.0,2012-04-12
2012,4,12,21,29.0,2012-04-12
2012,4,12,22,28.0,2012-04-12
2012,4,12,23,33.0,2012-04-12
2012,4,13,0,51.0,2012-04-13
2012,4,13,1,56.0,2012-04-13
2012,4,13,2,84.0,2012-04-13
2012,4,13,3,80.0,2012-04-13
2012,4,13,4,77.0,2012-04-13
2012,4,13,5,89.0,2012-04-13
2012,4,13,6,63.0,2012-04-13
2012,4,13,7,90.0,2012-04-13
2012,4,13,8,91.0,2012-04-13
2012,4,13,9,91.0,2012-04-13
2012,4,13,10,86.0,2012-04-13
2012,4,13,11,85.0,2012-04-13
2012,4,13,12,58.0,2012-04-13
2012,4,13,13,46.0,2012-04-13
2012,4,13,14,29.0,2012-04-13
2012,4,13,15,25.0,2012-04-13
2012,4,13,16,22.0,2012-04-13
2012,4,13,17,14.0,2012-04-13
2012,4,13,18,22.0,2012-04-13
2012,4,13,19,19.0,2012-04-13
2012,4,13,20,20.0,2012-04-13
2012,4,13,21,24.0,2012-04-13
2012,4,13,22,34.0,2012-04-13
2012,4,13,23,47.0,2012-04-13
2012,4,14,0,50.0,2012-04-14
2012,4,14,1,44.0,2012-04-14
2012,4,14,2,56.0,2012-04-14
2012,4,14,3,56.0,2012-04-14
2012,4,14,4,63.0,2012-04-14
2012,4,14,5,72.0,2012-04-14
2012,4,14,6,76.0,2012-04-14
2012,4,14,7,92.0,2012-04-14
2012,4,14,8,101.0,2012-04-14
2012,4,14,9,112.0,2012-04-14
2012,4,14,10,111.0,2012-04-14
2012,4,14,11,89.0,2012-04-14
2012,4,14,12,51.0,2012-04-14
2012,4,14,13,49.0,2012-04-14
2012,4,14,14,29.0,2012-04-14
2012,4,14,15,34.0,2012-04-14
2012,4,14,16,36.0,2012-04-14
2012,4,14,17,31.0,2012-04-14
2012,4,14,18,22.0,2012-04-14
2012,4,14,19,22.0,2012-04-14
2012,4,14,20,34.0,2012-04-14
2012,4,14,21,51.0,2012-04-14
2012,4,14,22,63.0,2012-04-14
2012,4,14,23,69.0,2012-04-14
2012,4,15,0,79.0,2012-04-15
2012,4,15,1,86.0,2012-04-15
2012,4,15,2,84.0,2012-04-15
2012,4,15,3,80.0,2012-04-15
2012,4,15,4,83.0,2012-04-15
2012,4,15,5,106.0,2012-04-15
2012,4,15,6,114.0,2012-04-15
2012,4,15,7,119.0,2012-04-15
2012,4,15,8,139.0,2012-04-15
2012,4,15,9,112.0,2012-04-15
2012,4,15,10,84.0,2012-04-15
2012,4,15,11,52.0,2012-04-15
2012,4,15,12,35.0,2012-04-15
2012,4,15,13,29.0,2012-04-15
2012,4,15,14,27.0,2012-04-15
2012,4,15,15,28.0,2012-04-15
2012,4,15,16,24.0,2012-04-15
2012,4,15,17,16.0,2012-04-15
2012,4,15,18,115.0,2012-04-15
2012,4,15,19,93.0,2012-04-15
2012,4,15,20,75.0,2012-04-15
2012,4,15,21,66.0,2012-04-15
2012,4,15,22,68.0,2012-04-15
2012,4,15,23,73.0,2012-04-15
2012,4,16,0,56.0,2012-04-16
2012,4,16,1,60.0,2012-04-16
2012,4,16,2,20.0,2012-04-16
2012,4,16,3,9.0,2012-04-16
2012,4,16,4,8.0,2012-04-16
2012,4,16,5,7.0,2012-04-16
2012,4,16,6,22.0,2012-04-16
2012,4,16,7,17.0,2012-04-16
2012,4,16,8,15.0,2012-04-16
2012,4,16,9,22.0,2012-04-16
2012,4,16,10,22.0,2012-04-16
2012,4,16,11,22.0,2012-04-16
2012,4,16,12,21.0,2012-04-16
2012,4,16,13,23.0,2012-04-16
2012,4,16,14,23.0,2012-04-16
2012,4,16,15,23.0,2012-04-16
2012,4,16,16,40.0,2012-04-16
2012,4,16,17,47.0,2012-04-16
2012,4,16,18,38.0,2012-04-16
2012,4,16,19,48.0,2012-04-16
2012,4,16,20,56.0,2012-04-16
2012,4,16,21,56.0,2012-04-16
2012,4,16,22,63.0,2012-04-16
2012,4,16,23,61.0,2012-04-16
2012,4,17,0,70.0,2012-04-17
2012,4,17,1,64.0,2012-04-17
2012,4,17,2,73.0,2012-04-17
2012,4,17,3,80.0,2012-04-17
2012,4,17,4,86.0,2012-04-17
2012,4,17,5,90.0,2012-04-17
2012,4,17,6,90.0,2012-04-17
2012,4,17,7,95.0,2012-04-17
2012,4,17,8,101.0,2012-04-17
2012,4,17,9,108.0,2012-04-17
2012,4,17,10,130.0,2012-04-17
2012,4,17,11,127.0,2012-04-17
2012,4,17,12,128.0,2012-04-17
2012,4,17,13,138.0,2012-04-17
2012,4,17,14,121.0,2012-04-17
2012,4,17,15,235.0,2012-04-17
2012,4,17,16,168.0,2012-04-17
2012,4,17,17,136.0,2012-04-17
2012,4,17,18,163.0,2012-04-17
2012,4,17,19,184.0,2012-04-17
2012,4,17,20,164.0,2012-04-17
2012,4,17,21,127.0,2012-04-17
2012,4,17,22,116.0,2012-04-17
2012,4,17,23,108.0,2012-04-17
2012,4,18,0,105.0,2012-04-18
2012,4,18,1,113.0,2012-04-18
2012,4,18,2,121.0,2012-04-18
2012,4,18,3,136.0,2012-04-18
2012,4,18,4,138.0,2012-04-18
2012,4,18,5,140.0,2012-04-18
2012,4,18,6,141.0,2012-04-18
2012,4,18,7,140.0,2012-04-18
2012,4,18,8,144.0,2012-04-18
2012,4,18,9,142.0,2012-04-18
2012,4,18,10,145.0,2012-04-18
2012,4,18,11,155.0,2012-04-18
2012,4,18,12,160.0,2012-04-18
2012,4,18,13,174.0,2012-04-18
2012,4,18,14,178.0,2012-04-18
2012,4,18,15,202.0,2012-04-18
2012,4,18,16,213.0,2012-04-18
2012,4,18,17,222.0,2012-04-18
2012,4,18,18,219.0,2012-04-18
2012,4,18,19,221.0,2012-04-18
2012,4,18,20,225.0,2012-04-18
2012,4,18,21,229.0,2012-04-18
2012,4,18,22,73.0,2012-04-18
2012,4,18,23,51.0,2012-04-18
2012,4,19,0,50.0,2012-04-19
2012,4,19,1,59.0,2012-04-19
2012,4,19,2,70.0,2012-04-19
2012,4,19,3,59.0,2012-04-19
2012,4,19,4,61.0,2012-04-19
2012,4,19,5,69.0,2012-04-19
2012,4,19,6,77.0,2012-04-19
2012,4,19,7,85.0,2012-04-19
2012,4,19,8,97.0,2012-04-19
2012,4,19,9,100.0,2012-04-19
2012,4,19,10,109.0,2012-04-19
2012,4,19,11,102.0,2012-04-19
2012,4,19,12,102.0,2012-04-19
2012,4,19,13,122.0,2012-04-19
2012,4,19,14,125.0,2012-04-19
2012,4,19,15,139.0,2012-04-19
2012,4,19,16,154.0,2012-04-19
2012,4,19,17,156.0,2012-04-19
2012,4,19,18,158.0,2012-04-19
2012,4,19,19,152.0,2012-04-19
2012,4,19,20,148.0,2012-04-19
2012,4,19,21,151.0,2012-04-19
2012,4,19,22,157.0,2012-04-19
2012,4,19,23,159.0,2012-04-19
2012,4,20,0,164.0,2012-04-20
2012,4,20,1,170.0,2012-04-20
2012,4,20,2,174.0,2012-04-20
2012,4,20,3,169.0,2012-04-20
2012,4,20,4,183.0,2012-04-20
2012,4,20,5,176.0,2012-04-20
2012,4,20,6,183.0,2012-04-20
2012,4,20,7,185.0,2012-04-20
2012,4,20,8,149.0,2012-04-20
2012,4,20,9,143.0,2012-04-20
2012,4,20,10,157.0,2012-04-20
2012,4,20,11,172.0,2012-04-20
2012,4,20,12,194.0,2012-04-20
2012,4,20,13,205.0,2012-04-20
2012,4,20,14,177.0,2012-04-20
2012,4,20,15,149.0,2012-04-20
2012,4,20,16,90.0,2012-04-20
2012,4,20,17,65.0,2012-04-20
2012,4,20,18,89.0,2012-04-20
2012,4,20,19,110.0,2012-04-20
2012,4,20,20,118.0,2012-04-20
2012,4,20,21,98.0,2012-04-20
2012,4,20,22,82.0,2012-04-20
2012,4,20,23,100.0,2012-04-20
2012,4,21,0,129.0,2012-04-21
2012,4,21,1,142.0,2012-04-21
2012,4,21,2,148.0,2012-04-21
2012,4,21,3,151.0,2012-04-21
2012,4,21,4,147.0,2012-04-21
2012,4,21,5,167.0,2012-04-21
2012,4,21,6,185.0,2012-04-21
2012,4,21,7,184.0,2012-04-21
2012,4,21,8,154.0,2012-04-21
2012,4,21,9,155.0,2012-04-21
2012,4,21,10,168.0,2012-04-21
2012,4,21,11,155.0,2012-04-21
2012,4,21,12,181.0,2012-04-21
2012,4,21,13,206.0,2012-04-21
2012,4,21,14,202.0,2012-04-21
2012,4,21,15,185.0,2012-04-21
2012,4,21,16,156.0,2012-04-21
2012,4,21,17,149.0,2012-04-21
2012,4,21,18,159.0,2012-04-21
2012,4,21,19,185.0,2012-04-21
2012,4,21,20,200.0,2012-04-21
2012,4,21,21,192.0,2012-04-21
2012,4,21,22,161.0,2012-04-21
2012,4,21,23,147.0,2012-04-21
2012,4,22,0,150.0,2012-04-22
2012,4,22,1,157.0,2012-04-22
2012,4,22,2,143.0,2012-04-22
2012,4,22,3,131.0,2012-04-22
2012,4,22,4,116.0,2012-04-22
2012,4,22,5,115.0,2012-04-22
2012,4,22,6,116.0,2012-04-22
2012,4,22,7,113.0,2012-04-22
2012,4,22,8,115.0,2012-04-22
2012,4,22,9,132.0,2012-04-22
2012,4,22,10,144.0,2012-04-22
2012,4,22,11,160.0,2012-04-22
2012,4,22,12,167.0,2012-04-22
2012,4,22,13,167.0,2012-04-22
2012,4,22,14,162.0,2012-04-22
2012,4,22,15,172.0,2012-04-22
2012,4,22,16,160.0,2012-04-22
2012,4,22,17,195.0,2012-04-22
2012,4,22,18,201.0,2012-04-22
2012,4,22,19,216.0,2012-04-22
2012,4,22,20,235.0,2012-04-22
2012,4,22,21,247.0,2012-04-22
2012,4,22,22,257.0,2012-04-22
2012,4,22,23,245.0,2012-04-22
2012,4,23,0,217.0,2012-04-23
2012,4,23,1,199.0,2012-04-23
2012,4,23,2,203.0,2012-04-23
2012,4,23,3,191.0,2012-04-23
2012,4,23,4,188.0,2012-04-23
2012,4,23,5,190.0,2012-04-23
2012,4,23,6,222.0,2012-04-23
2012,4,23,7,235.0,2012-04-23
2012,4,23,8,230.0,2012-04-23
2012,4,23,9,248.0,2012-04-23
2012,4,23,10,258.0,2012-04-23
2012,4,23,11,266.0,2012-04-23
2012,4,23,12,281.0,2012-04-23
2012,4,23,13,279.0,2012-04-23
2012,4,23,14,278.0,2012-04-23
2012,4,23,15,268.0,2012-04-23
2012,4,23,16,272.0,2012-04-23
2012,4,23,17,277.0,2012-04-23
2012,4,23,18,280.0,2012-04-23
2012,4,23,19,288.0,2012-04-23
2012,4,23,20,303.0,2012-04-23
2012,4,23,21,298.0,2012-04-23
2012,4,23,22,307.0,2012-04-23
2012,4,23,23,268.0,2012-04-23
2012,4,24,0,157.0,2012-04-24
2012,4,24,1,183.0,2012-04-24
2012,4,24,2,208.0,2012-04-24
2012,4,24,3,207.0,2012-04-24
2012,4,24,4,195.0,2012-04-24
2012,4,24,5,174.0,2012-04-24
2012,4,24,6,173.0,2012-04-24
2012,4,24,7,179.0,2012-04-24
2012,4,24,8,187.0,2012-04-24
2012,4,24,9,132.0,2012-04-24
2012,4,24,10,60.0,2012-04-24
2012,4,24,11,40.0,2012-04-24
2012,4,24,12,34.0,2012-04-24
2012,4,24,13,44.0,2012-04-24
2012,4,24,14,48.0,2012-04-24
2012,4,24,15,37.0,2012-04-24
2012,4,24,16,38.0,2012-04-24
2012,4,24,17,35.0,2012-04-24
2012,4,24,18,45.0,2012-04-24
2012,4,24,19,41.0,2012-04-24
2012,4,24,20,43.0,2012-04-24
2012,4,24,21,46.0,2012-04-24
2012,4,24,22,29.0,2012-04-24
2012,4,24,23,14.0,2012-04-24
2012,4,25,0,13.0,2012-04-25
2012,4,25,1,11.0,2012-04-25
2012,4,25,2,9.0,2012-04-25
2012,4,25,3,9.0,2012-04-25
2012,4,25,4,12.0,2012-04-25
2012,4,25,5,11.0,2012-04-25
2012,4,25,6,11.0,2012-04-25
2012,4,25,7,11.0,2012-04-25
2012,4,25,8,10.0,2012-04-25
2012,4,25,9,11.0,2012-04-25
2012,4,25,10,18.0,2012-04-25
2012,4,25,11,16.0,2012-04-25
2012,4,25,12,15.0,2012-04-25
2012,4,25,13,17.0,2012-04-25
2012,4,25,14,13.0,2012-04-25
2012,4,25,15,15.0,2012-04-25
2012,4,25,16,12.0,2012-04-25
2012,4,25,17,11.0,2012-04-25
2012,4,25,18,8.0,2012-04-25
2012,4,25,19,4.0,2012-04-25
2012,4,25,20,6.0,2012-04-25
2012,4,25,21,37.0,2012-04-25
2012,4,25,22,69.0,2012-04-25
2012,4,25,23,120.0,2012-04-25
2012,4,26,0,45.0,2012-04-26
2012,4,26,1,34.0,2012-04-26
2012,4,26,2,28.0,2012-04-26
2012,4,26,3,35.0,2012-04-26
2012,4,26,4,62.0,2012-04-26
2012,4,26,5,81.0,2012-04-26
2012,4,26,6,75.0,2012-04-26
2012,4,26,7,50.0,2012-04-26
2012,4,26,8,51.0,2012-04-26
2012,4,26,9,48.0,2012-04-26
2012,4,26,10,53.0,2012-04-26
2012,4,26,11,65.0,2012-04-26
2012,4,26,12,88.0,2012-04-26
2012,4,26,13,83.0,2012-04-26
2012,4,26,14,76.0,2012-04-26
2012,4,26,15,76.0,2012-04-26
2012,4,26,16,62.0,2012-04-26
2012,4,26,17,53.0,2012-04-26
2012,4,26,18,65.0,2012-04-26
2012,4,26,19,72.0,2012-04-26
2012,4,26,20,78.0,2012-04-26
2012,4,26,21,144.0,2012-04-26
2012,4,26,22,163.0,2012-04-26
2012,4,26,23,176.0,2012-04-26
2012,4,27,0,143.0,2012-04-27
2012,4,27,1,152.0,2012-04-27
2012,4,27,2,160.0,2012-04-27
2012,4,27,3,148.0,2012-04-27
2012,4,27,4,134.0,2012-04-27
2012,4,27,5,112.0,2012-04-27
2012,4,27,6,108.0,2012-04-27
2012,4,27,7,114.0,2012-04-27
2012,4,27,8,107.0,2012-04-27
2012,4,27,9,126.0,2012-04-27
2012,4,27,10,99.0,2012-04-27
2012,4,27,11,55.0,2012-04-27
2012,4,27,12,55.0,2012-04-27
2012,4,27,13,41.0,2012-04-27
2012,4,27,14,21.0,2012-04-27
2012,4,27,15,25.0,2012-04-27
2012,4,27,16,29.0,2012-04-27
2012,4,27,17,27.0,2012-04-27
2012,4,27,18,30.0,2012-04-27
2012,4,27,19,27.0,2012-04-27
2012,4,27,20,30.0,2012-04-27
2012,4,27,21,28.0,2012-04-27
2012,4,27,22,30.0,2012-04-27
2012,4,27,23,39.0,2012-04-27
2012,4,28,0,41.0,2012-04-28
2012,4,28,1,46.0,2012-04-28
2012,4,28,2,72.0,2012-04-28
2012,4,28,3,107.0,2012-04-28
2012,4,28,4,141.0,2012-04-28
2012,4,28,5,135.0,2012-04-28
2012,4,28,6,108.0,2012-04-28
2012,4,28,7,108.0,2012-04-28
2012,4,28,8,98.0,2012-04-28
2012,4,28,9,90.0,2012-04-28
2012,4,28,10,79.0,2012-04-28
2012,4,28,11,70.0,2012-04-28
2012,4,28,12,83.0,2012-04-28
2012,4,28,13,90.0,2012-04-28
2012,4,28,14,106.0,2012-04-28
2012,4,28,15,136.0,2012-04-28
2012,4,28,16,114.0,2012-04-28
2012,4,28,17,98.0,2012-04-28
2012,4,28,18,97.0,2012-04-28
2012,4,28,19,113.0,2012-04-28
2012,4,28,20,160.0,2012-04-28
2012,4,28,21,188.0,2012-04-28
2012,4,28,22,183.0,2012-04-28
2012,4,28,23,182.0,2012-04-28
2012,4,29,0,203.0,2012-04-29
2012,4,29,1,201.0,2012-04-29
2012,4,29,2,195.0,2012-04-29
2012,4,29,3,190.0,2012-04-29
2012,4,29,4,194.0,2012-04-29
2012,4,29,5,184.0,2012-04-29
2012,4,29,6,224.0,2012-04-29
2012,4,29,7,198.0,2012-04-29
2012,4,29,8,198.0,2012-04-29
2012,4,29,9,205.0,2012-04-29
2012,4,29,10,205.0,2012-04-29
2012,4,29,11,220.0,2012-04-29
2012,4,29,12,200.0,2012-04-29
2012,4,29,13,190.0,2012-04-29
2012,4,29,14,166.0,2012-04-29
2012,4,29,15,142.0,2012-04-29
2012,4,29,16,141.0,2012-04-29
2012,4,29,17,127.0,2012-04-29
2012,4,29,18,120.0,2012-04-29
2012,4,29,19,130.0,2012-04-29
2012,4,29,20,176.0,2012-04-29
2012,4,29,21,162.0,2012-04-29
2012,4,29,22,170.0,2012-04-29
2012,4,29,23,168.0,2012-04-29
2012,4,30,0,121.0,2012-04-30
2012,4,30,1,112.0,2012-04-30
2012,4,30,2,107.0,2012-04-30
2012,4,30,3,108.0,2012-04-30
2012,4,30,4,111.0,2012-04-30
2012,4,30,5,115.0,2012-04-30
2012,4,30,6,122.0,2012-04-30
2012,4,30,7,144.0,2012-04-30
2012,4,30,8,166.0,2012-04-30
2012,4,30,9,312.0,2012-04-30
2012,4,30,10,174.0,2012-04-30
2012,4,30,11,183.0,2012-04-30
2012,4,30,12,179.0,2012-04-30
2012,4,30,13,184.0,2012-04-30
2012,4,30,14,168.0,2012-04-30
2012,4,30,15,151.0,2012-04-30
2012,4,30,16,155.0,2012-04-30
2012,4,30,17,162.0,2012-04-30
2012,4,30,18,189.0,2012-04-30
2012,4,30,19,204.0,2012-04-30
2012,4,30,20,227.0,2012-04-30
2012,4,30,21,247.0,2012-04-30
2012,4,30,22,256.0,2012-04-30
2012,4,30,23,286.0,2012-04-30
2012,5,1,0,267.0,2012-05-01
2012,5,1,1,257.0,2012-05-01
2012,5,1,2,259.0,2012-05-01
2012,5,1,3,243.0,2012-05-01
2012,5,1,4,210.0,2012-05-01
2012,5,1,5,204.0,2012-05-01
2012,5,1,6,215.0,2012-05-01
2012,5,1,7,227.0,2012-05-01
2012,5,1,8,186.0,2012-05-01
2012,5,1,9,173.0,2012-05-01
2012,5,1,10,163.0,2012-05-01
2012,5,1,11,192.0,2012-05-01
2012,5,1,12,280.0,2012-05-01
2012,5,1,13,298.0,2012-05-01
2012,5,1,14,199.0,2012-05-01
2012,5,1,15,199.0,2012-05-01
2012,5,1,16,156.0,2012-05-01
2012,5,1,17,137.0,2012-05-01
2012,5,1,18,78.0,2012-05-01
2012,5,1,19,85.0,2012-05-01
2012,5,1,20,112.0,2012-05-01
2012,5,1,21,121.0,2012-05-01
2012,5,1,22,78.0,2012-05-01
2012,5,1,23,80.0,2012-05-01
2012,5,2,0,74.0,2012-05-02
2012,5,2,1,75.0,2012-05-02
2012,5,2,2,72.0,2012-05-02
2012,5,2,3,78.0,2012-05-02
2012,5,2,4,91.0,2012-05-02
2012,5,2,5,100.0,2012-05-02
2012,5,2,6,115.0,2012-05-02
2012,5,2,7,119.0,2012-05-02
2012,5,2,8,120.0,2012-05-02
2012,5,2,9,119.0,2012-05-02
2012,5,2,10,124.0,2012-05-02
2012,5,2,11,127.0,2012-05-02
2012,5,2,12,118.0,2012-05-02
2012,5,2,13,91.0,2012-05-02
2012,5,2,14,85.0,2012-05-02
2012,5,2,15,106.0,2012-05-02
2012,5,2,16,90.0,2012-05-02
2012,5,2,17,72.0,2012-05-02
2012,5,2,18,68.0,2012-05-02
2012,5,2,19,98.0,2012-05-02
2012,5,2,20,90.0,2012-05-02
2012,5,2,21,98.0,2012-05-02
2012,5,2,22,114.0,2012-05-02
2012,5,2,23,119.0,2012-05-02
2012,5,3,0,126.0,2012-05-03
2012,5,3,1,146.0,2012-05-03
2012,5,3,2,139.0,2012-05-03
2012,5,3,3,140.0,2012-05-03
2012,5,3,4,112.0,2012-05-03
2012,5,3,5,85.0,2012-05-03
2012,5,3,6,80.0,2012-05-03
2012,5,3,7,58.0,2012-05-03
2012,5,3,8,61.0,2012-05-03
2012,5,3,9,70.0,2012-05-03
2012,5,3,10,57.0,2012-05-03
2012,5,3,11,64.0,2012-05-03
2012,5,3,12,57.0,2012-05-03
2012,5,3,13,60.0,2012-05-03
2012,5,3,14,46.0,2012-05-03
2012,5,3,15,49.0,2012-05-03
2012,5,3,16,45.0,2012-05-03
2012,5,3,17,9.0,2012-05-03
2012,5,3,18,18.0,2012-05-03
2012,5,3,19,26.0,2012-05-03
2012,5,3,20,19.0,2012-05-03
2012,5,3,21,49.0,2012-05-03
2012,5,3,22,91.0,2012-05-03
2012,5,3,23,101.0,2012-05-03
2012,5,4,0,99.0,2012-05-04
2012,5,4,1,106.0,2012-05-04
2012,5,4,2,123.0,2012-05-04
2012,5,4,3,128.0,2012-05-04
2012,5,4,4,132.0,2012-05-04
2012,5,4,5,128.0,2012-05-04
2012,5,4,6,90.0,2012-05-04
2012,5,4,7,84.0,2012-05-04
2012,5,4,8,82.0,2012-05-04
2012,5,4,9,134.0,2012-05-04
2012,5,4,10,133.0,2012-05-04
2012,5,4,11,130.0,2012-05-04
2012,5,4,12,145.0,2012-05-04
2012,5,4,13,152.0,2012-05-04
2012,5,4,14,137.0,2012-05-04
2012,5,4,15,126.0,2012-05-04
2012,5,4,16,126.0,2012-05-04
2012,5,4,17,103.0,2012-05-04
2012,5,4,18,80.0,2012-05-04
2012,5,4,19,98.0,2012-05-04
2012,5,4,20,116.0,2012-05-04
2012,5,4,21,217.0,2012-05-04
2012,5,4,22,116.0,2012-05-04
2012,5,4,23,45.0,2012-05-04
2012,5,5,0,50.0,2012-05-05
2012,5,5,1,77.0,2012-05-05
2012,5,5,2,150.0,2012-05-05
2012,5,5,3,76.0,2012-05-05
2012,5,5,4,69.0,2012-05-05
2012,5,5,5,85.0,2012-05-05
2012,5,5,6,94.0,2012-05-05
2012,5,5,7,89.0,2012-05-05
2012,5,5,8,108.0,2012-05-05
2012,5,5,9,72.0,2012-05-05
2012,5,5,10,107.0,2012-05-05
2012,5,5,11,32.0,2012-05-05
2012,5,5,12,98.0,2012-05-05
2012,5,5,13,87.0,2012-05-05
2012,5,5,14,39.0,2012-05-05
2012,5,5,15,47.0,2012-05-05
2012,5,5,16,212.0,2012-05-05
2012,5,5,17,286.0,2012-05-05
2012,5,5,18,205.0,2012-05-05
2012,5,5,19,121.0,2012-05-05
2012,5,5,20,46.0,2012-05-05
2012,5,5,21,43.0,2012-05-05
2012,5,5,22,50.0,2012-05-05
2012,5,5,23,66.0,2012-05-05
2012,5,6,0,68.0,2012-05-06
2012,5,6,1,61.0,2012-05-06
2012,5,6,2,62.0,2012-05-06
2012,5,6,3,70.0,2012-05-06
2012,5,6,4,80.0,2012-05-06
2012,5,6,5,79.0,2012-05-06
2012,5,6,6,104.0,2012-05-06
2012,5,6,7,90.0,2012-05-06
2012,5,6,8,102.0,2012-05-06
2012,5,6,9,100.0,2012-05-06
2012,5,6,10,118.0,2012-05-06
2012,5,6,11,132.0,2012-05-06
2012,5,6,12,110.0,2012-05-06
2012,5,6,13,284.0,2012-05-06
2012,5,6,14,96.0,2012-05-06
2012,5,6,15,113.0,2012-05-06
2012,5,6,16,142.0,2012-05-06
2012,5,6,17,180.0,2012-05-06
2012,5,6,18,141.0,2012-05-06
2012,5,6,19,136.0,2012-05-06
2012,5,6,20,95.0,2012-05-06
2012,5,6,21,79.0,2012-05-06
2012,5,6,22,48.0,2012-05-06
2012,5,6,23,58.0,2012-05-06
2012,5,7,0,57.0,2012-05-07
2012,5,7,1,57.0,2012-05-07
2012,5,7,2,64.0,2012-05-07
2012,5,7,3,61.0,2012-05-07
2012,5,7,4,73.0,2012-05-07
2012,5,7,5,98.0,2012-05-07
2012,5,7,6,76.0,2012-05-07
2012,5,7,7,78.0,2012-05-07
2012,5,7,8,84.0,2012-05-07
2012,5,7,9,84.0,2012-05-07
2012,5,7,10,76.0,2012-05-07
2012,5,7,11,64.0,2012-05-07
2012,5,7,12,87.0,2012-05-07
2012,5,7,13,75.0,2012-05-07
2012,5,7,14,76.0,2012-05-07
2012,5,7,15,97.0,2012-05-07
2012,5,7,16,105.0,2012-05-07
2012,5,7,17,96.0,2012-05-07
2012,5,7,18,110.0,2012-05-07
2012,5,7,19,146.0,2012-05-07
2012,5,7,20,134.0,2012-05-07
2012,5,7,21,113.0,2012-05-07
2012,5,7,22,98.0,2012-05-07
2012,5,7,23,84.0,2012-05-07
2012,5,8,0,71.0,2012-05-08
2012,5,8,1,65.0,2012-05-08
2012,5,8,2,59.0,2012-05-08
2012,5,8,3,77.0,2012-05-08
2012,5,8,4,78.0,2012-05-08
2012,5,8,5,76.0,2012-05-08
2012,5,8,6,99.0,2012-05-08
2012,5,8,7,91.0,2012-05-08
2012,5,8,8,135.0,2012-05-08
2012,5,8,9,120.0,2012-05-08
2012,5,8,10,112.0,2012-05-08
2012,5,8,11,109.0,2012-05-08
2012,5,8,12,100.0,2012-05-08
2012,5,8,13,81.0,2012-05-08
2012,5,8,14,83.0,2012-05-08
2012,5,8,15,73.0,2012-05-08
2012,5,8,16,73.0,2012-05-08
2012,5,8,17,71.0,2012-05-08
2012,5,8,18,71.0,2012-05-08
2012,5,8,19,57.0,2012-05-08
2012,5,8,20,69.0,2012-05-08
2012,5,8,21,80.0,2012-05-08
2012,5,8,22,84.0,2012-05-08
2012,5,8,23,77.0,2012-05-08
2012,5,9,0,71.0,2012-05-09
2012,5,9,1,95.0,2012-05-09
2012,5,9,2,136.0,2012-05-09
2012,5,9,3,105.0,2012-05-09
2012,5,9,4,99.0,2012-05-09
2012,5,9,5,105.0,2012-05-09
2012,5,9,6,108.0,2012-05-09
2012,5,9,7,125.0,2012-05-09
2012,5,9,8,166.0,2012-05-09
2012,5,9,9,154.0,2012-05-09
2012,5,9,10,124.0,2012-05-09
2012,5,9,11,146.0,2012-05-09
2012,5,9,12,146.0,2012-05-09
2012,5,9,13,99.0,2012-05-09
2012,5,9,14,75.0,2012-05-09
2012,5,9,15,65.0,2012-05-09
2012,5,9,16,124.0,2012-05-09
2012,5,9,17,102.0,2012-05-09
2012,5,9,18,79.0,2012-05-09
2012,5,9,19,82.0,2012-05-09
2012,5,9,20,91.0,2012-05-09
2012,5,9,21,96.0,2012-05-09
2012,5,9,22,131.0,2012-05-09
2012,5,9,23,125.0,2012-05-09
2012,5,10,0,148.0,2012-05-10
2012,5,10,1,142.0,2012-05-10
2012,5,10,2,153.0,2012-05-10
2012,5,10,3,163.0,2012-05-10
2012,5,10,4,166.0,2012-05-10
2012,5,10,5,184.0,2012-05-10
2012,5,10,6,312.0,2012-05-10
2012,5,10,7,195.0,2012-05-10
2012,5,10,8,168.0,2012-05-10
2012,5,10,9,166.0,2012-05-10
2012,5,10,10,164.0,2012-05-10
2012,5,10,11,160.0,2012-05-10
2012,5,10,12,166.0,2012-05-10
2012,5,10,13,177.0,2012-05-10
2012,5,10,14,165.0,2012-05-10
2012,5,10,15,171.0,2012-05-10
2012,5,10,16,172.0,2012-05-10
2012,5,10,17,164.0,2012-05-10
2012,5,10,18,161.0,2012-05-10
2012,5,10,19,164.0,2012-05-10
2012,5,10,20,152.0,2012-05-10
2012,5,10,21,204.0,2012-05-10
2012,5,10,22,209.0,2012-05-10
2012,5,10,23,228.0,2012-05-10
2012,5,11,0,247.0,2012-05-11
2012,5,11,1,265.0,2012-05-11
2012,5,11,2,263.0,2012-05-11
2012,5,11,3,207.0,2012-05-11
2012,5,11,4,153.0,2012-05-11
2012,5,11,5,152.0,2012-05-11
2012,5,11,6,141.0,2012-05-11
2012,5,11,7,144.0,2012-05-11
2012,5,11,8,153.0,2012-05-11
2012,5,11,9,137.0,2012-05-11
2012,5,11,10,128.0,2012-05-11
2012,5,11,11,126.0,2012-05-11
2012,5,11,12,123.0,2012-05-11
2012,5,11,13,116.0,2012-05-11
2012,5,11,14,122.0,2012-05-11
2012,5,11,15,142.0,2012-05-11
2012,5,11,16,143.0,2012-05-11
2012,5,11,17,144.0,2012-05-11
2012,5,11,18,152.0,2012-05-11
2012,5,11,19,153.0,2012-05-11
2012,5,11,20,148.0,2012-05-11
2012,5,11,21,149.0,2012-05-11
2012,5,11,22,137.0,2012-05-11
2012,5,11,23,138.0,2012-05-11
2012,5,12,0,138.0,2012-05-12
2012,5,12,1,152.0,2012-05-12
2012,5,12,2,143.0,2012-05-12
2012,5,12,3,139.0,2012-05-12
2012,5,12,4,124.0,2012-05-12
2012,5,12,5,123.0,2012-05-12
2012,5,12,6,131.0,2012-05-12
2012,5,12,7,128.0,2012-05-12
2012,5,12,8,141.0,2012-05-12
2012,5,12,9,149.0,2012-05-12
2012,5,12,10,153.0,2012-05-12
2012,5,12,11,135.0,2012-05-12
2012,5,12,12,56.0,2012-05-12
2012,5,12,13,51.0,2012-05-12
2012,5,12,14,38.0,2012-05-12
2012,5,12,15,28.0,2012-05-12
2012,5,12,16,29.0,2012-05-12
2012,5,12,17,78.0,2012-05-12
2012,5,12,18,87.0,2012-05-12
2012,5,12,19,80.0,2012-05-12
2012,5,12,20,83.0,2012-05-12
2012,5,12,21,85.0,2012-05-12
2012,5,12,22,124.0,2012-05-12
2012,5,12,23,122.0,2012-05-12
2012,5,13,0,130.0,2012-05-13
2012,5,13,1,121.0,2012-05-13
2012,5,13,2,138.0,2012-05-13
2012,5,13,3,157.0,2012-05-13
2012,5,13,4,164.0,2012-05-13
2012,5,13,5,170.0,2012-05-13
2012,5,13,6,189.0,2012-05-13
2012,5,13,7,186.0,2012-05-13
2012,5,13,8,185.0,2012-05-13
2012,5,13,9,193.0,2012-05-13
2012,5,13,10,212.0,2012-05-13
2012,5,13,11,191.0,2012-05-13
2012,5,13,12,194.0,2012-05-13
2012,5,13,13,124.0,2012-05-13
2012,5,13,14,103.0,2012-05-13
2012,5,13,15,100.0,2012-05-13
2012,5,13,16,66.0,2012-05-13
2012,5,13,17,55.0,2012-05-13
2012,5,13,18,84.0,2012-05-13
2012,5,13,19,78.0,2012-05-13
2012,5,13,20,84.0,2012-05-13
2012,5,13,21,164.0,2012-05-13
2012,5,13,22,94.0,2012-05-13
2012,5,13,23,99.0,2012-05-13
2012,5,14,0,96.0,2012-05-14
2012,5,14,1,83.0,2012-05-14
2012,5,14,2,70.0,2012-05-14
2012,5,14,3,70.0,2012-05-14
2012,5,14,4,69.0,2012-05-14
2012,5,14,5,69.0,2012-05-14
2012,5,14,6,71.0,2012-05-14
2012,5,14,7,61.0,2012-05-14
2012,5,14,8,31.0,2012-05-14
2012,5,14,9,26.0,2012-05-14
2012,5,14,10,52.0,2012-05-14
2012,5,14,11,53.0,2012-05-14
2012,5,14,12,52.0,2012-05-14
2012,5,14,13,50.0,2012-05-14
2012,5,14,14,37.0,2012-05-14
2012,5,14,15,33.0,2012-05-14
2012,5,14,16,30.0,2012-05-14
2012,5,14,17,16.0,2012-05-14
2012,5,14,18,15.0,2012-05-14
2012,5,14,19,14.0,2012-05-14
2012,5,14,20,15.0,2012-05-14
2012,5,14,21,26.0,2012-05-14
2012,5,14,22,37.0,2012-05-14
2012,5,14,23,37.0,2012-05-14
2012,5,15,0,43.0,2012-05-15
2012,5,15,1,44.0,2012-05-15
2012,5,15,2,36.0,2012-05-15
2012,5,15,3,47.0,2012-05-15
2012,5,15,4,46.0,2012-05-15
2012,5,15,5,51.0,2012-05-15
2012,5,15,6,51.0,2012-05-15
2012,5,15,7,41.0,2012-05-15
2012,5,15,8,37.0,2012-05-15
2012,5,15,9,33.0,2012-05-15
2012,5,15,10,38.0,2012-05-15
2012,5,15,11,42.0,2012-05-15
2012,5,15,12,27.0,2012-05-15
2012,5,15,13,38.0,2012-05-15
2012,5,15,14,37.0,2012-05-15
2012,5,15,15,28.0,2012-05-15
2012,5,15,16,16.0,2012-05-15
2012,5,15,17,22.0,2012-05-15
2012,5,15,18,16.0,2012-05-15
2012,5,15,19,19.0,2012-05-15
2012,5,15,20,12.0,2012-05-15
2012,5,15,21,22.0,2012-05-15
2012,5,15,22,36.0,2012-05-15
2012,5,15,23,31.0,2012-05-15
2012,5,16,0,40.0,2012-05-16
2012,5,16,1,51.0,2012-05-16
2012,5,16,2,32.0,2012-05-16
2012,5,16,3,43.0,2012-05-16
2012,5,16,4,44.0,2012-05-16
2012,5,16,5,18.0,2012-05-16
2012,5,16,6,15.0,2012-05-16
2012,5,16,7,15.0,2012-05-16
2012,5,16,8,19.0,2012-05-16
2012,5,16,9,25.0,2012-05-16
2012,5,16,10,20.0,2012-05-16
2012,5,16,11,22.0,2012-05-16
2012,5,16,12,18.0,2012-05-16
2012,5,16,13,24.0,2012-05-16
2012,5,16,14,22.0,2012-05-16
2012,5,16,15,30.0,2012-05-16
2012,5,16,16,28.0,2012-05-16
2012,5,16,17,33.0,2012-05-16
2012,5,16,18,25.0,2012-05-16
2012,5,16,19,27.0,2012-05-16
2012,5,16,20,32.0,2012-05-16
2012,5,16,21,38.0,2012-05-16
2012,5,16,22,32.0,2012-05-16
2012,5,16,23,28.0,2012-05-16
2012,5,17,0,38.0,2012-05-17
2012,5,17,1,40.0,2012-05-17
2012,5,17,2,36.0,2012-05-17
2012,5,17,3,44.0,2012-05-17
2012,5,17,4,58.0,2012-05-17
2012,5,17,5,50.0,2012-05-17
2012,5,17,6,47.0,2012-05-17
2012,5,17,7,58.0,2012-05-17
2012,5,17,8,73.0,2012-05-17
2012,5,17,9,73.0,2012-05-17
2012,5,17,10,87.0,2012-05-17
2012,5,17,11,102.0,2012-05-17
2012,5,17,12,79.0,2012-05-17
2012,5,17,13,92.0,2012-05-17
2012,5,17,14,66.0,2012-05-17
2012,5,17,15,67.0,2012-05-17
2012,5,17,16,85.0,2012-05-17
2012,5,17,17,54.0,2012-05-17
2012,5,17,18,50.0,2012-05-17
2012,5,17,19,42.0,2012-05-17
2012,5,17,20,25.0,2012-05-17
2012,5,17,21,27.0,2012-05-17
2012,5,17,22,27.0,2012-05-17
2012,5,17,23,27.0,2012-05-17
2012,5,18,0,34.0,2012-05-18
2012,5,18,1,32.0,2012-05-18
2012,5,18,2,28.0,2012-05-18
2012,5,18,3,35.0,2012-05-18
2012,5,18,4,45.0,2012-05-18
2012,5,18,5,52.0,2012-05-18
2012,5,18,6,55.0,2012-05-18
2012,5,18,7,67.0,2012-05-18
2012,5,18,8,69.0,2012-05-18
2012,5,18,9,72.0,2012-05-18
2012,5,18,10,85.0,2012-05-18
2012,5,18,11,107.0,2012-05-18
2012,5,18,12,106.0,2012-05-18
2012,5,18,13,136.0,2012-05-18
2012,5,18,14,134.0,2012-05-18
2012,5,18,15,127.0,2012-05-18
2012,5,18,16,125.0,2012-05-18
2012,5,18,17,108.0,2012-05-18
2012,5,18,18,122.0,2012-05-18
2012,5,18,19,130.0,2012-05-18
2012,5,18,20,138.0,2012-05-18
2012,5,18,21,129.0,2012-05-18
2012,5,18,22,136.0,2012-05-18
2012,5,18,23,140.0,2012-05-18
2012,5,19,0,146.0,2012-05-19
2012,5,19,1,137.0,2012-05-19
2012,5,19,2,139.0,2012-05-19
2012,5,19,3,123.0,2012-05-19
2012,5,19,4,136.0,2012-05-19
2012,5,19,5,140.0,2012-05-19
2012,5,19,6,150.0,2012-05-19
2012,5,19,7,160.0,2012-05-19
2012,5,19,8,151.0,2012-05-19
2012,5,19,9,156.0,2012-05-19
2012,5,19,10,159.0,2012-05-19
2012,5,19,11,298.0,2012-05-19
2012,5,19,12,164.0,2012-05-19
2012,5,19,13,164.0,2012-05-19
2012,5,19,14,162.0,2012-05-19
2012,5,19,15,163.0,2012-05-19
2012,5,19,16,154.0,2012-05-19
2012,5,19,17,147.0,2012-05-19
2012,5,19,18,136.0,2012-05-19
2012,5,19,19,128.0,2012-05-19
2012,5,19,20,128.21951219512195,2012-05-19
2012,5,19,21,128.4390243902439,2012-05-19
2012,5,19,22,128.65853658536585,2012-05-19
2012,5,19,23,128.8780487804878,2012-05-19
2012,5,20,0,129.09756097560975,2012-05-20
2012,5,20,1,129.3170731707317,2012-05-20
2012,5,20,2,129.53658536585365,2012-05-20
2012,5,20,3,129.7560975609756,2012-05-20
2012,5,20,4,129.97560975609755,2012-05-20
2012,5,20,5,130.1951219512195,2012-05-20
2012,5,20,6,130.41463414634146,2012-05-20
2012,5,20,7,130.6341463414634,2012-05-20
2012,5,20,8,130.85365853658536,2012-05-20
2012,5,20,9,131.0731707317073,2012-05-20
2012,5,20,10,131.29268292682926,2012-05-20
2012,5,20,11,131.5121951219512,2012-05-20
2012,5,20,12,131.73170731707316,2012-05-20
2012,5,20,13,131.9512195121951,2012-05-20
2012,5,20,14,132.17073170731706,2012-05-20
2012,5,20,15,132.390243902439,2012-05-20
2012,5,20,16,132.609756097561,2012-05-20
2012,5,20,17,132.82926829268294,2012-05-20
2012,5,20,18,133.0487804878049,2012-05-20
2012,5,20,19,133.26829268292684,2012-05-20
2012,5,20,20,133.4878048780488,2012-05-20
2012,5,20,21,133.70731707317074,2012-05-20
2012,5,20,22,133.9268292682927,2012-05-20
2012,5,20,23,134.14634146341464,2012-05-20
2012,5,21,0,134.3658536585366,2012-05-21
2012,5,21,1,134.58536585365854,2012-05-21
2012,5,21,2,134.8048780487805,2012-05-21
2012,5,21,3,135.02439024390245,2012-05-21
2012,5,21,4,135.2439024390244,2012-05-21
2012,5,21,5,135.46341463414635,2012-05-21
2012,5,21,6,135.6829268292683,2012-05-21
2012,5,21,7,135.90243902439025,2012-05-21
2012,5,21,8,136.1219512195122,2012-05-21
2012,5,21,9,136.34146341463415,2012-05-21
2012,5,21,10,136.5609756097561,2012-05-21
2012,5,21,11,136.78048780487805,2012-05-21
2012,5,21,12,137.0,2012-05-21
2012,5,21,13,157.0,2012-05-21
2012,5,21,14,164.0,2012-05-21
2012,5,21,15,167.0,2012-05-21
2012,5,21,16,165.0,2012-05-21
2012,5,21,17,136.0,2012-05-21
2012,5,21,18,123.0,2012-05-21
2012,5,21,19,116.0,2012-05-21
2012,5,21,20,119.0,2012-05-21
2012,5,21,21,135.0,2012-05-21
2012,5,21,22,155.0,2012-05-21
2012,5,21,23,168.0,2012-05-21
2012,5,22,0,170.0,2012-05-22
2012,5,22,1,145.0,2012-05-22
2012,5,22,2,93.0,2012-05-22
2012,5,22,3,86.0,2012-05-22
2012,5,22,4,75.0,2012-05-22
2012,5,22,5,90.0,2012-05-22
2012,5,22,6,102.0,2012-05-22
2012,5,22,7,97.88888888888889,2012-05-22
2012,5,22,8,93.77777777777777,2012-05-22
2012,5,22,9,89.66666666666667,2012-05-22
2012,5,22,10,85.55555555555556,2012-05-22
2012,5,22,11,81.44444444444444,2012-05-22
2012,5,22,12,77.33333333333333,2012-05-22
2012,5,22,13,73.22222222222223,2012-05-22
2012,5,22,14,69.11111111111111,2012-05-22
2012,5,22,15,65.0,2012-05-22
2012,5,22,16,61.0,2012-05-22
2012,5,22,17,50.0,2012-05-22
2012,5,22,18,61.0,2012-05-22
2012,5,22,19,58.0,2012-05-22
2012,5,22,20,68.0,2012-05-22
2012,5,22,21,72.0,2012-05-22
2012,5,22,22,117.0,2012-05-22
2012,5,22,23,129.0,2012-05-22
2012,5,23,0,132.0,2012-05-23
2012,5,23,1,107.0,2012-05-23
2012,5,23,2,85.0,2012-05-23
2012,5,23,3,52.0,2012-05-23
2012,5,23,4,19.0,2012-05-23
2012,5,23,5,15.0,2012-05-23
2012,5,23,6,17.0,2012-05-23
2012,5,23,7,13.0,2012-05-23
2012,5,23,8,13.0,2012-05-23
2012,5,23,9,12.0,2012-05-23
2012,5,23,10,10.0,2012-05-23
2012,5,23,11,15.0,2012-05-23
2012,5,23,12,12.0,2012-05-23
2012,5,23,13,11.0,2012-05-23
2012,5,23,14,17.0,2012-05-23
2012,5,23,15,16.0,2012-05-23
2012,5,23,16,15.0,2012-05-23
2012,5,23,17,19.0,2012-05-23
2012,5,23,18,23.0,2012-05-23
2012,5,23,19,34.0,2012-05-23
2012,5,23,20,30.0,2012-05-23
2012,5,23,21,35.0,2012-05-23
2012,5,23,22,40.0,2012-05-23
2012,5,23,23,49.0,2012-05-23
2012,5,24,0,51.0,2012-05-24
2012,5,24,1,47.0,2012-05-24
2012,5,24,2,51.0,2012-05-24
2012,5,24,3,65.0,2012-05-24
2012,5,24,4,80.0,2012-05-24
2012,5,24,5,63.0,2012-05-24
2012,5,24,6,52.0,2012-05-24
2012,5,24,7,48.0,2012-05-24
2012,5,24,8,33.0,2012-05-24
2012,5,24,9,57.0,2012-05-24
2012,5,24,10,33.0,2012-05-24
2012,5,24,11,25.333333333333332,2012-05-24
2012,5,24,12,17.666666666666664,2012-05-24
2012,5,24,13,10.0,2012-05-24
2012,5,24,14,6.0,2012-05-24
2012,5,24,15,8.0,2012-05-24
2012,5,24,16,6.0,2012-05-24
2012,5,24,17,6.0,2012-05-24
2012,5,24,18,19.0,2012-05-24
2012,5,24,19,17.0,2012-05-24
2012,5,24,20,16.0,2012-05-24
2012,5,24,21,19.0,2012-05-24
2012,5,24,22,31.0,2012-05-24
2012,5,24,23,56.0,2012-05-24
2012,5,25,0,69.0,2012-05-25
2012,5,25,1,91.0,2012-05-25
2012,5,25,2,84.0,2012-05-25
2012,5,25,3,70.0,2012-05-25
2012,5,25,4,48.0,2012-05-25
2012,5,25,5,48.0,2012-05-25
2012,5,25,6,30.0,2012-05-25
2012,5,25,7,15.0,2012-05-25
2012,5,25,8,22.0,2012-05-25
2012,5,25,9,22.0,2012-05-25
2012,5,25,10,39.0,2012-05-25
2012,5,25,11,48.0,2012-05-25
2012,5,25,12,49.0,2012-05-25
2012,5,25,13,72.0,2012-05-25
2012,5,25,14,73.0,2012-05-25
2012,5,25,15,66.0,2012-05-25
2012,5,25,16,63.0,2012-05-25
2012,5,25,17,27.0,2012-05-25
2012,5,25,18,31.0,2012-05-25
2012,5,25,19,39.0,2012-05-25
2012,5,25,20,42.0,2012-05-25
2012,5,25,21,63.0,2012-05-25
2012,5,25,22,83.0,2012-05-25
2012,5,25,23,98.0,2012-05-25
2012,5,26,0,99.0,2012-05-26
2012,5,26,1,98.0,2012-05-26
2012,5,26,2,98.0,2012-05-26
2012,5,26,3,93.0,2012-05-26
2012,5,26,4,95.0,2012-05-26
2012,5,26,5,138.0,2012-05-26
2012,5,26,6,144.0,2012-05-26
2012,5,26,7,146.0,2012-05-26
2012,5,26,8,156.0,2012-05-26
2012,5,26,9,129.0,2012-05-26
2012,5,26,10,122.0,2012-05-26
2012,5,26,11,104.0,2012-05-26
2012,5,26,12,75.0,2012-05-26
2012,5,26,13,67.0,2012-05-26
2012,5,26,14,46.0,2012-05-26
2012,5,26,15,27.0,2012-05-26
2012,5,26,16,39.0,2012-05-26
2012,5,26,17,32.0,2012-05-26
2012,5,26,18,31.0,2012-05-26
2012,5,26,19,31.0,2012-05-26
2012,5,26,20,36.0,2012-05-26
2012,5,26,21,28.0,2012-05-26
2012,5,26,22,43.0,2012-05-26
2012,5,26,23,56.0,2012-05-26
2012,5,27,0,54.0,2012-05-27
2012,5,27,1,53.0,2012-05-27
2012,5,27,2,58.0,2012-05-27
2012,5,27,3,63.0,2012-05-27
2012,5,27,4,77.0,2012-05-27
2012,5,27,5,79.0,2012-05-27
2012,5,27,6,80.0,2012-05-27
2012,5,27,7,84.0,2012-05-27
2012,5,27,8,101.0,2012-05-27
2012,5,27,9,104.0,2012-05-27
2012,5,27,10,105.0,2012-05-27
2012,5,27,11,134.0,2012-05-27
2012,5,27,12,162.0,2012-05-27
2012,5,27,13,147.0,2012-05-27
2012,5,27,14,133.0,2012-05-27
2012,5,27,15,136.0,2012-05-27
2012,5,27,16,144.0,2012-05-27
2012,5,27,17,149.0,2012-05-27
2012,5,27,18,151.0,2012-05-27
2012,5,27,19,140.0,2012-05-27
2012,5,27,20,138.0,2012-05-27
2012,5,27,21,152.0,2012-05-27
2012,5,27,22,158.0,2012-05-27
2012,5,27,23,139.0,2012-05-27
2012,5,28,0,124.0,2012-05-28
2012,5,28,1,120.0,2012-05-28
2012,5,28,2,133.0,2012-05-28
2012,5,28,3,135.0,2012-05-28
2012,5,28,4,125.0,2012-05-28
2012,5,28,5,137.0,2012-05-28
2012,5,28,6,146.0,2012-05-28
2012,5,28,7,137.0,2012-05-28
2012,5,28,8,131.0,2012-05-28
2012,5,28,9,125.0,2012-05-28
2012,5,28,10,130.0,2012-05-28
2012,5,28,11,136.0,2012-05-28
2012,5,28,12,143.0,2012-05-28
2012,5,28,13,149.0,2012-05-28
2012,5,28,14,152.0,2012-05-28
2012,5,28,15,144.0,2012-05-28
2012,5,28,16,105.0,2012-05-28
2012,5,28,17,87.0,2012-05-28
2012,5,28,18,82.0,2012-05-28
2012,5,28,19,104.0,2012-05-28
2012,5,28,20,125.0,2012-05-28
2012,5,28,21,137.5,2012-05-28
2012,5,28,22,150.0,2012-05-28
2012,5,28,23,134.0,2012-05-28
2012,5,29,0,94.0,2012-05-29
2012,5,29,1,89.0,2012-05-29
2012,5,29,2,97.0,2012-05-29
2012,5,29,3,94.0,2012-05-29
2012,5,29,4,96.0,2012-05-29
2012,5,29,5,101.0,2012-05-29
2012,5,29,6,86.0,2012-05-29
2012,5,29,7,94.0,2012-05-29
2012,5,29,8,102.0,2012-05-29
2012,5,29,9,96.0,2012-05-29
2012,5,29,10,99.0,2012-05-29
2012,5,29,11,104.0,2012-05-29
2012,5,29,12,99.0,2012-05-29
2012,5,29,13,93.0,2012-05-29
2012,5,29,14,105.0,2012-05-29
2012,5,29,15,76.0,2012-05-29
2012,5,29,16,33.0,2012-05-29
2012,5,29,17,26.0,2012-05-29
2012,5,29,18,18.0,2012-05-29
2012,5,29,19,15.0,2012-05-29
2012,5,29,20,15.0,2012-05-29
2012,5,29,21,22.0,2012-05-29
2012,5,29,22,26.0,2012-05-29
2012,5,29,23,15.0,2012-05-29
2012,5,30,0,11.0,2012-05-30
2012,5,30,1,8.0,2012-05-30
2012,5,30,2,16.0,2012-05-30
2012,5,30,3,12.0,2012-05-30
2012,5,30,4,18.0,2012-05-30
2012,5,30,5,14.0,2012-05-30
2012,5,30,6,14.0,2012-05-30
2012,5,30,7,9.0,2012-05-30
2012,5,30,8,6.0,2012-05-30
2012,5,30,9,5.0,2012-05-30
2012,5,30,10,5.0,2012-05-30
2012,5,30,11,6.0,2012-05-30
2012,5,30,12,6.0,2012-05-30
2012,5,30,13,8.0,2012-05-30
2012,5,30,14,11.0,2012-05-30
2012,5,30,15,10.0,2012-05-30
2012,5,30,16,12.0,2012-05-30
2012,5,30,17,14.0,2012-05-30
2012,5,30,18,15.0,2012-05-30
2012,5,30,19,9.0,2012-05-30
2012,5,30,20,16.0,2012-05-30
2012,5,30,21,27.0,2012-05-30
2012,5,30,22,29.0,2012-05-30
2012,5,30,23,43.0,2012-05-30
2012,5,31,0,68.0,2012-05-31
2012,5,31,1,67.0,2012-05-31
2012,5,31,2,60.0,2012-05-31
2012,5,31,3,71.0,2012-05-31
2012,5,31,4,80.0,2012-05-31
2012,5,31,5,122.0,2012-05-31
2012,5,31,6,115.0,2012-05-31
2012,5,31,7,103.0,2012-05-31
2012,5,31,8,82.0,2012-05-31
2012,5,31,9,88.0,2012-05-31
2012,5,31,10,80.0,2012-05-31
2012,5,31,11,87.0,2012-05-31
2012,5,31,12,68.0,2012-05-31
2012,5,31,13,53.0,2012-05-31
2012,5,31,14,37.0,2012-05-31
2012,5,31,15,38.0,2012-05-31
2012,5,31,16,43.0,2012-05-31
2012,5,31,17,51.0,2012-05-31
2012,5,31,18,37.0,2012-05-31
2012,5,31,19,46.0,2012-05-31
2012,5,31,20,43.0,2012-05-31
2012,5,31,21,48.0,2012-05-31
2012,5,31,22,50.0,2012-05-31
2012,5,31,23,40.0,2012-05-31
2012,6,1,0,50.0,2012-06-01
2012,6,1,1,51.0,2012-06-01
2012,6,1,2,55.0,2012-06-01
2012,6,1,3,63.0,2012-06-01
2012,6,1,4,57.0,2012-06-01
2012,6,1,5,58.0,2012-06-01
2012,6,1,6,65.0,2012-06-01
2012,6,1,7,55.0,2012-06-01
2012,6,1,8,53.0,2012-06-01
2012,6,1,9,54.0,2012-06-01
2012,6,1,10,55.0,2012-06-01
2012,6,1,11,55.0,2012-06-01
2012,6,1,12,55.0,2012-06-01
2012,6,1,13,55.0,2012-06-01
2012,6,1,14,52.0,2012-06-01
2012,6,1,15,66.0,2012-06-01
2012,6,1,16,71.0,2012-06-01
2012,6,1,17,83.0,2012-06-01
2012,6,1,18,108.0,2012-06-01
2012,6,1,19,115.0,2012-06-01
2012,6,1,20,121.0,2012-06-01
2012,6,1,21,138.0,2012-06-01
2012,6,1,22,152.0,2012-06-01
2012,6,1,23,151.0,2012-06-01
2012,6,2,0,143.0,2012-06-02
2012,6,2,1,144.0,2012-06-02
2012,6,2,2,149.0,2012-06-02
2012,6,2,3,143.0,2012-06-02
2012,6,2,4,141.0,2012-06-02
2012,6,2,5,145.0,2012-06-02
2012,6,2,6,155.0,2012-06-02
2012,6,2,7,189.0,2012-06-02
2012,6,2,8,180.0,2012-06-02
2012,6,2,9,185.0,2012-06-02
2012,6,2,10,168.0,2012-06-02
2012,6,2,11,158.0,2012-06-02
2012,6,2,12,143.0,2012-06-02
2012,6,2,13,108.0,2012-06-02
2012,6,2,14,69.0,2012-06-02
2012,6,2,15,63.0,2012-06-02
2012,6,2,16,62.0,2012-06-02
2012,6,2,17,63.0,2012-06-02
2012,6,2,18,67.0,2012-06-02
2012,6,2,19,71.0,2012-06-02
2012,6,2,20,95.0,2012-06-02
2012,6,2,21,117.0,2012-06-02
2012,6,2,22,130.0,2012-06-02
2012,6,2,23,146.0,2012-06-02
2012,6,3,0,159.0,2012-06-03
2012,6,3,1,168.0,2012-06-03
2012,6,3,2,178.0,2012-06-03
2012,6,3,3,175.0,2012-06-03
2012,6,3,4,207.0,2012-06-03
2012,6,3,5,233.0,2012-06-03
2012,6,3,6,248.0,2012-06-03
2012,6,3,7,244.0,2012-06-03
2012,6,3,8,237.0,2012-06-03
2012,6,3,9,239.0,2012-06-03
2012,6,3,10,242.0,2012-06-03
2012,6,3,11,246.0,2012-06-03
2012,6,3,12,238.0,2012-06-03
2012,6,3,13,206.0,2012-06-03
2012,6,3,14,216.0,2012-06-03
2012,6,3,15,261.0,2012-06-03
2012,6,3,16,59.0,2012-06-03
2012,6,3,17,39.0,2012-06-03
2012,6,3,18,41.0,2012-06-03
2012,6,3,19,57.0,2012-06-03
2012,6,3,20,63.0,2012-06-03
2012,6,3,21,92.0,2012-06-03
2012,6,3,22,84.0,2012-06-03
2012,6,3,23,80.0,2012-06-03
2012,6,4,0,95.0,2012-06-04
2012,6,4,1,120.0,2012-06-04
2012,6,4,2,135.0,2012-06-04
2012,6,4,3,140.0,2012-06-04
2012,6,4,4,139.0,2012-06-04
2012,6,4,5,141.0,2012-06-04
2012,6,4,6,146.0,2012-06-04
2012,6,4,7,161.0,2012-06-04
2012,6,4,8,167.0,2012-06-04
2012,6,4,9,164.0,2012-06-04
2012,6,4,10,148.0,2012-06-04
2012,6,4,11,135.0,2012-06-04
2012,6,4,12,141.0,2012-06-04
2012,6,4,13,143.0,2012-06-04
2012,6,4,14,154.0,2012-06-04
2012,6,4,15,118.0,2012-06-04
2012,6,4,16,75.0,2012-06-04
2012,6,4,17,66.0,2012-06-04
2012,6,4,18,62.0,2012-06-04
2012,6,4,19,74.0,2012-06-04
2012,6,4,20,61.0,2012-06-04
2012,6,4,21,52.0,2012-06-04
2012,6,4,22,47.0,2012-06-04
2012,6,4,23,56.0,2012-06-04
2012,6,5,0,69.0,2012-06-05
2012,6,5,1,70.0,2012-06-05
2012,6,5,2,72.0,2012-06-05
2012,6,5,3,86.0,2012-06-05
2012,6,5,4,109.0,2012-06-05
2012,6,5,5,97.0,2012-06-05
2012,6,5,6,88.0,2012-06-05
2012,6,5,7,87.0,2012-06-05
2012,6,5,8,76.0,2012-06-05
2012,6,5,9,42.0,2012-06-05
2012,6,5,10,15.0,2012-06-05
2012,6,5,11,13.0,2012-06-05
2012,6,5,12,6.0,2012-06-05
2012,6,5,13,5.0,2012-06-05
2012,6,5,14,8.0,2012-06-05
2012,6,5,15,8.0,2012-06-05
2012,6,5,16,20.0,2012-06-05
2012,6,5,17,47.0,2012-06-05
2012,6,5,18,52.0,2012-06-05
2012,6,5,19,54.0,2012-06-05
2012,6,5,20,46.0,2012-06-05
2012,6,5,21,57.0,2012-06-05
2012,6,5,22,135.0,2012-06-05
2012,6,5,23,166.0,2012-06-05
2012,6,6,0,199.0,2012-06-06
2012,6,6,1,237.0,2012-06-06
2012,6,6,2,219.0,2012-06-06
2012,6,6,3,148.0,2012-06-06
2012,6,6,4,141.0,2012-06-06
2012,6,6,5,122.0,2012-06-06
2012,6,6,6,130.0,2012-06-06
2012,6,6,7,148.0,2012-06-06
2012,6,6,8,167.0,2012-06-06
2012,6,6,9,194.0,2012-06-06
2012,6,6,10,193.0,2012-06-06
2012,6,6,11,191.0,2012-06-06
2012,6,6,12,189.0,2012-06-06
2012,6,6,13,205.0,2012-06-06
2012,6,6,14,203.0,2012-06-06
2012,6,6,15,204.0,2012-06-06
2012,6,6,16,212.0,2012-06-06
2012,6,6,17,168.0,2012-06-06
2012,6,6,18,46.0,2012-06-06
2012,6,6,19,49.0,2012-06-06
2012,6,6,20,45.0,2012-06-06
2012,6,6,21,50.0,2012-06-06
2012,6,6,22,59.0,2012-06-06
2012,6,6,23,56.0,2012-06-06
2012,6,7,0,48.0,2012-06-07
2012,6,7,1,50.0,2012-06-07
2012,6,7,2,43.0,2012-06-07
2012,6,7,3,49.0,2012-06-07
2012,6,7,4,56.0,2012-06-07
2012,6,7,5,50.0,2012-06-07
2012,6,7,6,49.0,2012-06-07
2012,6,7,7,45.0,2012-06-07
2012,6,7,8,38.0,2012-06-07
2012,6,7,9,44.0,2012-06-07
2012,6,7,10,48.0,2012-06-07
2012,6,7,11,50.0,2012-06-07
2012,6,7,12,53.0,2012-06-07
2012,6,7,13,55.0,2012-06-07
2012,6,7,14,61.0,2012-06-07
2012,6,7,15,87.0,2012-06-07
2012,6,7,16,91.0,2012-06-07
2012,6,7,17,101.0,2012-06-07
2012,6,7,18,98.0,2012-06-07
2012,6,7,19,87.0,2012-06-07
2012,6,7,20,80.0,2012-06-07
2012,6,7,21,108.0,2012-06-07
2012,6,7,22,129.0,2012-06-07
2012,6,7,23,29.0,2012-06-07
2012,6,8,0,17.0,2012-06-08
2012,6,8,1,23.0,2012-06-08
2012,6,8,2,101.0,2012-06-08
2012,6,8,3,99.0,2012-06-08
2012,6,8,4,85.0,2012-06-08
2012,6,8,5,90.0,2012-06-08
2012,6,8,6,81.0,2012-06-08
2012,6,8,7,82.0,2012-06-08
2012,6,8,8,103.0,2012-06-08
2012,6,8,9,107.0,2012-06-08
2012,6,8,10,121.0,2012-06-08
2012,6,8,11,111.0,2012-06-08
2012,6,8,12,98.0,2012-06-08
2012,6,8,13,82.0,2012-06-08
2012,6,8,14,63.0,2012-06-08
2012,6,8,15,56.0,2012-06-08
2012,6,8,16,56.0,2012-06-08
2012,6,8,17,33.0,2012-06-08
2012,6,8,18,36.0,2012-06-08
2012,6,8,19,46.0,2012-06-08
2012,6,8,20,58.0,2012-06-08
2012,6,8,21,74.0,2012-06-08
2012,6,8,22,69.0,2012-06-08
2012,6,8,23,73.0,2012-06-08
2012,6,9,0,71.0,2012-06-09
2012,6,9,1,82.0,2012-06-09
2012,6,9,2,75.0,2012-06-09
2012,6,9,3,93.0,2012-06-09
2012,6,9,4,110.0,2012-06-09
2012,6,9,5,161.0,2012-06-09
2012,6,9,6,197.0,2012-06-09
2012,6,9,7,189.0,2012-06-09
2012,6,9,8,186.0,2012-06-09
2012,6,9,9,192.0,2012-06-09
2012,6,9,10,178.0,2012-06-09
2012,6,9,11,181.0,2012-06-09
2012,6,9,12,177.0,2012-06-09
2012,6,9,13,178.0,2012-06-09
2012,6,9,14,140.0,2012-06-09
2012,6,9,15,116.0,2012-06-09
2012,6,9,16,104.0,2012-06-09
2012,6,9,17,66.0,2012-06-09
2012,6,9,18,23.0,2012-06-09
2012,6,9,19,29.0,2012-06-09
2012,6,9,20,33.0,2012-06-09
2012,6,9,21,32.0,2012-06-09
2012,6,9,22,38.0,2012-06-09
2012,6,9,23,34.0,2012-06-09
2012,6,10,0,47.0,2012-06-10
2012,6,10,1,33.0,2012-06-10
2012,6,10,2,24.0,2012-06-10
2012,6,10,3,8.0,2012-06-10
2012,6,10,4,8.0,2012-06-10
2012,6,10,5,7.0,2012-06-10
2012,6,10,6,8.0,2012-06-10
2012,6,10,7,10.0,2012-06-10
2012,6,10,8,8.0,2012-06-10
2012,6,10,9,13.0,2012-06-10
2012,6,10,10,14.0,2012-06-10
2012,6,10,11,9.0,2012-06-10
2012,6,10,12,6.0,2012-06-10
2012,6,10,13,7.0,2012-06-10
2012,6,10,14,10.0,2012-06-10
2012,6,10,15,10.0,2012-06-10
2012,6,10,16,6.0,2012-06-10
2012,6,10,17,2.0,2012-06-10
2012,6,10,18,1.0,2012-06-10
2012,6,10,19,7.0,2012-06-10
2012,6,10,20,18.0,2012-06-10
2012,6,10,21,18.0,2012-06-10
2012,6,10,22,20.0,2012-06-10
2012,6,10,23,21.0,2012-06-10
2012,6,11,0,26.0,2012-06-11
2012,6,11,1,27.0,2012-06-11
2012,6,11,2,30.0,2012-06-11
2012,6,11,3,33.0,2012-06-11
2012,6,11,4,34.0,2012-06-11
2012,6,11,5,37.0,2012-06-11
2012,6,11,6,33.0,2012-06-11
2012,6,11,7,54.0,2012-06-11
2012,6,11,8,52.0,2012-06-11
2012,6,11,9,38.0,2012-06-11
2012,6,11,10,31.0,2012-06-11
2012,6,11,11,13.0,2012-06-11
2012,6,11,12,8.0,2012-06-11
2012,6,11,13,15.0,2012-06-11
2012,6,11,14,12.0,2012-06-11
2012,6,11,15,16.0,2012-06-11
2012,6,11,16,9.0,2012-06-11
2012,6,11,17,13.0,2012-06-11
2012,6,11,18,12.0,2012-06-11
2012,6,11,19,12.0,2012-06-11
2012,6,11,20,12.0,2012-06-11
2012,6,11,21,22.0,2012-06-11
2012,6,11,22,68.0,2012-06-11
2012,6,11,23,75.0,2012-06-11
2012,6,12,0,60.0,2012-06-12
2012,6,12,1,75.0,2012-06-12
2012,6,12,2,81.0,2012-06-12
2012,6,12,3,71.0,2012-06-12
2012,6,12,4,44.0,2012-06-12
2012,6,12,5,23.0,2012-06-12
2012,6,12,6,23.0,2012-06-12
2012,6,12,7,24.0,2012-06-12
2012,6,12,8,13.0,2012-06-12
2012,6,12,9,11.0,2012-06-12
2012,6,12,10,7.0,2012-06-12
2012,6,12,11,4.0,2012-06-12
2012,6,12,12,3.0,2012-06-12
2012,6,12,13,4.0,2012-06-12
2012,6,12,14,6.0,2012-06-12
2012,6,12,15,7.0,2012-06-12
2012,6,12,16,6.0,2012-06-12
2012,6,12,17,5.0,2012-06-12
2012,6,12,18,3.0,2012-06-12
2012,6,12,19,15.0,2012-06-12
2012,6,12,20,23.0,2012-06-12
2012,6,12,21,10.0,2012-06-12
2012,6,12,22,11.0,2012-06-12
2012,6,12,23,7.0,2012-06-12
2012,6,13,0,11.0,2012-06-13
2012,6,13,1,10.0,2012-06-13
2012,6,13,2,15.0,2012-06-13
2012,6,13,3,29.0,2012-06-13
2012,6,13,4,58.0,2012-06-13
2012,6,13,5,73.0,2012-06-13
2012,6,13,6,96.0,2012-06-13
2012,6,13,7,112.0,2012-06-13
2012,6,13,8,130.0,2012-06-13
2012,6,13,9,135.0,2012-06-13
2012,6,13,10,152.0,2012-06-13
2012,6,13,11,148.0,2012-06-13
2012,6,13,12,80.0,2012-06-13
2012,6,13,13,86.0,2012-06-13
2012,6,13,14,99.0,2012-06-13
2012,6,13,15,62.0,2012-06-13
2012,6,13,16,65.0,2012-06-13
2012,6,13,17,61.0,2012-06-13
2012,6,13,18,54.0,2012-06-13
2012,6,13,19,48.0,2012-06-13
2012,6,13,20,60.0,2012-06-13
2012,6,13,21,40.0,2012-06-13
2012,6,13,22,36.0,2012-06-13
2012,6,13,23,17.0,2012-06-13
2012,6,14,0,17.0,2012-06-14
2012,6,14,1,15.0,2012-06-14
2012,6,14,2,12.0,2012-06-14
2012,6,14,3,11.0,2012-06-14
2012,6,14,4,13.0,2012-06-14
2012,6,14,5,13.0,2012-06-14
2012,6,14,6,16.0,2012-06-14
2012,6,14,7,10.0,2012-06-14
2012,6,14,8,14.0,2012-06-14
2012,6,14,9,8.0,2012-06-14
2012,6,14,10,5.0,2012-06-14
2012,6,14,11,6.0,2012-06-14
2012,6,14,12,7.0,2012-06-14
2012,6,14,13,17.0,2012-06-14
2012,6,14,14,8.0,2012-06-14
2012,6,14,15,8.0,2012-06-14
2012,6,14,16,7.0,2012-06-14
2012,6,14,17,5.0,2012-06-14
2012,6,14,18,6.0,2012-06-14
2012,6,14,19,11.0,2012-06-14
2012,6,14,20,10.0,2012-06-14
2012,6,14,21,8.0,2012-06-14
2012,6,14,22,7.0,2012-06-14
2012,6,14,23,7.0,2012-06-14
2012,6,15,0,11.0,2012-06-15
2012,6,15,1,11.0,2012-06-15
2012,6,15,2,21.0,2012-06-15
2012,6,15,3,15.0,2012-06-15
2012,6,15,4,9.0,2012-06-15
2012,6,15,5,14.0,2012-06-15
2012,6,15,6,16.0,2012-06-15
2012,6,15,7,11.0,2012-06-15
2012,6,15,8,12.0,2012-06-15
2012,6,15,9,9.0,2012-06-15
2012,6,15,10,6.0,2012-06-15
2012,6,15,11,4.0,2012-06-15
2012,6,15,12,12.0,2012-06-15
2012,6,15,13,16.0,2012-06-15
2012,6,15,14,6.0,2012-06-15
2012,6,15,15,6.0,2012-06-15
2012,6,15,16,6.0,2012-06-15
2012,6,15,17,9.0,2012-06-15
2012,6,15,18,10.0,2012-06-15
2012,6,15,19,11.0,2012-06-15
2012,6,15,20,12.0,2012-06-15
2012,6,15,21,13.0,2012-06-15
2012,6,15,22,14.0,2012-06-15
2012,6,15,23,15.0,2012-06-15
2012,6,16,0,16.0,2012-06-16
2012,6,16,1,11.0,2012-06-16
2012,6,16,2,31.0,2012-06-16
2012,6,16,3,34.0,2012-06-16
2012,6,16,4,31.0,2012-06-16
2012,6,16,5,76.0,2012-06-16
2012,6,16,6,37.0,2012-06-16
2012,6,16,7,25.0,2012-06-16
2012,6,16,8,16.0,2012-06-16
2012,6,16,9,15.0,2012-06-16
2012,6,16,10,15.0,2012-06-16
2012,6,16,11,12.0,2012-06-16
2012,6,16,12,11.0,2012-06-16
2012,6,16,13,12.0,2012-06-16
2012,6,16,14,12.0,2012-06-16
2012,6,16,15,16.0,2012-06-16
2012,6,16,16,17.0,2012-06-16
2012,6,16,17,16.0,2012-06-16
2012,6,16,18,21.0,2012-06-16
2012,6,16,19,25.0,2012-06-16
2012,6,16,20,29.0,2012-06-16
2012,6,16,21,37.0,2012-06-16
2012,6,16,22,38.0,2012-06-16
2012,6,16,23,30.0,2012-06-16
2012,6,17,0,35.0,2012-06-17
2012,6,17,1,53.0,2012-06-17
2012,6,17,2,58.0,2012-06-17
2012,6,17,3,49.0,2012-06-17
2012,6,17,4,43.0,2012-06-17
2012,6,17,5,42.0,2012-06-17
2012,6,17,6,38.0,2012-06-17
2012,6,17,7,46.0,2012-06-17
2012,6,17,8,49.0,2012-06-17
2012,6,17,9,54.0,2012-06-17
2012,6,17,10,65.0,2012-06-17
2012,6,17,11,87.0,2012-06-17
2012,6,17,12,111.0,2012-06-17
2012,6,17,13,104.0,2012-06-17
2012,6,17,14,127.0,2012-06-17
2012,6,17,15,113.0,2012-06-17
2012,6,17,16,103.0,2012-06-17
2012,6,17,17,96.0,2012-06-17
2012,6,17,18,96.0,2012-06-17
2012,6,17,19,93.0,2012-06-17
2012,6,17,20,96.0,2012-06-17
2012,6,17,21,86.0,2012-06-17
2012,6,17,22,79.0,2012-06-17
2012,6,17,23,99.0,2012-06-17
2012,6,18,0,101.0,2012-06-18
2012,6,18,1,113.0,2012-06-18
2012,6,18,2,111.0,2012-06-18
2012,6,18,3,118.0,2012-06-18
2012,6,18,4,116.0,2012-06-18
2012,6,18,5,126.0,2012-06-18
2012,6,18,6,133.0,2012-06-18
2012,6,18,7,154.0,2012-06-18
2012,6,18,8,144.0,2012-06-18
2012,6,18,9,145.0,2012-06-18
2012,6,18,10,151.0,2012-06-18
2012,6,18,11,153.0,2012-06-18
2012,6,18,12,155.0,2012-06-18
2012,6,18,13,154.0,2012-06-18
2012,6,18,14,160.0,2012-06-18
2012,6,18,15,164.0,2012-06-18
2012,6,18,16,202.0,2012-06-18
2012,6,18,17,216.0,2012-06-18
2012,6,18,18,232.0,2012-06-18
2012,6,18,19,254.0,2012-06-18
2012,6,18,20,255.0,2012-06-18
2012,6,18,21,257.0,2012-06-18
2012,6,18,22,305.0,2012-06-18
2012,6,18,23,266.0,2012-06-18
2012,6,19,0,259.0,2012-06-19
2012,6,19,1,236.0,2012-06-19
2012,6,19,2,219.0,2012-06-19
2012,6,19,3,185.0,2012-06-19
2012,6,19,4,164.0,2012-06-19
2012,6,19,5,147.0,2012-06-19
2012,6,19,6,139.0,2012-06-19
2012,6,19,7,132.0,2012-06-19
2012,6,19,8,140.0,2012-06-19
2012,6,19,9,150.0,2012-06-19
2012,6,19,10,135.0,2012-06-19
2012,6,19,11,157.0,2012-06-19
2012,6,19,12,159.0,2012-06-19
2012,6,19,13,161.0,2012-06-19
2012,6,19,14,166.0,2012-06-19
2012,6,19,15,208.0,2012-06-19
2012,6,19,16,275.0,2012-06-19
2012,6,19,17,259.0,2012-06-19
2012,6,19,18,225.0,2012-06-19
2012,6,19,19,204.0,2012-06-19
2012,6,19,20,228.0,2012-06-19
2012,6,19,21,139.0,2012-06-19
2012,6,19,22,117.0,2012-06-19
2012,6,19,23,160.0,2012-06-19
2012,6,20,0,277.0,2012-06-20
2012,6,20,1,296.0,2012-06-20
2012,6,20,2,287.0,2012-06-20
2012,6,20,3,338.0,2012-06-20
2012,6,20,4,289.0,2012-06-20
2012,6,20,5,237.0,2012-06-20
2012,6,20,6,186.0,2012-06-20
2012,6,20,7,135.0,2012-06-20
2012,6,20,8,111.0,2012-06-20
2012,6,20,9,94.0,2012-06-20
2012,6,20,10,82.0,2012-06-20
2012,6,20,11,72.0,2012-06-20
2012,6,20,12,83.0,2012-06-20
2012,6,20,13,92.0,2012-06-20
2012,6,20,14,101.0,2012-06-20
2012,6,20,15,113.0,2012-06-20
2012,6,20,16,130.0,2012-06-20
2012,6,20,17,226.0,2012-06-20
2012,6,20,18,306.0,2012-06-20
2012,6,20,19,164.0,2012-06-20
2012,6,20,20,175.0,2012-06-20
2012,6,20,21,175.0,2012-06-20
2012,6,20,22,171.0,2012-06-20
2012,6,20,23,202.0,2012-06-20
2012,6,21,0,185.0,2012-06-21
2012,6,21,1,209.0,2012-06-21
2012,6,21,2,214.0,2012-06-21
2012,6,21,3,192.0,2012-06-21
2012,6,21,4,191.0,2012-06-21
2012,6,21,5,203.0,2012-06-21
2012,6,21,6,293.0,2012-06-21
2012,6,21,7,284.0,2012-06-21
2012,6,21,8,193.0,2012-06-21
2012,6,21,9,183.0,2012-06-21
2012,6,21,10,165.0,2012-06-21
2012,6,21,11,166.0,2012-06-21
2012,6,21,12,153.0,2012-06-21
2012,6,21,13,154.0,2012-06-21
2012,6,21,14,153.0,2012-06-21
2012,6,21,15,158.0,2012-06-21
2012,6,21,16,163.0,2012-06-21
2012,6,21,17,182.0,2012-06-21
2012,6,21,18,230.0,2012-06-21
2012,6,21,19,210.0,2012-06-21
2012,6,21,20,183.0,2012-06-21
2012,6,21,21,191.0,2012-06-21
2012,6,21,22,60.0,2012-06-21
2012,6,21,23,52.0,2012-06-21
2012,6,22,0,58.5,2012-06-22
2012,6,22,1,65.0,2012-06-22
2012,6,22,2,71.0,2012-06-22
2012,6,22,3,83.0,2012-06-22
2012,6,22,4,84.0,2012-06-22
2012,6,22,5,88.0,2012-06-22
2012,6,22,6,86.0,2012-06-22
2012,6,22,7,87.0,2012-06-22
2012,6,22,8,85.0,2012-06-22
2012,6,22,9,80.0,2012-06-22
2012,6,22,10,61.0,2012-06-22
2012,6,22,11,85.0,2012-06-22
2012,6,22,12,110.0,2012-06-22
2012,6,22,13,125.0,2012-06-22
2012,6,22,14,156.0,2012-06-22
2012,6,22,15,160.0,2012-06-22
2012,6,22,16,165.0,2012-06-22
2012,6,22,17,145.0,2012-06-22
2012,6,22,18,148.0,2012-06-22
2012,6,22,19,109.0,2012-06-22
2012,6,22,20,98.0,2012-06-22
2012,6,22,21,105.0,2012-06-22
2012,6,22,22,111.0,2012-06-22
2012,6,22,23,111.0,2012-06-22
2012,6,23,0,127.0,2012-06-23
2012,6,23,1,138.0,2012-06-23
2012,6,23,2,146.0,2012-06-23
2012,6,23,3,164.0,2012-06-23
2012,6,23,4,173.0,2012-06-23
2012,6,23,5,181.0,2012-06-23
2012,6,23,6,187.0,2012-06-23
2012,6,23,7,182.0,2012-06-23
2012,6,23,8,159.0,2012-06-23
2012,6,23,9,140.0,2012-06-23
2012,6,23,10,136.0,2012-06-23
2012,6,23,11,138.0,2012-06-23
2012,6,23,12,142.0,2012-06-23
2012,6,23,13,152.0,2012-06-23
2012,6,23,14,165.0,2012-06-23
2012,6,23,15,167.0,2012-06-23
2012,6,23,16,173.0,2012-06-23
2012,6,23,17,178.0,2012-06-23
2012,6,23,18,190.0,2012-06-23
2012,6,23,19,189.0,2012-06-23
2012,6,23,20,205.0,2012-06-23
2012,6,23,21,218.0,2012-06-23
2012,6,23,22,224.0,2012-06-23
2012,6,23,23,101.0,2012-06-23
2012,6,24,0,186.0,2012-06-24
2012,6,24,1,249.0,2012-06-24
2012,6,24,2,243.5,2012-06-24
2012,6,24,3,238.0,2012-06-24
2012,6,24,4,229.0,2012-06-24
2012,6,24,5,215.0,2012-06-24
2012,6,24,6,170.0,2012-06-24
2012,6,24,7,166.0,2012-06-24
2012,6,24,8,162.0,2012-06-24
2012,6,24,9,145.0,2012-06-24
2012,6,24,10,127.0,2012-06-24
2012,6,24,11,132.0,2012-06-24
2012,6,24,12,143.0,2012-06-24
2012,6,24,13,163.0,2012-06-24
2012,6,24,14,168.0,2012-06-24
2012,6,24,15,130.0,2012-06-24
2012,6,24,16,140.0,2012-06-24
2012,6,24,17,162.0,2012-06-24
2012,6,24,18,196.0,2012-06-24
2012,6,24,19,143.0,2012-06-24
2012,6,24,20,140.0,2012-06-24
2012,6,24,21,144.0,2012-06-24
2012,6,24,22,144.0,2012-06-24
2012,6,24,23,69.0,2012-06-24
2012,6,25,0,75.0,2012-06-25
2012,6,25,1,71.0,2012-06-25
2012,6,25,2,70.0,2012-06-25
2012,6,25,3,61.0,2012-06-25
2012,6,25,4,73.0,2012-06-25
2012,6,25,5,75.0,2012-06-25
2012,6,25,6,86.0,2012-06-25
2012,6,25,7,98.0,2012-06-25
2012,6,25,8,94.0,2012-06-25
2012,6,25,9,90.0,2012-06-25
2012,6,25,10,76.0,2012-06-25
2012,6,25,11,80.0,2012-06-25
2012,6,25,12,91.0,2012-06-25
2012,6,25,13,95.0,2012-06-25
2012,6,25,14,101.0,2012-06-25
2012,6,25,15,118.0,2012-06-25
2012,6,25,16,135.0,2012-06-25
2012,6,25,17,147.0,2012-06-25
2012,6,25,18,131.0,2012-06-25
2012,6,25,19,128.0,2012-06-25
2012,6,25,20,88.0,2012-06-25
2012,6,25,21,60.0,2012-06-25
2012,6,25,22,62.0,2012-06-25
2012,6,25,23,73.0,2012-06-25
2012,6,26,0,64.0,2012-06-26
2012,6,26,1,132.0,2012-06-26
2012,6,26,2,138.0,2012-06-26
2012,6,26,3,131.0,2012-06-26
2012,6,26,4,131.0,2012-06-26
2012,6,26,5,134.0,2012-06-26
2012,6,26,6,127.0,2012-06-26
2012,6,26,7,116.0,2012-06-26
2012,6,26,8,120.0,2012-06-26
2012,6,26,9,111.0,2012-06-26
2012,6,26,10,108.0,2012-06-26
2012,6,26,11,107.0,2012-06-26
2012,6,26,12,115.0,2012-06-26
2012,6,26,13,118.0,2012-06-26
2012,6,26,14,121.0,2012-06-26
2012,6,26,15,150.0,2012-06-26
2012,6,26,16,149.0,2012-06-26
2012,6,26,17,131.0,2012-06-26
2012,6,26,18,126.0,2012-06-26
2012,6,26,19,100.0,2012-06-26
2012,6,26,20,59.0,2012-06-26
2012,6,26,21,57.0,2012-06-26
2012,6,26,22,47.0,2012-06-26
2012,6,26,23,44.0,2012-06-26
2012,6,27,0,48.0,2012-06-27
2012,6,27,1,51.0,2012-06-27
2012,6,27,2,66.0,2012-06-27
2012,6,27,3,77.0,2012-06-27
2012,6,27,4,110.0,2012-06-27
2012,6,27,5,127.0,2012-06-27
2012,6,27,6,130.0,2012-06-27
2012,6,27,7,139.0,2012-06-27
2012,6,27,8,111.0,2012-06-27
2012,6,27,9,96.0,2012-06-27
2012,6,27,10,62.0,2012-06-27
2012,6,27,11,51.0,2012-06-27
2012,6,27,12,44.0,2012-06-27
2012,6,27,13,58.0,2012-06-27
2012,6,27,14,63.0,2012-06-27
2012,6,27,15,70.0,2012-06-27
2012,6,27,16,72.0,2012-06-27
2012,6,27,17,46.0,2012-06-27
2012,6,27,18,31.0,2012-06-27
2012,6,27,19,36.0,2012-06-27
2012,6,27,20,39.0,2012-06-27
2012,6,27,21,51.0,2012-06-27
2012,6,27,22,41.0,2012-06-27
2012,6,27,23,34.0,2012-06-27
2012,6,28,0,34.0,2012-06-28
2012,6,28,1,43.0,2012-06-28
2012,6,28,2,51.0,2012-06-28
2012,6,28,3,59.0,2012-06-28
2012,6,28,4,59.0,2012-06-28
2012,6,28,5,53.0,2012-06-28
2012,6,28,6,52.0,2012-06-28
2012,6,28,7,63.0,2012-06-28
2012,6,28,8,60.0,2012-06-28
2012,6,28,9,74.0,2012-06-28
2012,6,28,10,86.0,2012-06-28
2012,6,28,11,89.0,2012-06-28
2012,6,28,12,84.0,2012-06-28
2012,6,28,13,106.0,2012-06-28
2012,6,28,14,128.0,2012-06-28
2012,6,28,15,174.0,2012-06-28
2012,6,28,16,208.0,2012-06-28
2012,6,28,17,194.0,2012-06-28
2012,6,28,18,218.0,2012-06-28
2012,6,28,19,202.0,2012-06-28
2012,6,28,20,178.0,2012-06-28
2012,6,28,21,174.0,2012-06-28
2012,6,28,22,175.0,2012-06-28
2012,6,28,23,151.0,2012-06-28
2012,6,29,0,129.0,2012-06-29
2012,6,29,1,119.0,2012-06-29
2012,6,29,2,109.0,2012-06-29
2012,6,29,3,104.0,2012-06-29
2012,6,29,4,118.0,2012-06-29
2012,6,29,5,105.0,2012-06-29
2012,6,29,6,91.0,2012-06-29
2012,6,29,7,90.0,2012-06-29
2012,6,29,8,72.0,2012-06-29
2012,6,29,9,75.0,2012-06-29
2012,6,29,10,74.0,2012-06-29
2012,6,29,11,63.0,2012-06-29
2012,6,29,12,61.0,2012-06-29
2012,6,29,13,61.0,2012-06-29
2012,6,29,14,59.0,2012-06-29
2012,6,29,15,67.0,2012-06-29
2012,6,29,16,69.0,2012-06-29
2012,6,29,17,73.0,2012-06-29
2012,6,29,18,72.0,2012-06-29
2012,6,29,19,73.0,2012-06-29
2012,6,29,20,81.0,2012-06-29
2012,6,29,21,83.0,2012-06-29
2012,6,29,22,98.0,2012-06-29
2012,6,29,23,106.0,2012-06-29
2012,6,30,0,110.0,2012-06-30
2012,6,30,1,98.0,2012-06-30
2012,6,30,2,104.0,2012-06-30
2012,6,30,3,105.0,2012-06-30
2012,6,30,4,97.0,2012-06-30
2012,6,30,5,127.0,2012-06-30
2012,6,30,6,128.0,2012-06-30
2012,6,30,7,128.0,2012-06-30
2012,6,30,8,100.0,2012-06-30
2012,6,30,9,78.0,2012-06-30
2012,6,30,10,70.0,2012-06-30
2012,6,30,11,50.0,2012-06-30
2012,6,30,12,36.0,2012-06-30
2012,6,30,13,30.0,2012-06-30
2012,6,30,14,24.0,2012-06-30
2012,6,30,15,21.0,2012-06-30
2012,6,30,16,27.0,2012-06-30
2012,6,30,17,40.0,2012-06-30
2012,6,30,18,40.0,2012-06-30
2012,6,30,19,27.0,2012-06-30
2012,6,30,20,42.0,2012-06-30
2012,6,30,21,71.0,2012-06-30
2012,6,30,22,69.0,2012-06-30
2012,6,30,23,69.0,2012-06-30
2012,7,1,0,77.0,2012-07-01
2012,7,1,1,77.0,2012-07-01
2012,7,1,2,90.0,2012-07-01
2012,7,1,3,104.0,2012-07-01
2012,7,1,4,112.0,2012-07-01
2012,7,1,5,126.0,2012-07-01
2012,7,1,6,131.0,2012-07-01
2012,7,1,7,134.0,2012-07-01
2012,7,1,8,135.0,2012-07-01
2012,7,1,9,145.0,2012-07-01
2012,7,1,10,138.0,2012-07-01
2012,7,1,11,140.0,2012-07-01
2012,7,1,12,137.0,2012-07-01
2012,7,1,13,129.0,2012-07-01
2012,7,1,14,131.0,2012-07-01
2012,7,1,15,133.0,2012-07-01
2012,7,1,16,140.0,2012-07-01
2012,7,1,17,121.0,2012-07-01
2012,7,1,18,122.0,2012-07-01
2012,7,1,19,121.0,2012-07-01
2012,7,1,20,120.0,2012-07-01
2012,7,1,21,192.0,2012-07-01
2012,7,1,22,199.0,2012-07-01
2012,7,1,23,205.0,2012-07-01
2012,7,2,0,200.0,2012-07-02
2012,7,2,1,178.0,2012-07-02
2012,7,2,2,104.0,2012-07-02
2012,7,2,3,84.0,2012-07-02
2012,7,2,4,61.0,2012-07-02
2012,7,2,5,38.0,2012-07-02
2012,7,2,6,27.0,2012-07-02
2012,7,2,7,17.0,2012-07-02
2012,7,2,8,17.0,2012-07-02
2012,7,2,9,19.0,2012-07-02
2012,7,2,10,12.0,2012-07-02
2012,7,2,11,9.0,2012-07-02
2012,7,2,12,13.0,2012-07-02
2012,7,2,13,13.0,2012-07-02
2012,7,2,14,12.0,2012-07-02
2012,7,2,15,19.0,2012-07-02
2012,7,2,16,17.5,2012-07-02
2012,7,2,17,16.0,2012-07-02
2012,7,2,18,22.0,2012-07-02
2012,7,2,19,21.0,2012-07-02
2012,7,2,20,24.0,2012-07-02
2012,7,2,21,27.0,2012-07-02
2012,7,2,22,22.0,2012-07-02
2012,7,2,23,23.0,2012-07-02
2012,7,3,0,33.0,2012-07-03
2012,7,3,1,45.0,2012-07-03
2012,7,3,2,48.0,2012-07-03
2012,7,3,3,51.0,2012-07-03
2012,7,3,4,45.0,2012-07-03
2012,7,3,5,48.0,2012-07-03
2012,7,3,6,35.0,2012-07-03
2012,7,3,7,32.0,2012-07-03
2012,7,3,8,29.0,2012-07-03
2012,7,3,9,21.0,2012-07-03
2012,7,3,10,20.0,2012-07-03
2012,7,3,11,16.0,2012-07-03
2012,7,3,12,18.0,2012-07-03
2012,7,3,13,18.0,2012-07-03
2012,7,3,14,15.0,2012-07-03
2012,7,3,15,26.0,2012-07-03
2012,7,3,16,22.0,2012-07-03
2012,7,3,17,20.0,2012-07-03
2012,7,3,18,24.0,2012-07-03
2012,7,3,19,22.0,2012-07-03
2012,7,3,20,24.0,2012-07-03
2012,7,3,21,33.0,2012-07-03
2012,7,3,22,42.0,2012-07-03
2012,7,3,23,103.0,2012-07-03
2012,7,4,0,115.0,2012-07-04
2012,7,4,1,60.0,2012-07-04
2012,7,4,2,45.0,2012-07-04
2012,7,4,3,60.0,2012-07-04
2012,7,4,4,69.0,2012-07-04
2012,7,4,5,87.0,2012-07-04
2012,7,4,6,91.0,2012-07-04
2012,7,4,7,114.0,2012-07-04
2012,7,4,8,96.0,2012-07-04
2012,7,4,9,97.0,2012-07-04
2012,7,4,10,81.0,2012-07-04
2012,7,4,11,81.0,2012-07-04
2012,7,4,12,83.0,2012-07-04
2012,7,4,13,88.0,2012-07-04
2012,7,4,14,85.0,2012-07-04
2012,7,4,15,95.0,2012-07-04
2012,7,4,16,114.0,2012-07-04
2012,7,4,17,110.0,2012-07-04
2012,7,4,18,106.0,2012-07-04
2012,7,4,19,105.0,2012-07-04
2012,7,4,20,98.0,2012-07-04
2012,7,4,21,89.0,2012-07-04
2012,7,4,22,83.0,2012-07-04
2012,7,4,23,68.0,2012-07-04
2012,7,5,0,77.0,2012-07-05
2012,7,5,1,75.0,2012-07-05
2012,7,5,2,78.0,2012-07-05
2012,7,5,3,86.0,2012-07-05
2012,7,5,4,94.0,2012-07-05
2012,7,5,5,93.0,2012-07-05
2012,7,5,6,85.0,2012-07-05
2012,7,5,7,77.0,2012-07-05
2012,7,5,8,73.0,2012-07-05
2012,7,5,9,105.0,2012-07-05
2012,7,5,10,89.0,2012-07-05
2012,7,5,11,93.0,2012-07-05
2012,7,5,12,97.0,2012-07-05
2012,7,5,13,92.0,2012-07-05
2012,7,5,14,96.0,2012-07-05
2012,7,5,15,109.0,2012-07-05
2012,7,5,16,109.0,2012-07-05
2012,7,5,17,110.0,2012-07-05
2012,7,5,18,132.0,2012-07-05
2012,7,5,19,149.0,2012-07-05
2012,7,5,20,133.0,2012-07-05
2012,7,5,21,124.0,2012-07-05
2012,7,5,22,122.0,2012-07-05
2012,7,5,23,32.0,2012-07-05
2012,7,6,0,34.0,2012-07-06
2012,7,6,1,46.0,2012-07-06
2012,7,6,2,47.0,2012-07-06
2012,7,6,3,53.0,2012-07-06
2012,7,6,4,55.0,2012-07-06
2012,7,6,5,52.0,2012-07-06
2012,7,6,6,52.0,2012-07-06
2012,7,6,7,56.0,2012-07-06
2012,7,6,8,59.0,2012-07-06
2012,7,6,9,90.0,2012-07-06
2012,7,6,10,112.0,2012-07-06
2012,7,6,11,123.0,2012-07-06
2012,7,6,12,133.0,2012-07-06
2012,7,6,13,155.0,2012-07-06
2012,7,6,14,153.0,2012-07-06
2012,7,6,15,159.0,2012-07-06
2012,7,6,16,168.0,2012-07-06
2012,7,6,17,179.0,2012-07-06
2012,7,6,18,199.0,2012-07-06
2012,7,6,19,184.0,2012-07-06
2012,7,6,20,194.0,2012-07-06
2012,7,6,21,188.0,2012-07-06
2012,7,6,22,189.0,2012-07-06
2012,7,6,23,179.0,2012-07-06
2012,7,7,0,184.0,2012-07-07
2012,7,7,1,177.0,2012-07-07
2012,7,7,2,180.0,2012-07-07
2012,7,7,3,180.0,2012-07-07
2012,7,7,4,183.0,2012-07-07
2012,7,7,5,187.0,2012-07-07
2012,7,7,6,177.0,2012-07-07
2012,7,7,7,179.0,2012-07-07
2012,7,7,8,183.0,2012-07-07
2012,7,7,9,173.0,2012-07-07
2012,7,7,10,175.0,2012-07-07
2012,7,7,11,168.0,2012-07-07
2012,7,7,12,178.0,2012-07-07
2012,7,7,13,157.0,2012-07-07
2012,7,7,14,110.0,2012-07-07
2012,7,7,15,97.0,2012-07-07
2012,7,7,16,90.0,2012-07-07
2012,7,7,17,103.0,2012-07-07
2012,7,7,18,105.0,2012-07-07
2012,7,7,19,134.0,2012-07-07
2012,7,7,20,210.0,2012-07-07
2012,7,7,21,232.0,2012-07-07
2012,7,7,22,167.0,2012-07-07
2012,7,7,23,163.0,2012-07-07
2012,7,8,0,171.0,2012-07-08
2012,7,8,1,152.0,2012-07-08
2012,7,8,2,136.0,2012-07-08
2012,7,8,3,149.0,2012-07-08
2012,7,8,4,163.0,2012-07-08
2012,7,8,5,169.0,2012-07-08
2012,7,8,6,177.0,2012-07-08
2012,7,8,7,184.0,2012-07-08
2012,7,8,8,186.0,2012-07-08
2012,7,8,9,185.0,2012-07-08
2012,7,8,10,174.0,2012-07-08
2012,7,8,11,152.0,2012-07-08
2012,7,8,12,145.0,2012-07-08
2012,7,8,13,135.0,2012-07-08
2012,7,8,14,120.0,2012-07-08
2012,7,8,15,130.0,2012-07-08
2012,7,8,16,139.0,2012-07-08
2012,7,8,17,113.0,2012-07-08
2012,7,8,18,113.0,2012-07-08
2012,7,8,19,119.0,2012-07-08
2012,7,8,20,122.0,2012-07-08
2012,7,8,21,125.0,2012-07-08
2012,7,8,22,115.0,2012-07-08
2012,7,8,23,109.0,2012-07-08
2012,7,9,0,115.0,2012-07-09
2012,7,9,1,103.0,2012-07-09
2012,7,9,2,101.0,2012-07-09
2012,7,9,3,95.0,2012-07-09
2012,7,9,4,95.0,2012-07-09
2012,7,9,5,92.0,2012-07-09
2012,7,9,6,110.0,2012-07-09
2012,7,9,7,122.0,2012-07-09
2012,7,9,8,127.0,2012-07-09
2012,7,9,9,122.0,2012-07-09
2012,7,9,10,110.0,2012-07-09
2012,7,9,11,104.0,2012-07-09
2012,7,9,12,103.0,2012-07-09
2012,7,9,13,107.0,2012-07-09
2012,7,9,14,106.0,2012-07-09
2012,7,9,15,89.0,2012-07-09
2012,7,9,16,96.0,2012-07-09
2012,7,9,17,90.0,2012-07-09
2012,7,9,18,92.0,2012-07-09
2012,7,9,19,94.0,2012-07-09
2012,7,9,20,73.0,2012-07-09
2012,7,9,21,72.0,2012-07-09
2012,7,9,22,47.0,2012-07-09
2012,7,9,23,60.0,2012-07-09
2012,7,10,0,62.0,2012-07-10
2012,7,10,1,66.0,2012-07-10
2012,7,10,2,73.0,2012-07-10
2012,7,10,3,61.0,2012-07-10
2012,7,10,4,52.0,2012-07-10
2012,7,10,5,48.0,2012-07-10
2012,7,10,6,47.0,2012-07-10
2012,7,10,7,52.0,2012-07-10
2012,7,10,8,42.0,2012-07-10
2012,7,10,9,33.0,2012-07-10
2012,7,10,10,35.0,2012-07-10
2012,7,10,11,35.0,2012-07-10
2012,7,10,12,36.0,2012-07-10
2012,7,10,13,30.0,2012-07-10
2012,7,10,14,46.0,2012-07-10
2012,7,10,15,53.0,2012-07-10
2012,7,10,16,63.0,2012-07-10
2012,7,10,17,67.0,2012-07-10
2012,7,10,18,56.0,2012-07-10
2012,7,10,19,56.0,2012-07-10
2012,7,10,20,22.0,2012-07-10
2012,7,10,21,20.0,2012-07-10
2012,7,10,22,33.0,2012-07-10
2012,7,10,23,43.0,2012-07-10
2012,7,11,0,25.0,2012-07-11
2012,7,11,1,33.0,2012-07-11
2012,7,11,2,45.0,2012-07-11
2012,7,11,3,54.0,2012-07-11
2012,7,11,4,49.0,2012-07-11
2012,7,11,5,47.0,2012-07-11
2012,7,11,6,61.0,2012-07-11
2012,7,11,7,79.0,2012-07-11
2012,7,11,8,86.0,2012-07-11
2012,7,11,9,101.0,2012-07-11
2012,7,11,10,96.0,2012-07-11
2012,7,11,11,95.0,2012-07-11
2012,7,11,12,87.0,2012-07-11
2012,7,11,13,65.0,2012-07-11
2012,7,11,14,76.0,2012-07-11
2012,7,11,15,80.0,2012-07-11
2012,7,11,16,87.0,2012-07-11
2012,7,11,17,88.0,2012-07-11
2012,7,11,18,94.0,2012-07-11
2012,7,11,19,61.0,2012-07-11
2012,7,11,20,47.0,2012-07-11
2012,7,11,21,29.0,2012-07-11
2012,7,11,22,24.0,2012-07-11
2012,7,11,23,28.0,2012-07-11
2012,7,12,0,28.0,2012-07-12
2012,7,12,1,20.0,2012-07-12
2012,7,12,2,19.0,2012-07-12
2012,7,12,3,25.0,2012-07-12
2012,7,12,4,19.0,2012-07-12
2012,7,12,5,27.0,2012-07-12
2012,7,12,6,19.0,2012-07-12
2012,7,12,7,24.0,2012-07-12
2012,7,12,8,20.0,2012-07-12
2012,7,12,9,20.0,2012-07-12
2012,7,12,10,55.0,2012-07-12
2012,7,12,11,57.0,2012-07-12
2012,7,12,12,35.0,2012-07-12
2012,7,12,13,35.0,2012-07-12
2012,7,12,14,20.0,2012-07-12
2012,7,12,15,13.0,2012-07-12
2012,7,12,16,9.0,2012-07-12
2012,7,12,17,9.0,2012-07-12
2012,7,12,18,16.0,2012-07-12
2012,7,12,19,14.0,2012-07-12
2012,7,12,20,15.0,2012-07-12
2012,7,12,21,16.0,2012-07-12
2012,7,12,22,17.0,2012-07-12
2012,7,12,23,16.0,2012-07-12
2012,7,13,0,29.0,2012-07-13
2012,7,13,1,26.0,2012-07-13
2012,7,13,2,18.0,2012-07-13
2012,7,13,3,17.0,2012-07-13
2012,7,13,4,31.0,2012-07-13
2012,7,13,5,25.0,2012-07-13
2012,7,13,6,33.0,2012-07-13
2012,7,13,7,25.0,2012-07-13
2012,7,13,8,22.0,2012-07-13
2012,7,13,9,15.0,2012-07-13
2012,7,13,10,10.0,2012-07-13
2012,7,13,11,8.0,2012-07-13
2012,7,13,12,7.0,2012-07-13
2012,7,13,13,11.0,2012-07-13
2012,7,13,14,14.0,2012-07-13
2012,7,13,15,17.0,2012-07-13
2012,7,13,16,28.0,2012-07-13
2012,7,13,17,34.0,2012-07-13
2012,7,13,18,33.0,2012-07-13
2012,7,13,19,36.0,2012-07-13
2012,7,13,20,38.0,2012-07-13
2012,7,13,21,41.0,2012-07-13
2012,7,13,22,42.0,2012-07-13
2012,7,13,23,38.0,2012-07-13
2012,7,14,0,46.0,2012-07-14
2012,7,14,1,47.0,2012-07-14
2012,7,14,2,61.0,2012-07-14
2012,7,14,3,57.0,2012-07-14
2012,7,14,4,54.0,2012-07-14
2012,7,14,5,48.0,2012-07-14
2012,7,14,6,38.0,2012-07-14
2012,7,14,7,25.0,2012-07-14
2012,7,14,8,23.0,2012-07-14
2012,7,14,9,21.0,2012-07-14
2012,7,14,10,19.0,2012-07-14
2012,7,14,11,17.0,2012-07-14
2012,7,14,12,16.0,2012-07-14
2012,7,14,13,14.0,2012-07-14
2012,7,14,14,15.0,2012-07-14
2012,7,14,15,15.0,2012-07-14
2012,7,14,16,19.0,2012-07-14
2012,7,14,17,15.0,2012-07-14
2012,7,14,18,19.0,2012-07-14
2012,7,14,19,33.0,2012-07-14
2012,7,14,20,34.0,2012-07-14
2012,7,14,21,31.0,2012-07-14
2012,7,14,22,39.0,2012-07-14
2012,7,14,23,53.0,2012-07-14
2012,7,15,0,63.0,2012-07-15
2012,7,15,1,60.0,2012-07-15
2012,7,15,2,63.0,2012-07-15
2012,7,15,3,59.0,2012-07-15
2012,7,15,4,48.0,2012-07-15
2012,7,15,5,52.0,2012-07-15
2012,7,15,6,54.0,2012-07-15
2012,7,15,7,50.0,2012-07-15
2012,7,15,8,32.0,2012-07-15
2012,7,15,9,29.0,2012-07-15
2012,7,15,10,31.0,2012-07-15
2012,7,15,11,29.0,2012-07-15
2012,7,15,12,32.0,2012-07-15
2012,7,15,13,29.0,2012-07-15
2012,7,15,14,25.0,2012-07-15
2012,7,15,15,25.0,2012-07-15
2012,7,15,16,26.0,2012-07-15
2012,7,15,17,25.0,2012-07-15
2012,7,15,18,27.0,2012-07-15
2012,7,15,19,32.0,2012-07-15
2012,7,15,20,38.0,2012-07-15
2012,7,15,21,41.0,2012-07-15
2012,7,15,22,53.0,2012-07-15
2012,7,15,23,58.0,2012-07-15
2012,7,16,0,60.0,2012-07-16
2012,7,16,1,84.0,2012-07-16
2012,7,16,2,84.0,2012-07-16
2012,7,16,3,86.0,2012-07-16
2012,7,16,4,63.0,2012-07-16
2012,7,16,5,68.0,2012-07-16
2012,7,16,6,99.0,2012-07-16
2012,7,16,7,130.0,2012-07-16
2012,7,16,8,131.0,2012-07-16
2012,7,16,9,126.0,2012-07-16
2012,7,16,10,112.0,2012-07-16
2012,7,16,11,90.0,2012-07-16
2012,7,16,12,85.0,2012-07-16
2012,7,16,13,76.0,2012-07-16
2012,7,16,14,71.0,2012-07-16
2012,7,16,15,62.0,2012-07-16
2012,7,16,16,51.0,2012-07-16
2012,7,16,17,45.0,2012-07-16
2012,7,16,18,52.0,2012-07-16
2012,7,16,19,46.0,2012-07-16
2012,7,16,20,50.0,2012-07-16
2012,7,16,21,56.0,2012-07-16
2012,7,16,22,55.0,2012-07-16
2012,7,16,23,53.0,2012-07-16
2012,7,17,0,60.0,2012-07-17
2012,7,17,1,55.0,2012-07-17
2012,7,17,2,61.0,2012-07-17
2012,7,17,3,61.0,2012-07-17
2012,7,17,4,80.0,2012-07-17
2012,7,17,5,114.0,2012-07-17
2012,7,17,6,110.0,2012-07-17
2012,7,17,7,94.0,2012-07-17
2012,7,17,8,108.0,2012-07-17
2012,7,17,9,95.0,2012-07-17
2012,7,17,10,92.0,2012-07-17
2012,7,17,11,85.0,2012-07-17
2012,7,17,12,79.0,2012-07-17
2012,7,17,13,77.0,2012-07-17
2012,7,17,14,76.0,2012-07-17
2012,7,17,15,79.5,2012-07-17
2012,7,17,16,83.0,2012-07-17
2012,7,17,17,75.0,2012-07-17
2012,7,17,18,79.0,2012-07-17
2012,7,17,19,79.0,2012-07-17
2012,7,17,20,107.0,2012-07-17
2012,7,17,21,64.0,2012-07-17
2012,7,17,22,72.0,2012-07-17
2012,7,17,23,80.0,2012-07-17
2012,7,18,0,89.0,2012-07-18
2012,7,18,1,94.0,2012-07-18
2012,7,18,2,99.0,2012-07-18
2012,7,18,3,99.0,2012-07-18
2012,7,18,4,79.0,2012-07-18
2012,7,18,5,51.0,2012-07-18
2012,7,18,6,54.0,2012-07-18
2012,7,18,7,54.0,2012-07-18
2012,7,18,8,65.0,2012-07-18
2012,7,18,9,76.0,2012-07-18
2012,7,18,10,81.0,2012-07-18
2012,7,18,11,90.0,2012-07-18
2012,7,18,12,96.0,2012-07-18
2012,7,18,13,99.0,2012-07-18
2012,7,18,14,104.0,2012-07-18
2012,7,18,15,103.0,2012-07-18
2012,7,18,16,95.0,2012-07-18
2012,7,18,17,98.0,2012-07-18
2012,7,18,18,88.0,2012-07-18
2012,7,18,19,105.0,2012-07-18
2012,7,18,20,106.0,2012-07-18
2012,7,18,21,100.0,2012-07-18
2012,7,18,22,100.0,2012-07-18
2012,7,18,23,80.0,2012-07-18
2012,7,19,0,82.0,2012-07-19
2012,7,19,1,83.0,2012-07-19
2012,7,19,2,92.0,2012-07-19
2012,7,19,3,105.0,2012-07-19
2012,7,19,4,120.0,2012-07-19
2012,7,19,5,124.0,2012-07-19
2012,7,19,6,123.0,2012-07-19
2012,7,19,7,116.0,2012-07-19
2012,7,19,8,126.0,2012-07-19
2012,7,19,9,132.0,2012-07-19
2012,7,19,10,136.0,2012-07-19
2012,7,19,11,128.0,2012-07-19
2012,7,19,12,130.0,2012-07-19
2012,7,19,13,116.0,2012-07-19
2012,7,19,14,115.0,2012-07-19
2012,7,19,15,120.0,2012-07-19
2012,7,19,16,126.0,2012-07-19
2012,7,19,17,142.0,2012-07-19
2012,7,19,18,138.0,2012-07-19
2012,7,19,19,133.0,2012-07-19
2012,7,19,20,124.0,2012-07-19
2012,7,19,21,138.0,2012-07-19
2012,7,19,22,132.0,2012-07-19
2012,7,19,23,146.0,2012-07-19
2012,7,20,0,160.0,2012-07-20
2012,7,20,1,173.0,2012-07-20
2012,7,20,2,167.0,2012-07-20
2012,7,20,3,179.0,2012-07-20
2012,7,20,4,187.0,2012-07-20
2012,7,20,5,195.0,2012-07-20
2012,7,20,6,197.0,2012-07-20
2012,7,20,7,202.0,2012-07-20
2012,7,20,8,206.0,2012-07-20
2012,7,20,9,205.0,2012-07-20
2012,7,20,10,212.0,2012-07-20
2012,7,20,11,222.0,2012-07-20
2012,7,20,12,226.0,2012-07-20
2012,7,20,13,259.0,2012-07-20
2012,7,20,14,220.0,2012-07-20
2012,7,20,15,189.0,2012-07-20
2012,7,20,16,197.0,2012-07-20
2012,7,20,17,181.0,2012-07-20
2012,7,20,18,188.0,2012-07-20
2012,7,20,19,192.0,2012-07-20
2012,7,20,20,189.0,2012-07-20
2012,7,20,21,194.0,2012-07-20
2012,7,20,22,206.0,2012-07-20
2012,7,20,23,219.0,2012-07-20
2012,7,21,0,240.0,2012-07-21
2012,7,21,1,239.0,2012-07-21
2012,7,21,2,246.0,2012-07-21
2012,7,21,3,227.0,2012-07-21
2012,7,21,4,198.0,2012-07-21
2012,7,21,5,174.0,2012-07-21
2012,7,21,6,185.0,2012-07-21
2012,7,21,7,192.0,2012-07-21
2012,7,21,8,233.0,2012-07-21
2012,7,21,9,256.0,2012-07-21
2012,7,21,10,278.0,2012-07-21
2012,7,21,11,283.0,2012-07-21
2012,7,21,12,293.0,2012-07-21
2012,7,21,13,318.0,2012-07-21
2012,7,21,14,299.0,2012-07-21
2012,7,21,15,164.0,2012-07-21
2012,7,21,16,31.0,2012-07-21
2012,7,21,17,46.0,2012-07-21
2012,7,21,18,95.0,2012-07-21
2012,7,21,19,23.0,2012-07-21
2012,7,21,20,29.0,2012-07-21
2012,7,21,21,21.0,2012-07-21
2012,7,21,22,26.0,2012-07-21
2012,7,21,23,23.0,2012-07-21
2012,7,22,0,28.0,2012-07-22
2012,7,22,1,23.0,2012-07-22
2012,7,22,2,13.0,2012-07-22
2012,7,22,3,12.0,2012-07-22
2012,7,22,4,11.0,2012-07-22
2012,7,22,5,12.0,2012-07-22
2012,7,22,6,12.0,2012-07-22
2012,7,22,7,24.0,2012-07-22
2012,7,22,8,24.0,2012-07-22
2012,7,22,9,11.0,2012-07-22
2012,7,22,10,10.0,2012-07-22
2012,7,22,11,9.0,2012-07-22
2012,7,22,12,8.0,2012-07-22
2012,7,22,13,10.0,2012-07-22
2012,7,22,14,9.0,2012-07-22
2012,7,22,15,9.0,2012-07-22
2012,7,22,16,12.0,2012-07-22
2012,7,22,17,8.0,2012-07-22
2012,7,22,18,17.0,2012-07-22
2012,7,22,19,15.0,2012-07-22
2012,7,22,20,21.0,2012-07-22
2012,7,22,21,39.0,2012-07-22
2012,7,22,22,27.0,2012-07-22
2012,7,22,23,20.0,2012-07-22
2012,7,23,0,27.0,2012-07-23
2012,7,23,1,14.0,2012-07-23
2012,7,23,2,17.0,2012-07-23
2012,7,23,3,12.0,2012-07-23
2012,7,23,4,20.0,2012-07-23
2012,7,23,5,17.0,2012-07-23
2012,7,23,6,12.0,2012-07-23
2012,7,23,7,12.0,2012-07-23
2012,7,23,8,17.0,2012-07-23
2012,7,23,9,10.0,2012-07-23
2012,7,23,10,13.0,2012-07-23
2012,7,23,11,20.0,2012-07-23
2012,7,23,12,30.0,2012-07-23
2012,7,23,13,25.0,2012-07-23
2012,7,23,14,41.0,2012-07-23
2012,7,23,15,70.0,2012-07-23
2012,7,23,16,69.0,2012-07-23
2012,7,23,17,90.0,2012-07-23
2012,7,23,18,63.0,2012-07-23
2012,7,23,19,56.0,2012-07-23
2012,7,23,20,51.0,2012-07-23
2012,7,23,21,30.0,2012-07-23
2012,7,23,22,28.0,2012-07-23
2012,7,23,23,23.0,2012-07-23
2012,7,24,0,27.0,2012-07-24
2012,7,24,1,24.0,2012-07-24
2012,7,24,2,49.0,2012-07-24
2012,7,24,3,59.0,2012-07-24
2012,7,24,4,64.0,2012-07-24
2012,7,24,5,55.0,2012-07-24
2012,7,24,6,53.0,2012-07-24
2012,7,24,7,56.0,2012-07-24
2012,7,24,8,66.0,2012-07-24
2012,7,24,9,70.0,2012-07-24
2012,7,24,10,75.0,2012-07-24
2012,7,24,11,76.0,2012-07-24
2012,7,24,12,71.0,2012-07-24
2012,7,24,13,80.0,2012-07-24
2012,7,24,14,69.0,2012-07-24
2012,7,24,15,63.0,2012-07-24
2012,7,24,16,75.0,2012-07-24
2012,7,24,17,65.0,2012-07-24
2012,7,24,18,65.0,2012-07-24
2012,7,24,19,76.0,2012-07-24
2012,7,24,20,83.0,2012-07-24
2012,7,24,21,81.0,2012-07-24
2012,7,24,22,89.0,2012-07-24
2012,7,24,23,103.0,2012-07-24
2012,7,25,0,109.0,2012-07-25
2012,7,25,1,103.0,2012-07-25
2012,7,25,2,102.0,2012-07-25
2012,7,25,3,90.0,2012-07-25
2012,7,25,4,60.0,2012-07-25
2012,7,25,5,56.0,2012-07-25
2012,7,25,6,88.0,2012-07-25
2012,7,25,7,90.0,2012-07-25
2012,7,25,8,95.0,2012-07-25
2012,7,25,9,102.0,2012-07-25
2012,7,25,10,122.0,2012-07-25
2012,7,25,11,130.0,2012-07-25
2012,7,25,12,121.0,2012-07-25
2012,7,25,13,108.0,2012-07-25
2012,7,25,14,70.0,2012-07-25
2012,7,25,15,60.0,2012-07-25
2012,7,25,16,62.0,2012-07-25
2012,7,25,17,79.0,2012-07-25
2012,7,25,18,75.0,2012-07-25
2012,7,25,19,68.0,2012-07-25
2012,7,25,20,61.0,2012-07-25
2012,7,25,21,56.0,2012-07-25
2012,7,25,22,54.0,2012-07-25
2012,7,25,23,62.0,2012-07-25
2012,7,26,0,73.0,2012-07-26
2012,7,26,1,70.0,2012-07-26
2012,7,26,2,77.0,2012-07-26
2012,7,26,3,75.0,2012-07-26
2012,7,26,4,78.0,2012-07-26
2012,7,26,5,69.0,2012-07-26
2012,7,26,6,57.0,2012-07-26
2012,7,26,7,54.0,2012-07-26
2012,7,26,8,68.0,2012-07-26
2012,7,26,9,77.0,2012-07-26
2012,7,26,10,70.0,2012-07-26
2012,7,26,11,61.0,2012-07-26
2012,7,26,12,46.0,2012-07-26
2012,7,26,13,61.0,2012-07-26
2012,7,26,14,40.0,2012-07-26
2012,7,26,15,29.0,2012-07-26
2012,7,26,16,30.0,2012-07-26
2012,7,26,17,46.0,2012-07-26
2012,7,26,18,48.0,2012-07-26
2012,7,26,19,49.0,2012-07-26
2012,7,26,20,48.0,2012-07-26
2012,7,26,21,39.0,2012-07-26
2012,7,26,22,51.0,2012-07-26
2012,7,26,23,56.0,2012-07-26
2012,7,27,0,59.5,2012-07-27
2012,7,27,1,63.0,2012-07-27
2012,7,27,2,53.0,2012-07-27
2012,7,27,3,59.0,2012-07-27
2012,7,27,4,54.0,2012-07-27
2012,7,27,5,82.0,2012-07-27
2012,7,27,6,79.0,2012-07-27
2012,7,27,7,77.0,2012-07-27
2012,7,27,8,80.0,2012-07-27
2012,7,27,9,86.0,2012-07-27
2012,7,27,10,101.0,2012-07-27
2012,7,27,11,99.0,2012-07-27
2012,7,27,12,91.0,2012-07-27
2012,7,27,13,94.0,2012-07-27
2012,7,27,14,99.0,2012-07-27
2012,7,27,15,89.0,2012-07-27
2012,7,27,16,86.0,2012-07-27
2012,7,27,17,90.0,2012-07-27
2012,7,27,18,94.0,2012-07-27
2012,7,27,19,93.0,2012-07-27
2012,7,27,20,105.0,2012-07-27
2012,7,27,21,108.0,2012-07-27
2012,7,27,22,109.0,2012-07-27
2012,7,27,23,37.0,2012-07-27
2012,7,28,0,51.0,2012-07-28
2012,7,28,1,83.0,2012-07-28
2012,7,28,2,85.5,2012-07-28
2012,7,28,3,88.0,2012-07-28
2012,7,28,4,89.0,2012-07-28
2012,7,28,5,98.0,2012-07-28
2012,7,28,6,96.0,2012-07-28
2012,7,28,7,94.0,2012-07-28
2012,7,28,8,116.0,2012-07-28
2012,7,28,9,130.0,2012-07-28
2012,7,28,10,126.0,2012-07-28
2012,7,28,11,128.0,2012-07-28
2012,7,28,12,111.0,2012-07-28
2012,7,28,13,108.0,2012-07-28
2012,7,28,14,103.0,2012-07-28
2012,7,28,15,110.0,2012-07-28
2012,7,28,16,124.0,2012-07-28
2012,7,28,17,122.02222222222223,2012-07-28
2012,7,28,18,120.04444444444445,2012-07-28
2012,7,28,19,118.06666666666666,2012-07-28
2012,7,28,20,116.08888888888889,2012-07-28
2012,7,28,21,114.11111111111111,2012-07-28
2012,7,28,22,112.13333333333333,2012-07-28
2012,7,28,23,110.15555555555555,2012-07-28
2012,7,29,0,108.17777777777778,2012-07-29
2012,7,29,1,106.2,2012-07-29
2012,7,29,2,104.22222222222223,2012-07-29
2012,7,29,3,102.24444444444444,2012-07-29
2012,7,29,4,100.26666666666667,2012-07-29
2012,7,29,5,98.28888888888889,2012-07-29
2012,7,29,6,96.3111111111111,2012-07-29
2012,7,29,7,94.33333333333333,2012-07-29
2012,7,29,8,92.35555555555555,2012-07-29
2012,7,29,9,90.37777777777778,2012-07-29
2012,7,29,10,88.4,2012-07-29
2012,7,29,11,86.42222222222222,2012-07-29
2012,7,29,12,84.44444444444444,2012-07-29
2012,7,29,13,82.46666666666667,2012-07-29
2012,7,29,14,80.48888888888888,2012-07-29
2012,7,29,15,78.51111111111112,2012-07-29
2012,7,29,16,76.53333333333333,2012-07-29
2012,7,29,17,74.55555555555556,2012-07-29
2012,7,29,18,72.57777777777778,2012-07-29
2012,7,29,19,70.6,2012-07-29
2012,7,29,20,68.62222222222222,2012-07-29
2012,7,29,21,66.64444444444445,2012-07-29
2012,7,29,22,64.66666666666666,2012-07-29
2012,7,29,23,62.68888888888889,2012-07-29
2012,7,30,0,60.71111111111111,2012-07-30
2012,7,30,1,58.733333333333334,2012-07-30
2012,7,30,2,56.75555555555556,2012-07-30
2012,7,30,3,54.77777777777777,2012-07-30
2012,7,30,4,52.8,2012-07-30
2012,7,30,5,50.82222222222222,2012-07-30
2012,7,30,6,48.84444444444445,2012-07-30
2012,7,30,7,46.866666666666674,2012-07-30
2012,7,30,8,44.888888888888886,2012-07-30
2012,7,30,9,42.91111111111111,2012-07-30
2012,7,30,10,40.93333333333334,2012-07-30
2012,7,30,11,38.95555555555556,2012-07-30
2012,7,30,12,36.977777777777774,2012-07-30
2012,7,30,13,35.0,2012-07-30
2012,7,30,14,45.0,2012-07-30
2012,7,30,15,48.0,2012-07-30
2012,7,30,16,49.0,2012-07-30
2012,7,30,17,49.0,2012-07-30
2012,7,30,18,58.0,2012-07-30
2012,7,30,19,80.0,2012-07-30
2012,7,30,20,76.0,2012-07-30
2012,7,30,21,66.0,2012-07-30
2012,7,30,22,67.0,2012-07-30
2012,7,30,23,47.0,2012-07-30
2012,7,31,0,38.0,2012-07-31
2012,7,31,1,38.0,2012-07-31
2012,7,31,2,37.0,2012-07-31
2012,7,31,3,35.0,2012-07-31
2012,7,31,4,35.0,2012-07-31
2012,7,31,5,39.0,2012-07-31
2012,7,31,6,44.0,2012-07-31
2012,7,31,7,29.0,2012-07-31
2012,7,31,8,25.0,2012-07-31
2012,7,31,9,21.0,2012-07-31
2012,7,31,10,16.0,2012-07-31
2012,7,31,11,17.0,2012-07-31
2012,7,31,12,14.0,2012-07-31
2012,7,31,13,17.0,2012-07-31
2012,7,31,14,15.0,2012-07-31
2012,7,31,15,22.0,2012-07-31
2012,7,31,16,20.0,2012-07-31
2012,7,31,17,24.0,2012-07-31
2012,7,31,18,21.0,2012-07-31
2012,7,31,19,22.0,2012-07-31
2012,7,31,20,27.0,2012-07-31
2012,7,31,21,26.5,2012-07-31
2012,7,31,22,26.0,2012-07-31
2012,7,31,23,22.0,2012-07-31
2012,8,1,0,9.0,2012-08-01
2012,8,1,1,14.0,2012-08-01
2012,8,1,2,9.0,2012-08-01
2012,8,1,3,9.0,2012-08-01
2012,8,1,4,17.0,2012-08-01
2012,8,1,5,11.0,2012-08-01
2012,8,1,6,14.0,2012-08-01
2012,8,1,7,17.0,2012-08-01
2012,8,1,8,22.0,2012-08-01
2012,8,1,9,18.0,2012-08-01
2012,8,1,10,8.0,2012-08-01
2012,8,1,11,8.0,2012-08-01
2012,8,1,12,16.0,2012-08-01
2012,8,1,13,19.0,2012-08-01
2012,8,1,14,13.0,2012-08-01
2012,8,1,15,10.0,2012-08-01
2012,8,1,16,6.0,2012-08-01
2012,8,1,17,7.0,2012-08-01
2012,8,1,18,9.0,2012-08-01
2012,8,1,19,13.0,2012-08-01
2012,8,1,20,9.0,2012-08-01
2012,8,1,21,16.0,2012-08-01
2012,8,1,22,17.0,2012-08-01
2012,8,1,23,11.0,2012-08-01
2012,8,2,0,18.0,2012-08-02
2012,8,2,1,16.0,2012-08-02
2012,8,2,2,13.0,2012-08-02
2012,8,2,3,18.0,2012-08-02
2012,8,2,4,11.0,2012-08-02
2012,8,2,5,16.0,2012-08-02
2012,8,2,6,15.0,2012-08-02
2012,8,2,7,15.0,2012-08-02
2012,8,2,8,9.0,2012-08-02
2012,8,2,9,14.0,2012-08-02
2012,8,2,10,10.0,2012-08-02
2012,8,2,11,16.0,2012-08-02
2012,8,2,12,14.0,2012-08-02
2012,8,2,13,9.0,2012-08-02
2012,8,2,14,17.0,2012-08-02
2012,8,2,15,15.0,2012-08-02
2012,8,2,16,17.0,2012-08-02
2012,8,2,17,21.0,2012-08-02
2012,8,2,18,18.0,2012-08-02
2012,8,2,19,22.0,2012-08-02
2012,8,2,20,30.0,2012-08-02
2012,8,2,21,33.0,2012-08-02
2012,8,2,22,33.0,2012-08-02
2012,8,2,23,55.0,2012-08-02
2012,8,3,0,69.0,2012-08-03
2012,8,3,1,77.0,2012-08-03
2012,8,3,2,64.0,2012-08-03
2012,8,3,3,61.0,2012-08-03
2012,8,3,4,50.0,2012-08-03
2012,8,3,5,48.0,2012-08-03
2012,8,3,6,54.0,2012-08-03
2012,8,3,7,60.0,2012-08-03
2012,8,3,8,77.0,2012-08-03
2012,8,3,9,93.0,2012-08-03
2012,8,3,10,74.0,2012-08-03
2012,8,3,11,76.0,2012-08-03
2012,8,3,12,81.0,2012-08-03
2012,8,3,13,54.0,2012-08-03
2012,8,3,14,38.0,2012-08-03
2012,8,3,15,42.0,2012-08-03
2012,8,3,16,46.0,2012-08-03
2012,8,3,17,50.0,2012-08-03
2012,8,3,18,51.0,2012-08-03
2012,8,3,19,51.0,2012-08-03
2012,8,3,20,49.0,2012-08-03
2012,8,3,21,33.0,2012-08-03
2012,8,3,22,31.0,2012-08-03
2012,8,3,23,31.0,2012-08-03
2012,8,4,0,28.0,2012-08-04
2012,8,4,1,23.0,2012-08-04
2012,8,4,2,30.0,2012-08-04
2012,8,4,3,28.0,2012-08-04
2012,8,4,4,29.0,2012-08-04
2012,8,4,5,39.0,2012-08-04
2012,8,4,6,36.0,2012-08-04
2012,8,4,7,36.0,2012-08-04
2012,8,4,8,30.0,2012-08-04
2012,8,4,9,19.0,2012-08-04
2012,8,4,10,16.0,2012-08-04
2012,8,4,11,18.0,2012-08-04
2012,8,4,12,18.0,2012-08-04
2012,8,4,13,17.0,2012-08-04
2012,8,4,14,6.0,2012-08-04
2012,8,4,15,22.0,2012-08-04
2012,8,4,16,15.0,2012-08-04
2012,8,4,17,24.0,2012-08-04
2012,8,4,18,20.0,2012-08-04
2012,8,4,19,24.0,2012-08-04
2012,8,4,20,31.0,2012-08-04
2012,8,4,21,25.0,2012-08-04
2012,8,4,22,44.0,2012-08-04
2012,8,4,23,29.0,2012-08-04
2012,8,5,0,32.0,2012-08-05
2012,8,5,1,43.0,2012-08-05
2012,8,5,2,54.0,2012-08-05
2012,8,5,3,46.0,2012-08-05
2012,8,5,4,47.0,2012-08-05
2012,8,5,5,44.0,2012-08-05
2012,8,5,6,52.0,2012-08-05
2012,8,5,7,53.0,2012-08-05
2012,8,5,8,49.0,2012-08-05
2012,8,5,9,51.0,2012-08-05
2012,8,5,10,56.0,2012-08-05
2012,8,5,11,53.0,2012-08-05
2012,8,5,12,28.0,2012-08-05
2012,8,5,13,22.0,2012-08-05
2012,8,5,14,29.0,2012-08-05
2012,8,5,15,39.0,2012-08-05
2012,8,5,16,29.0,2012-08-05
2012,8,5,17,23.0,2012-08-05
2012,8,5,18,24.0,2012-08-05
2012,8,5,19,53.0,2012-08-05
2012,8,5,20,69.0,2012-08-05
2012,8,5,21,69.0,2012-08-05
2012,8,5,22,84.0,2012-08-05
2012,8,5,23,79.0,2012-08-05
2012,8,6,0,73.0,2012-08-06
2012,8,6,1,67.0,2012-08-06
2012,8,6,2,74.0,2012-08-06
2012,8,6,3,82.0,2012-08-06
2012,8,6,4,83.0,2012-08-06
2012,8,6,5,95.0,2012-08-06
2012,8,6,6,95.0,2012-08-06
2012,8,6,7,82.0,2012-08-06
2012,8,6,8,85.0,2012-08-06
2012,8,6,9,81.0,2012-08-06
2012,8,6,10,78.0,2012-08-06
2012,8,6,11,73.0,2012-08-06
2012,8,6,12,61.0,2012-08-06
2012,8,6,13,63.0,2012-08-06
2012,8,6,14,55.0,2012-08-06
2012,8,6,15,50.0,2012-08-06
2012,8,6,16,46.0,2012-08-06
2012,8,6,17,46.0,2012-08-06
2012,8,6,18,47.0,2012-08-06
2012,8,6,19,44.0,2012-08-06
2012,8,6,20,37.0,2012-08-06
2012,8,6,21,44.0,2012-08-06
2012,8,6,22,38.0,2012-08-06
2012,8,6,23,45.0,2012-08-06
2012,8,7,0,57.0,2012-08-07
2012,8,7,1,52.0,2012-08-07
2012,8,7,2,59.0,2012-08-07
2012,8,7,3,67.0,2012-08-07
2012,8,7,4,67.0,2012-08-07
2012,8,7,5,75.0,2012-08-07
2012,8,7,6,73.0,2012-08-07
2012,8,7,7,79.0,2012-08-07
2012,8,7,8,74.0,2012-08-07
2012,8,7,9,67.0,2012-08-07
2012,8,7,10,56.0,2012-08-07
2012,8,7,11,66.0,2012-08-07
2012,8,7,12,63.0,2012-08-07
2012,8,7,13,67.0,2012-08-07
2012,8,7,14,63.0,2012-08-07
2012,8,7,15,58.0,2012-08-07
2012,8,7,16,57.0,2012-08-07
2012,8,7,17,55.0,2012-08-07
2012,8,7,18,61.0,2012-08-07
2012,8,7,19,68.0,2012-08-07
2012,8,7,20,73.0,2012-08-07
2012,8,7,21,85.0,2012-08-07
2012,8,7,22,79.0,2012-08-07
2012,8,7,23,89.0,2012-08-07
2012,8,8,0,89.0,2012-08-08
2012,8,8,1,88.0,2012-08-08
2012,8,8,2,101.0,2012-08-08
2012,8,8,3,106.0,2012-08-08
2012,8,8,4,119.0,2012-08-08
2012,8,8,5,116.0,2012-08-08
2012,8,8,6,127.0,2012-08-08
2012,8,8,7,136.0,2012-08-08
2012,8,8,8,120.0,2012-08-08
2012,8,8,9,109.0,2012-08-08
2012,8,8,10,106.0,2012-08-08
2012,8,8,11,84.0,2012-08-08
2012,8,8,12,75.0,2012-08-08
2012,8,8,13,80.0,2012-08-08
2012,8,8,14,76.0,2012-08-08
2012,8,8,15,79.0,2012-08-08
2012,8,8,16,33.0,2012-08-08
2012,8,8,17,25.0,2012-08-08
2012,8,8,18,25.0,2012-08-08
2012,8,8,19,29.0,2012-08-08
2012,8,8,20,28.0,2012-08-08
2012,8,8,21,35.0,2012-08-08
2012,8,8,22,37.0,2012-08-08
2012,8,8,23,33.0,2012-08-08
2012,8,9,0,31.0,2012-08-09
2012,8,9,1,43.0,2012-08-09
2012,8,9,2,37.0,2012-08-09
2012,8,9,3,21.0,2012-08-09
2012,8,9,4,15.0,2012-08-09
2012,8,9,5,10.0,2012-08-09
2012,8,9,6,21.0,2012-08-09
2012,8,9,7,23.0,2012-08-09
2012,8,9,8,40.0,2012-08-09
2012,8,9,9,46.0,2012-08-09
2012,8,9,10,49.0,2012-08-09
2012,8,9,11,52.0,2012-08-09
2012,8,9,12,46.0,2012-08-09
2012,8,9,13,45.0,2012-08-09
2012,8,9,14,48.0,2012-08-09
2012,8,9,15,52.0,2012-08-09
2012,8,9,16,56.0,2012-08-09
2012,8,9,17,57.0,2012-08-09
2012,8,9,18,39.0,2012-08-09
2012,8,9,19,32.0,2012-08-09
2012,8,9,20,38.0,2012-08-09
2012,8,9,21,38.0,2012-08-09
2012,8,9,22,34.0,2012-08-09
2012,8,9,23,41.0,2012-08-09
2012,8,10,0,37.0,2012-08-10
2012,8,10,1,43.0,2012-08-10
2012,8,10,2,53.0,2012-08-10
2012,8,10,3,57.0,2012-08-10
2012,8,10,4,72.0,2012-08-10
2012,8,10,5,85.0,2012-08-10
2012,8,10,6,89.0,2012-08-10
2012,8,10,7,94.0,2012-08-10
2012,8,10,8,100.0,2012-08-10
2012,8,10,9,116.0,2012-08-10
2012,8,10,10,120.0,2012-08-10
2012,8,10,11,108.0,2012-08-10
2012,8,10,12,89.0,2012-08-10
2012,8,10,13,70.0,2012-08-10
2012,8,10,14,55.0,2012-08-10
2012,8,10,15,55.0,2012-08-10
2012,8,10,16,58.0,2012-08-10
2012,8,10,17,52.0,2012-08-10
2012,8,10,18,60.0,2012-08-10
2012,8,10,19,72.0,2012-08-10
2012,8,10,20,97.0,2012-08-10
2012,8,10,21,97.0,2012-08-10
2012,8,10,22,94.0,2012-08-10
2012,8,10,23,76.0,2012-08-10
2012,8,11,0,85.0,2012-08-11
2012,8,11,1,93.0,2012-08-11
2012,8,11,2,89.0,2012-08-11
2012,8,11,3,105.0,2012-08-11
2012,8,11,4,108.0,2012-08-11
2012,8,11,5,114.0,2012-08-11
2012,8,11,6,116.0,2012-08-11
2012,8,11,7,118.0,2012-08-11
2012,8,11,8,112.0,2012-08-11
2012,8,11,9,124.0,2012-08-11
2012,8,11,10,136.0,2012-08-11
2012,8,11,11,137.0,2012-08-11
2012,8,11,12,138.0,2012-08-11
2012,8,11,13,127.0,2012-08-11
2012,8,11,14,88.0,2012-08-11
2012,8,11,15,79.0,2012-08-11
2012,8,11,16,67.0,2012-08-11
2012,8,11,17,65.74418604651163,2012-08-11
2012,8,11,18,64.48837209302326,2012-08-11
2012,8,11,19,63.23255813953488,2012-08-11
2012,8,11,20,61.97674418604651,2012-08-11
2012,8,11,21,60.72093023255814,2012-08-11
2012,8,11,22,59.46511627906977,2012-08-11
2012,8,11,23,58.2093023255814,2012-08-11
2012,8,12,0,56.95348837209302,2012-08-12
2012,8,12,1,55.69767441860465,2012-08-12
2012,8,12,2,54.44186046511628,2012-08-12
2012,8,12,3,53.18604651162791,2012-08-12
2012,8,12,4,51.93023255813954,2012-08-12
2012,8,12,5,50.674418604651166,2012-08-12
2012,8,12,6,49.418604651162795,2012-08-12
2012,8,12,7,48.16279069767442,2012-08-12
2012,8,12,8,46.906976744186046,2012-08-12
2012,8,12,9,45.65116279069767,2012-08-12
2012,8,12,10,44.3953488372093,2012-08-12
2012,8,12,11,43.13953488372093,2012-08-12
2012,8,12,12,41.883720930232556,2012-08-12
2012,8,12,13,40.627906976744185,2012-08-12
2012,8,12,14,39.372093023255815,2012-08-12
2012,8,12,15,38.116279069767444,2012-08-12
2012,8,12,16,36.86046511627907,2012-08-12
2012,8,12,17,35.604651162790695,2012-08-12
2012,8,12,18,34.348837209302324,2012-08-12
2012,8,12,19,33.093023255813954,2012-08-12
2012,8,12,20,31.837209302325583,2012-08-12
2012,8,12,21,30.581395348837205,2012-08-12
2012,8,12,22,29.325581395348834,2012-08-12
2012,8,12,23,28.069767441860463,2012-08-12
2012,8,13,0,26.813953488372093,2012-08-13
2012,8,13,1,25.558139534883722,2012-08-13
2012,8,13,2,24.302325581395344,2012-08-13
2012,8,13,3,23.046511627906973,2012-08-13
2012,8,13,4,21.790697674418603,2012-08-13
2012,8,13,5,20.53488372093023,2012-08-13
2012,8,13,6,19.27906976744186,2012-08-13
2012,8,13,7,18.023255813953483,2012-08-13
2012,8,13,8,16.767441860465112,2012-08-13
2012,8,13,9,15.511627906976742,2012-08-13
2012,8,13,10,14.25581395348837,2012-08-13
2012,8,13,11,13.0,2012-08-13
2012,8,13,12,13.0,2012-08-13
2012,8,13,13,13.0,2012-08-13
2012,8,13,14,14.0,2012-08-13
2012,8,13,15,14.0,2012-08-13
2012,8,13,16,15.0,2012-08-13
2012,8,13,17,21.0,2012-08-13
2012,8,13,18,26.0,2012-08-13
2012,8,13,19,32.0,2012-08-13
2012,8,13,20,33.0,2012-08-13
2012,8,13,21,38.0,2012-08-13
2012,8,13,22,46.0,2012-08-13
2012,8,13,23,47.0,2012-08-13
2012,8,14,0,48.5,2012-08-14
2012,8,14,1,50.0,2012-08-14
2012,8,14,2,67.0,2012-08-14
2012,8,14,3,71.0,2012-08-14
2012,8,14,4,72.0,2012-08-14
2012,8,14,5,68.0,2012-08-14
2012,8,14,6,66.0,2012-08-14
2012,8,14,7,71.0,2012-08-14
2012,8,14,8,73.0,2012-08-14
2012,8,14,9,84.0,2012-08-14
2012,8,14,10,104.0,2012-08-14
2012,8,14,11,76.0,2012-08-14
2012,8,14,12,47.0,2012-08-14
2012,8,14,13,42.0,2012-08-14
2012,8,14,14,27.0,2012-08-14
2012,8,14,15,37.0,2012-08-14
2012,8,14,16,42.0,2012-08-14
2012,8,14,17,52.0,2012-08-14
2012,8,14,18,50.0,2012-08-14
2012,8,14,19,27.0,2012-08-14
2012,8,14,20,31.0,2012-08-14
2012,8,14,21,33.0,2012-08-14
2012,8,14,22,42.0,2012-08-14
2012,8,14,23,40.0,2012-08-14
2012,8,15,0,48.0,2012-08-15
2012,8,15,1,57.0,2012-08-15
2012,8,15,2,59.0,2012-08-15
2012,8,15,3,68.0,2012-08-15
2012,8,15,4,69.0,2012-08-15
2012,8,15,5,67.0,2012-08-15
2012,8,15,6,73.0,2012-08-15
2012,8,15,7,71.0,2012-08-15
2012,8,15,8,70.0,2012-08-15
2012,8,15,9,72.0,2012-08-15
2012,8,15,10,63.0,2012-08-15
2012,8,15,11,59.0,2012-08-15
2012,8,15,12,45.0,2012-08-15
2012,8,15,13,26.0,2012-08-15
2012,8,15,14,14.0,2012-08-15
2012,8,15,15,16.0,2012-08-15
2012,8,15,16,25.0,2012-08-15
2012,8,15,17,20.0,2012-08-15
2012,8,15,18,23.0,2012-08-15
2012,8,15,19,31.0,2012-08-15
2012,8,15,20,45.0,2012-08-15
2012,8,15,21,80.0,2012-08-15
2012,8,15,22,67.0,2012-08-15
2012,8,15,23,89.0,2012-08-15
2012,8,16,0,91.0,2012-08-16
2012,8,16,1,90.0,2012-08-16
2012,8,16,2,96.0,2012-08-16
2012,8,16,3,88.0,2012-08-16
2012,8,16,4,86.0,2012-08-16
2012,8,16,5,65.0,2012-08-16
2012,8,16,6,83.0,2012-08-16
2012,8,16,7,97.0,2012-08-16
2012,8,16,8,108.0,2012-08-16
2012,8,16,9,96.0,2012-08-16
2012,8,16,10,102.0,2012-08-16
2012,8,16,11,78.0,2012-08-16
2012,8,16,12,60.0,2012-08-16
2012,8,16,13,52.0,2012-08-16
2012,8,16,14,53.0,2012-08-16
2012,8,16,15,49.0,2012-08-16
2012,8,16,16,45.0,2012-08-16
2012,8,16,17,41.0,2012-08-16
2012,8,16,18,64.0,2012-08-16
2012,8,16,19,67.0,2012-08-16
2012,8,16,20,64.0,2012-08-16
2012,8,16,21,53.0,2012-08-16
2012,8,16,22,73.0,2012-08-16
2012,8,16,23,77.0,2012-08-16
2012,8,17,0,70.0,2012-08-17
2012,8,17,1,67.0,2012-08-17
2012,8,17,2,64.0,2012-08-17
2012,8,17,3,77.0,2012-08-17
2012,8,17,4,78.0,2012-08-17
2012,8,17,5,96.0,2012-08-17
2012,8,17,6,112.0,2012-08-17
2012,8,17,7,119.0,2012-08-17
2012,8,17,8,123.0,2012-08-17
2012,8,17,9,129.0,2012-08-17
2012,8,17,10,143.0,2012-08-17
2012,8,17,11,146.0,2012-08-17
2012,8,17,12,146.0,2012-08-17
2012,8,17,13,139.0,2012-08-17
2012,8,17,14,118.0,2012-08-17
2012,8,17,15,124.0,2012-08-17
2012,8,17,16,130.0,2012-08-17
2012,8,17,17,144.0,2012-08-17
2012,8,17,18,147.0,2012-08-17
2012,8,17,19,161.0,2012-08-17
2012,8,17,20,148.0,2012-08-17
2012,8,17,21,145.0,2012-08-17
2012,8,17,22,166.0,2012-08-17
2012,8,17,23,185.0,2012-08-17
2012,8,18,0,206.0,2012-08-18
2012,8,18,1,192.0,2012-08-18
2012,8,18,2,202.0,2012-08-18
2012,8,18,3,198.0,2012-08-18
2012,8,18,4,186.0,2012-08-18
2012,8,18,5,153.0,2012-08-18
2012,8,18,6,140.0,2012-08-18
2012,8,18,7,153.0,2012-08-18
2012,8,18,8,182.0,2012-08-18
2012,8,18,9,182.0,2012-08-18
2012,8,18,10,190.0,2012-08-18
2012,8,18,11,187.50666666666666,2012-08-18
2012,8,18,12,185.01333333333332,2012-08-18
2012,8,18,13,182.52,2012-08-18
2012,8,18,14,180.02666666666667,2012-08-18
2012,8,18,15,177.53333333333333,2012-08-18
2012,8,18,16,175.04,2012-08-18
2012,8,18,17,172.54666666666668,2012-08-18
2012,8,18,18,170.05333333333334,2012-08-18
2012,8,18,19,167.56,2012-08-18
2012,8,18,20,165.06666666666666,2012-08-18
2012,8,18,21,162.57333333333332,2012-08-18
2012,8,18,22,160.07999999999998,2012-08-18
2012,8,18,23,157.58666666666667,2012-08-18
2012,8,19,0,155.09333333333333,2012-08-19
2012,8,19,1,152.6,2012-08-19
2012,8,19,2,150.10666666666665,2012-08-19
2012,8,19,3,147.61333333333334,2012-08-19
2012,8,19,4,145.12,2012-08-19
2012,8,19,5,142.62666666666667,2012-08-19
2012,8,19,6,140.13333333333333,2012-08-19
2012,8,19,7,137.64,2012-08-19
2012,8,19,8,135.14666666666665,2012-08-19
2012,8,19,9,132.65333333333334,2012-08-19
2012,8,19,10,130.16,2012-08-19
2012,8,19,11,127.66666666666666,2012-08-19
2012,8,19,12,125.17333333333333,2012-08-19
2012,8,19,13,122.67999999999999,2012-08-19
2012,8,19,14,120.18666666666667,2012-08-19
2012,8,19,15,117.69333333333333,2012-08-19
2012,8,19,16,115.19999999999999,2012-08-19
2012,8,19,17,112.70666666666666,2012-08-19
2012,8,19,18,110.21333333333332,2012-08-19
2012,8,19,19,107.72,2012-08-19
2012,8,19,20,105.22666666666666,2012-08-19
2012,8,19,21,102.73333333333333,2012-08-19
2012,8,19,22,100.24,2012-08-19
2012,8,19,23,97.74666666666666,2012-08-19
2012,8,20,0,95.25333333333333,2012-08-20
2012,8,20,1,92.75999999999999,2012-08-20
2012,8,20,2,90.26666666666667,2012-08-20
2012,8,20,3,87.77333333333333,2012-08-20
2012,8,20,4,85.27999999999999,2012-08-20
2012,8,20,5,82.78666666666666,2012-08-20
2012,8,20,6,80.29333333333332,2012-08-20
2012,8,20,7,77.8,2012-08-20
2012,8,20,8,75.30666666666666,2012-08-20
2012,8,20,9,72.81333333333333,2012-08-20
2012,8,20,10,70.32,2012-08-20
2012,8,20,11,67.82666666666665,2012-08-20
2012,8,20,12,65.33333333333333,2012-08-20
2012,8,20,13,62.83999999999999,2012-08-20
2012,8,20,14,60.346666666666664,2012-08-20
2012,8,20,15,57.853333333333325,2012-08-20
2012,8,20,16,55.359999999999985,2012-08-20
2012,8,20,17,52.866666666666646,2012-08-20
2012,8,20,18,50.373333333333335,2012-08-20
2012,8,20,19,47.879999999999995,2012-08-20
2012,8,20,20,45.386666666666656,2012-08-20
2012,8,20,21,42.89333333333332,2012-08-20
2012,8,20,22,40.39999999999998,2012-08-20
2012,8,20,23,37.906666666666666,2012-08-20
2012,8,21,0,35.41333333333333,2012-08-21
2012,8,21,1,32.91999999999999,2012-08-21
2012,8,21,2,30.426666666666648,2012-08-21
2012,8,21,3,27.933333333333337,2012-08-21
2012,8,21,4,25.439999999999998,2012-08-21
2012,8,21,5,22.94666666666666,2012-08-21
2012,8,21,6,20.45333333333332,2012-08-21
2012,8,21,7,17.95999999999998,2012-08-21
2012,8,21,8,15.466666666666669,2012-08-21
2012,8,21,9,12.97333333333333,2012-08-21
2012,8,21,10,10.47999999999999,2012-08-21
2012,8,21,11,7.98666666666665,2012-08-21
2012,8,21,12,5.493333333333311,2012-08-21
2012,8,21,13,3.0,2012-08-21
2012,8,21,14,5.0,2012-08-21
2012,8,21,15,8.0,2012-08-21
2012,8,21,16,8.0,2012-08-21
2012,8,21,17,12.0,2012-08-21
2012,8,21,18,5.0,2012-08-21
2012,8,21,19,20.0,2012-08-21
2012,8,21,20,23.0,2012-08-21
2012,8,21,21,28.0,2012-08-21
2012,8,21,22,25.0,2012-08-21
2012,8,21,23,29.0,2012-08-21
2012,8,22,0,36.0,2012-08-22
2012,8,22,1,42.0,2012-08-22
2012,8,22,2,24.0,2012-08-22
2012,8,22,3,10.0,2012-08-22
2012,8,22,4,9.0,2012-08-22
2012,8,22,5,13.0,2012-08-22
2012,8,22,6,15.0,2012-08-22
2012,8,22,7,21.0,2012-08-22
2012,8,22,8,21.0,2012-08-22
2012,8,22,9,13.0,2012-08-22
2012,8,22,10,13.0,2012-08-22
2012,8,22,11,9.0,2012-08-22
2012,8,22,12,6.0,2012-08-22
2012,8,22,13,8.0,2012-08-22
2012,8,22,14,11.0,2012-08-22
2012,8,22,15,17.0,2012-08-22
2012,8,22,16,22.0,2012-08-22
2012,8,22,17,24.0,2012-08-22
2012,8,22,18,22.0,2012-08-22
2012,8,22,19,23.0,2012-08-22
2012,8,22,20,17.0,2012-08-22
2012,8,22,21,29.0,2012-08-22
2012,8,22,22,35.0,2012-08-22
2012,8,22,23,36.0,2012-08-22
2012,8,23,0,40.0,2012-08-23
2012,8,23,1,47.0,2012-08-23
2012,8,23,2,63.0,2012-08-23
2012,8,23,3,67.0,2012-08-23
2012,8,23,4,81.0,2012-08-23
2012,8,23,5,87.0,2012-08-23
2012,8,23,6,82.0,2012-08-23
2012,8,23,7,84.0,2012-08-23
2012,8,23,8,91.0,2012-08-23
2012,8,23,9,98.0,2012-08-23
2012,8,23,10,100.0,2012-08-23
2012,8,23,11,105.0,2012-08-23
2012,8,23,12,110.0,2012-08-23
2012,8,23,13,97.0,2012-08-23
2012,8,23,14,88.0,2012-08-23
2012,8,23,15,70.0,2012-08-23
2012,8,23,16,65.0,2012-08-23
2012,8,23,17,77.0,2012-08-23
2012,8,23,18,76.0,2012-08-23
2012,8,23,19,69.0,2012-08-23
2012,8,23,20,65.0,2012-08-23
2012,8,23,21,66.0,2012-08-23
2012,8,23,22,62.0,2012-08-23
2012,8,23,23,63.0,2012-08-23
2012,8,24,0,66.0,2012-08-24
2012,8,24,1,71.0,2012-08-24
2012,8,24,2,73.0,2012-08-24
2012,8,24,3,81.0,2012-08-24
2012,8,24,4,88.0,2012-08-24
2012,8,24,5,101.0,2012-08-24
2012,8,24,6,110.0,2012-08-24
2012,8,24,7,110.0,2012-08-24
2012,8,24,8,124.0,2012-08-24
2012,8,24,9,143.0,2012-08-24
2012,8,24,10,156.0,2012-08-24
2012,8,24,11,125.0,2012-08-24
2012,8,24,12,65.0,2012-08-24
2012,8,24,13,66.0,2012-08-24
2012,8,24,14,62.0,2012-08-24
2012,8,24,15,59.0,2012-08-24
2012,8,24,16,52.0,2012-08-24
2012,8,24,17,56.0,2012-08-24
2012,8,24,18,50.0,2012-08-24
2012,8,24,19,59.0,2012-08-24
2012,8,24,20,71.0,2012-08-24
2012,8,24,21,80.0,2012-08-24
2012,8,24,22,84.0,2012-08-24
2012,8,24,23,103.0,2012-08-24
2012,8,25,0,90.0,2012-08-25
2012,8,25,1,104.0,2012-08-25
2012,8,25,2,104.0,2012-08-25
2012,8,25,3,102.0,2012-08-25
2012,8,25,4,108.0,2012-08-25
2012,8,25,5,117.0,2012-08-25
2012,8,25,6,143.0,2012-08-25
2012,8,25,7,143.0,2012-08-25
2012,8,25,8,149.0,2012-08-25
2012,8,25,9,146.0,2012-08-25
2012,8,25,10,154.0,2012-08-25
2012,8,25,11,151.0,2012-08-25
2012,8,25,12,149.0,2012-08-25
2012,8,25,13,126.0,2012-08-25
2012,8,25,14,128.0,2012-08-25
2012,8,25,15,120.0,2012-08-25
2012,8,25,16,118.0,2012-08-25
2012,8,25,17,117.0,2012-08-25
2012,8,25,18,123.0,2012-08-25
2012,8,25,19,131.0,2012-08-25
2012,8,25,20,127.0,2012-08-25
2012,8,25,21,121.0,2012-08-25
2012,8,25,22,113.0,2012-08-25
2012,8,25,23,114.0,2012-08-25
2012,8,26,0,120.0,2012-08-26
2012,8,26,1,133.0,2012-08-26
2012,8,26,2,140.0,2012-08-26
2012,8,26,3,151.0,2012-08-26
2012,8,26,4,178.0,2012-08-26
2012,8,26,5,174.0,2012-08-26
2012,8,26,6,180.0,2012-08-26
2012,8,26,7,185.0,2012-08-26
2012,8,26,8,180.0,2012-08-26
2012,8,26,9,169.0,2012-08-26
2012,8,26,10,153.0,2012-08-26
2012,8,26,11,158.0,2012-08-26
2012,8,26,12,160.0,2012-08-26
2012,8,26,13,161.0,2012-08-26
2012,8,26,14,159.0,2012-08-26
2012,8,26,15,146.0,2012-08-26
2012,8,26,16,145.0,2012-08-26
2012,8,26,17,156.0,2012-08-26
2012,8,26,18,166.0,2012-08-26
2012,8,26,19,172.0,2012-08-26
2012,8,26,20,149.0,2012-08-26
2012,8,26,21,140.0,2012-08-26
2012,8,26,22,134.0,2012-08-26
2012,8,26,23,128.0,2012-08-26
2012,8,27,0,125.0,2012-08-27
2012,8,27,1,102.0,2012-08-27
2012,8,27,2,93.0,2012-08-27
2012,8,27,3,93.0,2012-08-27
2012,8,27,4,93.0,2012-08-27
2012,8,27,5,71.0,2012-08-27
2012,8,27,6,74.0,2012-08-27
2012,8,27,7,81.0,2012-08-27
2012,8,27,8,80.0,2012-08-27
2012,8,27,9,73.0,2012-08-27
2012,8,27,10,56.0,2012-08-27
2012,8,27,11,48.0,2012-08-27
2012,8,27,12,46.0,2012-08-27
2012,8,27,13,47.0,2012-08-27
2012,8,27,14,48.0,2012-08-27
2012,8,27,15,44.0,2012-08-27
2012,8,27,16,62.0,2012-08-27
2012,8,27,17,59.0,2012-08-27
2012,8,27,18,56.0,2012-08-27
2012,8,27,19,56.0,2012-08-27
2012,8,27,20,43.0,2012-08-27
2012,8,27,21,49.0,2012-08-27
2012,8,27,22,54.0,2012-08-27
2012,8,27,23,55.0,2012-08-27
2012,8,28,0,68.0,2012-08-28
2012,8,28,1,64.0,2012-08-28
2012,8,28,2,68.0,2012-08-28
2012,8,28,3,72.0,2012-08-28
2012,8,28,4,80.0,2012-08-28
2012,8,28,5,83.0,2012-08-28
2012,8,28,6,83.0,2012-08-28
2012,8,28,7,83.0,2012-08-28
2012,8,28,8,92.0,2012-08-28
2012,8,28,9,83.0,2012-08-28
2012,8,28,10,76.0,2012-08-28
2012,8,28,11,88.0,2012-08-28
2012,8,28,12,80.0,2012-08-28
2012,8,28,13,78.0,2012-08-28
2012,8,28,14,64.0,2012-08-28
2012,8,28,15,57.0,2012-08-28
2012,8,28,16,55.0,2012-08-28
2012,8,28,17,56.0,2012-08-28
2012,8,28,18,75.0,2012-08-28
2012,8,28,19,105.0,2012-08-28
2012,8,28,20,115.0,2012-08-28
2012,8,28,21,118.0,2012-08-28
2012,8,28,22,128.0,2012-08-28
2012,8,28,23,145.0,2012-08-28
2012,8,29,0,154.0,2012-08-29
2012,8,29,1,157.0,2012-08-29
2012,8,29,2,161.0,2012-08-29
2012,8,29,3,143.0,2012-08-29
2012,8,29,4,153.0,2012-08-29
2012,8,29,5,149.0,2012-08-29
2012,8,29,6,115.0,2012-08-29
2012,8,29,7,64.0,2012-08-29
2012,8,29,8,61.0,2012-08-29
2012,8,29,9,42.0,2012-08-29
2012,8,29,10,41.0,2012-08-29
2012,8,29,11,35.0,2012-08-29
2012,8,29,12,29.0,2012-08-29
2012,8,29,13,26.0,2012-08-29
2012,8,29,14,29.0,2012-08-29
2012,8,29,15,24.0,2012-08-29
2012,8,29,16,38.0,2012-08-29
2012,8,29,17,63.0,2012-08-29
2012,8,29,18,115.0,2012-08-29
2012,8,29,19,123.0,2012-08-29
2012,8,29,20,160.0,2012-08-29
2012,8,29,21,175.0,2012-08-29
2012,8,29,22,205.0,2012-08-29
2012,8,29,23,229.0,2012-08-29
2012,8,30,0,245.0,2012-08-30
2012,8,30,1,260.0,2012-08-30
2012,8,30,2,268.0,2012-08-30
2012,8,30,3,266.0,2012-08-30
2012,8,30,4,281.0,2012-08-30
2012,8,30,5,286.0,2012-08-30
2012,8,30,6,301.0,2012-08-30
2012,8,30,7,302.0,2012-08-30
2012,8,30,8,277.0,2012-08-30
2012,8,30,9,252.0,2012-08-30
2012,8,30,10,242.0,2012-08-30
2012,8,30,11,231.0,2012-08-30
2012,8,30,12,232.0,2012-08-30
2012,8,30,13,239.0,2012-08-30
2012,8,30,14,233.0,2012-08-30
2012,8,30,15,197.0,2012-08-30
2012,8,30,16,195.0,2012-08-30
2012,8,30,17,170.0,2012-08-30
2012,8,30,18,176.0,2012-08-30
2012,8,30,19,213.0,2012-08-30
2012,8,30,20,224.0,2012-08-30
2012,8,30,21,229.0,2012-08-30
2012,8,30,22,215.0,2012-08-30
2012,8,30,23,204.0,2012-08-30
2012,8,31,0,194.0,2012-08-31
2012,8,31,1,188.0,2012-08-31
2012,8,31,2,197.0,2012-08-31
2012,8,31,3,206.0,2012-08-31
2012,8,31,4,207.0,2012-08-31
2012,8,31,5,212.0,2012-08-31
2012,8,31,6,232.0,2012-08-31
2012,8,31,7,240.0,2012-08-31
2012,8,31,8,245.0,2012-08-31
2012,8,31,9,242.0,2012-08-31
2012,8,31,10,230.0,2012-08-31
2012,8,31,11,179.0,2012-08-31
2012,8,31,12,159.0,2012-08-31
2012,8,31,13,142.0,2012-08-31
2012,8,31,14,142.0,2012-08-31
2012,8,31,15,145.0,2012-08-31
2012,8,31,16,135.0,2012-08-31
2012,8,31,17,143.0,2012-08-31
2012,8,31,18,150.0,2012-08-31
2012,8,31,19,166.0,2012-08-31
2012,8,31,20,160.0,2012-08-31
2012,8,31,21,169.0,2012-08-31
2012,8,31,22,180.0,2012-08-31
2012,8,31,23,188.0,2012-08-31
2012,9,1,0,196.0,2012-09-01
2012,9,1,1,205.0,2012-09-01
2012,9,1,2,196.0,2012-09-01
2012,9,1,3,192.0,2012-09-01
2012,9,1,4,183.0,2012-09-01
2012,9,1,5,186.0,2012-09-01
2012,9,1,6,203.0,2012-09-01
2012,9,1,7,204.0,2012-09-01
2012,9,1,8,206.0,2012-09-01
2012,9,1,9,202.0,2012-09-01
2012,9,1,10,207.0,2012-09-01
2012,9,1,11,179.0,2012-09-01
2012,9,1,12,173.0,2012-09-01
2012,9,1,13,166.0,2012-09-01
2012,9,1,14,141.0,2012-09-01
2012,9,1,15,114.0,2012-09-01
2012,9,1,16,124.0,2012-09-01
2012,9,1,17,126.0,2012-09-01
2012,9,1,18,110.0,2012-09-01
2012,9,1,19,113.0,2012-09-01
2012,9,1,20,111.0,2012-09-01
2012,9,1,21,106.0,2012-09-01
2012,9,1,22,106.0,2012-09-01
2012,9,1,23,108.0,2012-09-01
2012,9,2,0,109.0,2012-09-02
2012,9,2,1,103.0,2012-09-02
2012,9,2,2,124.0,2012-09-02
2012,9,2,3,127.0,2012-09-02
2012,9,2,4,123.0,2012-09-02
2012,9,2,5,10.0,2012-09-02
2012,9,2,6,7.0,2012-09-02
2012,9,2,7,6.0,2012-09-02
2012,9,2,8,5.0,2012-09-02
2012,9,2,9,8.0,2012-09-02
2012,9,2,10,9.0,2012-09-02
2012,9,2,11,9.0,2012-09-02
2012,9,2,12,10.0,2012-09-02
2012,9,2,13,13.0,2012-09-02
2012,9,2,14,14.0,2012-09-02
2012,9,2,15,12.0,2012-09-02
2012,9,2,16,13.0,2012-09-02
2012,9,2,17,16.0,2012-09-02
2012,9,2,18,15.0,2012-09-02
2012,9,2,19,17.0,2012-09-02
2012,9,2,20,18.0,2012-09-02
2012,9,2,21,16.0,2012-09-02
2012,9,2,22,18.0,2012-09-02
2012,9,2,23,13.0,2012-09-02
2012,9,3,0,7.0,2012-09-03
2012,9,3,1,5.0,2012-09-03
2012,9,3,2,6.0,2012-09-03
2012,9,3,3,5.0,2012-09-03
2012,9,3,4,5.0,2012-09-03
2012,9,3,5,6.0,2012-09-03
2012,9,3,6,6.0,2012-09-03
2012,9,3,7,8.0,2012-09-03
2012,9,3,8,13.0,2012-09-03
2012,9,3,9,17.0,2012-09-03
2012,9,3,10,11.0,2012-09-03
2012,9,3,11,9.0,2012-09-03
2012,9,3,12,10.0,2012-09-03
2012,9,3,13,12.0,2012-09-03
2012,9,3,14,11.0,2012-09-03
2012,9,3,15,10.0,2012-09-03
2012,9,3,16,11.0,2012-09-03
2012,9,3,17,12.0,2012-09-03
2012,9,3,18,13.0,2012-09-03
2012,9,3,19,11.0,2012-09-03
2012,9,3,20,8.0,2012-09-03
2012,9,3,21,9.0,2012-09-03
2012,9,3,22,11.0,2012-09-03
2012,9,3,23,11.0,2012-09-03
2012,9,4,0,10.0,2012-09-04
2012,9,4,1,12.0,2012-09-04
2012,9,4,2,14.0,2012-09-04
2012,9,4,3,8.0,2012-09-04
2012,9,4,4,9.0,2012-09-04
2012,9,4,5,12.0,2012-09-04
2012,9,4,6,10.0,2012-09-04
2012,9,4,7,17.0,2012-09-04
2012,9,4,8,12.0,2012-09-04
2012,9,4,9,15.0,2012-09-04
2012,9,4,10,6.0,2012-09-04
2012,9,4,11,7.0,2012-09-04
2012,9,4,12,7.0,2012-09-04
2012,9,4,13,9.0,2012-09-04
2012,9,4,14,12.0,2012-09-04
2012,9,4,15,13.0,2012-09-04
2012,9,4,16,9.0,2012-09-04
2012,9,4,17,10.0,2012-09-04
2012,9,4,18,15.0,2012-09-04
2012,9,4,19,19.0,2012-09-04
2012,9,4,20,15.0,2012-09-04
2012,9,4,21,24.0,2012-09-04
2012,9,4,22,26.0,2012-09-04
2012,9,4,23,27.0,2012-09-04
2012,9,5,0,34.0,2012-09-05
2012,9,5,1,37.0,2012-09-05
2012,9,5,2,30.0,2012-09-05
2012,9,5,3,30.0,2012-09-05
2012,9,5,4,31.0,2012-09-05
2012,9,5,5,25.0,2012-09-05
2012,9,5,6,21.0,2012-09-05
2012,9,5,7,21.0,2012-09-05
2012,9,5,8,19.0,2012-09-05
2012,9,5,9,24.0,2012-09-05
2012,9,5,10,22.0,2012-09-05
2012,9,5,11,21.0,2012-09-05
2012,9,5,12,31.0,2012-09-05
2012,9,5,13,50.0,2012-09-05
2012,9,5,14,50.0,2012-09-05
2012,9,5,15,35.0,2012-09-05
2012,9,5,16,52.0,2012-09-05
2012,9,5,17,34.0,2012-09-05
2012,9,5,18,25.0,2012-09-05
2012,9,5,19,29.0,2012-09-05
2012,9,5,20,37.0,2012-09-05
2012,9,5,21,41.0,2012-09-05
2012,9,5,22,42.0,2012-09-05
2012,9,5,23,34.0,2012-09-05
2012,9,6,0,39.0,2012-09-06
2012,9,6,1,40.0,2012-09-06
2012,9,6,2,47.0,2012-09-06
2012,9,6,3,55.0,2012-09-06
2012,9,6,4,58.0,2012-09-06
2012,9,6,5,62.0,2012-09-06
2012,9,6,6,74.0,2012-09-06
2012,9,6,7,72.0,2012-09-06
2012,9,6,8,70.0,2012-09-06
2012,9,6,9,63.0,2012-09-06
2012,9,6,10,67.0,2012-09-06
2012,9,6,11,84.0,2012-09-06
2012,9,6,12,90.0,2012-09-06
2012,9,6,13,101.0,2012-09-06
2012,9,6,14,97.0,2012-09-06
2012,9,6,15,98.0,2012-09-06
2012,9,6,16,86.0,2012-09-06
2012,9,6,17,98.0,2012-09-06
2012,9,6,18,126.0,2012-09-06
2012,9,6,19,142.0,2012-09-06
2012,9,6,20,150.0,2012-09-06
2012,9,6,21,154.0,2012-09-06
2012,9,6,22,152.0,2012-09-06
2012,9,6,23,144.0,2012-09-06
2012,9,7,0,143.0,2012-09-07
2012,9,7,1,141.0,2012-09-07
2012,9,7,2,151.0,2012-09-07
2012,9,7,3,140.0,2012-09-07
2012,9,7,4,139.0,2012-09-07
2012,9,7,5,135.0,2012-09-07
2012,9,7,6,135.0,2012-09-07
2012,9,7,7,134.0,2012-09-07
2012,9,7,8,134.0,2012-09-07
2012,9,7,9,129.0,2012-09-07
2012,9,7,10,115.0,2012-09-07
2012,9,7,11,99.0,2012-09-07
2012,9,7,12,81.0,2012-09-07
2012,9,7,13,60.0,2012-09-07
2012,9,7,14,50.0,2012-09-07
2012,9,7,15,38.0,2012-09-07
2012,9,7,16,29.0,2012-09-07
2012,9,7,17,32.0,2012-09-07
2012,9,7,18,27.0,2012-09-07
2012,9,7,19,23.0,2012-09-07
2012,9,7,20,26.0,2012-09-07
2012,9,7,21,33.0,2012-09-07
2012,9,7,22,31.0,2012-09-07
2012,9,7,23,31.0,2012-09-07
2012,9,8,0,44.0,2012-09-08
2012,9,8,1,53.0,2012-09-08
2012,9,8,2,47.0,2012-09-08
2012,9,8,3,40.0,2012-09-08
2012,9,8,4,42.0,2012-09-08
2012,9,8,5,50.0,2012-09-08
2012,9,8,6,43.0,2012-09-08
2012,9,8,7,40.0,2012-09-08
2012,9,8,8,34.0,2012-09-08
2012,9,8,9,35.0,2012-09-08
2012,9,8,10,39.0,2012-09-08
2012,9,8,11,36.0,2012-09-08
2012,9,8,12,34.0,2012-09-08
2012,9,8,13,40.0,2012-09-08
2012,9,8,14,48.0,2012-09-08
2012,9,8,15,52.0,2012-09-08
2012,9,8,16,60.0,2012-09-08
2012,9,8,17,64.0,2012-09-08
2012,9,8,18,60.0,2012-09-08
2012,9,8,19,58.0,2012-09-08
2012,9,8,20,61.0,2012-09-08
2012,9,8,21,61.0,2012-09-08
2012,9,8,22,69.0,2012-09-08
2012,9,8,23,73.0,2012-09-08
2012,9,9,0,84.0,2012-09-09
2012,9,9,1,80.0,2012-09-09
2012,9,9,2,87.0,2012-09-09
2012,9,9,3,95.0,2012-09-09
2012,9,9,4,113.0,2012-09-09
2012,9,9,5,124.0,2012-09-09
2012,9,9,6,132.0,2012-09-09
2012,9,9,7,125.0,2012-09-09
2012,9,9,8,130.0,2012-09-09
2012,9,9,9,145.0,2012-09-09
2012,9,9,10,153.0,2012-09-09
2012,9,9,11,138.0,2012-09-09
2012,9,9,12,133.0,2012-09-09
2012,9,9,13,134.0,2012-09-09
2012,9,9,14,103.0,2012-09-09
2012,9,9,15,87.0,2012-09-09
2012,9,9,16,93.0,2012-09-09
2012,9,9,17,85.0,2012-09-09
2012,9,9,18,80.0,2012-09-09
2012,9,9,19,90.0,2012-09-09
2012,9,9,20,90.0,2012-09-09
2012,9,9,21,106.0,2012-09-09
2012,9,9,22,118.0,2012-09-09
2012,9,9,23,126.0,2012-09-09
2012,9,10,0,126.0,2012-09-10
2012,9,10,1,129.0,2012-09-10
2012,9,10,2,129.0,2012-09-10
2012,9,10,3,145.0,2012-09-10
2012,9,10,4,143.0,2012-09-10
2012,9,10,5,145.0,2012-09-10
2012,9,10,6,160.0,2012-09-10
2012,9,10,7,159.0,2012-09-10
2012,9,10,8,173.0,2012-09-10
2012,9,10,9,180.0,2012-09-10
2012,9,10,10,179.0,2012-09-10
2012,9,10,11,176.0,2012-09-10
2012,9,10,12,161.0,2012-09-10
2012,9,10,13,149.0,2012-09-10
2012,9,10,14,134.0,2012-09-10
2012,9,10,15,116.0,2012-09-10
2012,9,10,16,106.0,2012-09-10
2012,9,10,17,99.0,2012-09-10
2012,9,10,18,91.0,2012-09-10
2012,9,10,19,78.0,2012-09-10
2012,9,10,20,80.0,2012-09-10
2012,9,10,21,86.0,2012-09-10
2012,9,10,22,96.0,2012-09-10
2012,9,10,23,109.0,2012-09-10
2012,9,11,0,108.0,2012-09-11
2012,9,11,1,116.0,2012-09-11
2012,9,11,2,123.0,2012-09-11
2012,9,11,3,133.0,2012-09-11
2012,9,11,4,121.0,2012-09-11
2012,9,11,5,115.0,2012-09-11
2012,9,11,6,123.0,2012-09-11
2012,9,11,7,134.0,2012-09-11
2012,9,11,8,160.0,2012-09-11
2012,9,11,9,138.0,2012-09-11
2012,9,11,10,150.0,2012-09-11
2012,9,11,11,174.0,2012-09-11
2012,9,11,12,132.0,2012-09-11
2012,9,11,13,92.0,2012-09-11
2012,9,11,14,79.0,2012-09-11
2012,9,11,15,78.0,2012-09-11
2012,9,11,16,83.0,2012-09-11
2012,9,11,17,78.0,2012-09-11
2012,9,11,18,75.0,2012-09-11
2012,9,11,19,92.0,2012-09-11
2012,9,11,20,99.0,2012-09-11
2012,9,11,21,88.0,2012-09-11
2012,9,11,22,34.0,2012-09-11
2012,9,11,23,48.0,2012-09-11
2012,9,12,0,62.0,2012-09-12
2012,9,12,1,64.0,2012-09-12
2012,9,12,2,68.0,2012-09-12
2012,9,12,3,70.0,2012-09-12
2012,9,12,4,37.0,2012-09-12
2012,9,12,5,6.0,2012-09-12
2012,9,12,6,6.0,2012-09-12
2012,9,12,7,7.0,2012-09-12
2012,9,12,8,10.0,2012-09-12
2012,9,12,9,6.0,2012-09-12
2012,9,12,10,7.0,2012-09-12
2012,9,12,11,7.0,2012-09-12
2012,9,12,12,5.0,2012-09-12
2012,9,12,13,9.0,2012-09-12
2012,9,12,14,7.0,2012-09-12
2012,9,12,15,7.0,2012-09-12
2012,9,12,16,10.0,2012-09-12
2012,9,12,17,9.0,2012-09-12
2012,9,12,18,16.0,2012-09-12
2012,9,12,19,13.0,2012-09-12
2012,9,12,20,14.0,2012-09-12
2012,9,12,21,21.0,2012-09-12
2012,9,12,22,16.0,2012-09-12
2012,9,12,23,14.0,2012-09-12
2012,9,13,0,10.0,2012-09-13
2012,9,13,1,6.0,2012-09-13
2012,9,13,2,11.0,2012-09-13
2012,9,13,3,10.0,2012-09-13
2012,9,13,4,13.0,2012-09-13
2012,9,13,5,16.0,2012-09-13
2012,9,13,6,20.0,2012-09-13
2012,9,13,7,30.0,2012-09-13
2012,9,13,8,27.0,2012-09-13
2012,9,13,9,16.0,2012-09-13
2012,9,13,10,15.0,2012-09-13
2012,9,13,11,10.0,2012-09-13
2012,9,13,12,10.0,2012-09-13
2012,9,13,13,13.0,2012-09-13
2012,9,13,14,13.0,2012-09-13
2012,9,13,15,15.0,2012-09-13
2012,9,13,16,15.0,2012-09-13
2012,9,13,17,17.0,2012-09-13
2012,9,13,18,17.0,2012-09-13
2012,9,13,19,10.0,2012-09-13
2012,9,13,20,16.0,2012-09-13
2012,9,13,21,14.0,2012-09-13
2012,9,13,22,15.0,2012-09-13
2012,9,13,23,12.0,2012-09-13
2012,9,14,0,11.0,2012-09-14
2012,9,14,1,13.0,2012-09-14
2012,9,14,2,15.0,2012-09-14
2012,9,14,3,14.0,2012-09-14
2012,9,14,4,26.0,2012-09-14
2012,9,14,5,24.0,2012-09-14
2012,9,14,6,20.0,2012-09-14
2012,9,14,7,17.0,2012-09-14
2012,9,14,8,20.0,2012-09-14
2012,9,14,9,25.0,2012-09-14
2012,9,14,10,14.0,2012-09-14
2012,9,14,11,12.0,2012-09-14
2012,9,14,12,12.0,2012-09-14
2012,9,14,13,8.0,2012-09-14
2012,9,14,14,6.0,2012-09-14
2012,9,14,15,7.0,2012-09-14
2012,9,14,16,10.0,2012-09-14
2012,9,14,17,8.0,2012-09-14
2012,9,14,18,7.0,2012-09-14
2012,9,14,19,27.0,2012-09-14
2012,9,14,20,25.0,2012-09-14
2012,9,14,21,28.0,2012-09-14
2012,9,14,22,29.0,2012-09-14
2012,9,14,23,30.0,2012-09-14
2012,9,15,0,23.0,2012-09-15
2012,9,15,1,53.0,2012-09-15
2012,9,15,2,70.0,2012-09-15
2012,9,15,3,56.0,2012-09-15
2012,9,15,4,28.0,2012-09-15
2012,9,15,5,20.0,2012-09-15
2012,9,15,6,24.0,2012-09-15
2012,9,15,7,20.0,2012-09-15
2012,9,15,8,24.0,2012-09-15
2012,9,15,9,29.0,2012-09-15
2012,9,15,10,29.0,2012-09-15
2012,9,15,11,24.0,2012-09-15
2012,9,15,12,26.0,2012-09-15
2012,9,15,13,26.0,2012-09-15
2012,9,15,14,29.0,2012-09-15
2012,9,15,15,32.0,2012-09-15
2012,9,15,16,26.0,2012-09-15
2012,9,15,17,26.0,2012-09-15
2012,9,15,18,24.0,2012-09-15
2012,9,15,19,28.0,2012-09-15
2012,9,15,20,37.0,2012-09-15
2012,9,15,21,43.0,2012-09-15
2012,9,15,22,45.0,2012-09-15
2012,9,15,23,52.0,2012-09-15
2012,9,16,0,68.0,2012-09-16
2012,9,16,1,77.0,2012-09-16
2012,9,16,2,79.0,2012-09-16
2012,9,16,3,78.0,2012-09-16
2012,9,16,4,77.0,2012-09-16
2012,9,16,5,59.0,2012-09-16
2012,9,16,6,41.0,2012-09-16
2012,9,16,7,45.0,2012-09-16
2012,9,16,8,43.0,2012-09-16
2012,9,16,9,47.0,2012-09-16
2012,9,16,10,57.0,2012-09-16
2012,9,16,11,69.0,2012-09-16
2012,9,16,12,66.0,2012-09-16
2012,9,16,13,62.0,2012-09-16
2012,9,16,14,66.0,2012-09-16
2012,9,16,15,41.0,2012-09-16
2012,9,16,16,43.0,2012-09-16
2012,9,16,17,37.0,2012-09-16
2012,9,16,18,42.0,2012-09-16
2012,9,16,19,46.0,2012-09-16
2012,9,16,20,45.0,2012-09-16
2012,9,16,21,47.0,2012-09-16
2012,9,16,22,42.0,2012-09-16
2012,9,16,23,58.0,2012-09-16
2012,9,17,0,64.0,2012-09-17
2012,9,17,1,81.0,2012-09-17
2012,9,17,2,61.0,2012-09-17
2012,9,17,3,60.0,2012-09-17
2012,9,17,4,47.0,2012-09-17
2012,9,17,5,40.0,2012-09-17
2012,9,17,6,55.0,2012-09-17
2012,9,17,7,50.0,2012-09-17
2012,9,17,8,46.0,2012-09-17
2012,9,17,9,33.0,2012-09-17
2012,9,17,10,33.0,2012-09-17
2012,9,17,11,32.0,2012-09-17
2012,9,17,12,23.0,2012-09-17
2012,9,17,13,15.0,2012-09-17
2012,9,17,14,16.0,2012-09-17
2012,9,17,15,15.0,2012-09-17
2012,9,17,16,16.0,2012-09-17
2012,9,17,17,18.0,2012-09-17
2012,9,17,18,23.0,2012-09-17
2012,9,17,19,40.0,2012-09-17
2012,9,17,20,49.0,2012-09-17
2012,9,17,21,61.0,2012-09-17
2012,9,17,22,66.0,2012-09-17
2012,9,17,23,74.0,2012-09-17
2012,9,18,0,59.0,2012-09-18
2012,9,18,1,77.0,2012-09-18
2012,9,18,2,69.0,2012-09-18
2012,9,18,3,36.0,2012-09-18
2012,9,18,4,38.0,2012-09-18
2012,9,18,5,43.0,2012-09-18
2012,9,18,6,45.0,2012-09-18
2012,9,18,7,31.0,2012-09-18
2012,9,18,8,27.0,2012-09-18
2012,9,18,9,28.0,2012-09-18
2012,9,18,10,33.0,2012-09-18
2012,9,18,11,29.0,2012-09-18
2012,9,18,12,31.0,2012-09-18
2012,9,18,13,23.0,2012-09-18
2012,9,18,14,8.0,2012-09-18
2012,9,18,15,7.0,2012-09-18
2012,9,18,16,11.0,2012-09-18
2012,9,18,17,13.0,2012-09-18
2012,9,18,18,16.0,2012-09-18
2012,9,18,19,29.0,2012-09-18
2012,9,18,20,33.0,2012-09-18
2012,9,18,21,34.0,2012-09-18
2012,9,18,22,34.0,2012-09-18
2012,9,18,23,33.0,2012-09-18
2012,9,19,0,29.0,2012-09-19
2012,9,19,1,32.0,2012-09-19
2012,9,19,2,46.0,2012-09-19
2012,9,19,3,62.0,2012-09-19
2012,9,19,4,36.0,2012-09-19
2012,9,19,5,27.0,2012-09-19
2012,9,19,6,19.0,2012-09-19
2012,9,19,7,31.0,2012-09-19
2012,9,19,8,27.0,2012-09-19
2012,9,19,9,25.0,2012-09-19
2012,9,19,10,26.0,2012-09-19
2012,9,19,11,26.0,2012-09-19
2012,9,19,12,22.0,2012-09-19
2012,9,19,13,17.0,2012-09-19
2012,9,19,14,20.0,2012-09-19
2012,9,19,15,30.0,2012-09-19
2012,9,19,16,58.0,2012-09-19
2012,9,19,17,66.0,2012-09-19
2012,9,19,18,77.0,2012-09-19
2012,9,19,19,89.0,2012-09-19
2012,9,19,20,93.0,2012-09-19
2012,9,19,21,124.0,2012-09-19
2012,9,19,22,125.0,2012-09-19
2012,9,19,23,136.0,2012-09-19
2012,9,20,0,159.0,2012-09-20
2012,9,20,1,165.0,2012-09-20
2012,9,20,2,134.0,2012-09-20
2012,9,20,3,129.0,2012-09-20
2012,9,20,4,116.0,2012-09-20
2012,9,20,5,69.0,2012-09-20
2012,9,20,6,65.0,2012-09-20
2012,9,20,7,57.0,2012-09-20
2012,9,20,8,65.0,2012-09-20
2012,9,20,9,71.0,2012-09-20
2012,9,20,10,102.0,2012-09-20
2012,9,20,11,128.0,2012-09-20
2012,9,20,12,130.0,2012-09-20
2012,9,20,13,137.0,2012-09-20
2012,9,20,14,123.0,2012-09-20
2012,9,20,15,96.0,2012-09-20
2012,9,20,16,94.0,2012-09-20
2012,9,20,17,108.0,2012-09-20
2012,9,20,18,96.0,2012-09-20
2012,9,20,19,101.0,2012-09-20
2012,9,20,20,124.0,2012-09-20
2012,9,20,21,127.0,2012-09-20
2012,9,20,22,146.0,2012-09-20
2012,9,20,23,156.0,2012-09-20
2012,9,21,0,166.0,2012-09-21
2012,9,21,1,174.0,2012-09-21
2012,9,21,2,166.0,2012-09-21
2012,9,21,3,168.0,2012-09-21
2012,9,21,4,170.0,2012-09-21
2012,9,21,5,174.0,2012-09-21
2012,9,21,6,183.0,2012-09-21
2012,9,21,7,188.0,2012-09-21
2012,9,21,8,205.0,2012-09-21
2012,9,21,9,193.0,2012-09-21
2012,9,21,10,226.0,2012-09-21
2012,9,21,11,231.0,2012-09-21
2012,9,21,12,238.0,2012-09-21
2012,9,21,13,196.0,2012-09-21
2012,9,21,14,183.0,2012-09-21
2012,9,21,15,97.0,2012-09-21
2012,9,21,16,101.0,2012-09-21
2012,9,21,17,92.0,2012-09-21
2012,9,21,18,109.0,2012-09-21
2012,9,21,19,134.0,2012-09-21
2012,9,21,20,92.0,2012-09-21
2012,9,21,21,71.0,2012-09-21
2012,9,21,22,56.0,2012-09-21
2012,9,21,23,50.0,2012-09-21
2012,9,22,0,50.0,2012-09-22
2012,9,22,1,50.0,2012-09-22
2012,9,22,2,54.0,2012-09-22
2012,9,22,3,54.0,2012-09-22
2012,9,22,4,53.0,2012-09-22
2012,9,22,5,136.0,2012-09-22
2012,9,22,6,164.0,2012-09-22
2012,9,22,7,169.0,2012-09-22
2012,9,22,8,157.0,2012-09-22
2012,9,22,9,154.0,2012-09-22
2012,9,22,10,180.0,2012-09-22
2012,9,22,11,146.0,2012-09-22
2012,9,22,12,121.0,2012-09-22
2012,9,22,13,116.0,2012-09-22
2012,9,22,14,107.0,2012-09-22
2012,9,22,15,96.0,2012-09-22
2012,9,22,16,78.0,2012-09-22
2012,9,22,17,70.0,2012-09-22
2012,9,22,18,75.0,2012-09-22
2012,9,22,19,82.0,2012-09-22
2012,9,22,20,89.0,2012-09-22
2012,9,22,21,97.0,2012-09-22
2012,9,22,22,127.0,2012-09-22
2012,9,22,23,129.0,2012-09-22
2012,9,23,0,128.0,2012-09-23
2012,9,23,1,137.0,2012-09-23
2012,9,23,2,129.0,2012-09-23
2012,9,23,3,91.0,2012-09-23
2012,9,23,4,131.0,2012-09-23
2012,9,23,5,143.0,2012-09-23
2012,9,23,6,125.0,2012-09-23
2012,9,23,7,98.0,2012-09-23
2012,9,23,8,90.0,2012-09-23
2012,9,23,9,88.0,2012-09-23
2012,9,23,10,85.0,2012-09-23
2012,9,23,11,94.0,2012-09-23
2012,9,23,12,91.0,2012-09-23
2012,9,23,13,93.0,2012-09-23
2012,9,23,14,95.0,2012-09-23
2012,9,23,15,83.0,2012-09-23
2012,9,23,16,83.0,2012-09-23
2012,9,23,17,82.0,2012-09-23
2012,9,23,18,104.0,2012-09-23
2012,9,23,19,119.0,2012-09-23
2012,9,23,20,121.0,2012-09-23
2012,9,23,21,159.0,2012-09-23
2012,9,23,22,128.0,2012-09-23
2012,9,23,23,101.0,2012-09-23
2012,9,24,0,58.0,2012-09-24
2012,9,24,1,58.0,2012-09-24
2012,9,24,2,71.0,2012-09-24
2012,9,24,3,52.0,2012-09-24
2012,9,24,4,40.0,2012-09-24
2012,9,24,5,32.0,2012-09-24
2012,9,24,6,32.0,2012-09-24
2012,9,24,7,34.0,2012-09-24
2012,9,24,8,40.0,2012-09-24
2012,9,24,9,53.0,2012-09-24
2012,9,24,10,56.0,2012-09-24
2012,9,24,11,61.0,2012-09-24
2012,9,24,12,79.0,2012-09-24
2012,9,24,13,99.0,2012-09-24
2012,9,24,14,96.0,2012-09-24
2012,9,24,15,101.0,2012-09-24
2012,9,24,16,93.0,2012-09-24
2012,9,24,17,81.0,2012-09-24
2012,9,24,18,84.0,2012-09-24
2012,9,24,19,76.0,2012-09-24
2012,9,24,20,72.0,2012-09-24
2012,9,24,21,63.0,2012-09-24
2012,9,24,22,49.0,2012-09-24
2012,9,24,23,47.0,2012-09-24
2012,9,25,0,46.0,2012-09-25
2012,9,25,1,55.0,2012-09-25
2012,9,25,2,58.0,2012-09-25
2012,9,25,3,59.0,2012-09-25
2012,9,25,4,68.0,2012-09-25
2012,9,25,5,68.0,2012-09-25
2012,9,25,6,81.0,2012-09-25
2012,9,25,7,83.0,2012-09-25
2012,9,25,8,82.0,2012-09-25
2012,9,25,9,89.0,2012-09-25
2012,9,25,10,87.0,2012-09-25
2012,9,25,11,88.0,2012-09-25
2012,9,25,12,88.0,2012-09-25
2012,9,25,13,109.0,2012-09-25
2012,9,25,14,99.0,2012-09-25
2012,9,25,15,110.0,2012-09-25
2012,9,25,16,96.0,2012-09-25
2012,9,25,17,51.0,2012-09-25
2012,9,25,18,19.0,2012-09-25
2012,9,25,19,23.0,2012-09-25
2012,9,25,20,15.0,2012-09-25
2012,9,25,21,12.0,2012-09-25
2012,9,25,22,13.0,2012-09-25
2012,9,25,23,13.0,2012-09-25
2012,9,26,0,18.0,2012-09-26
2012,9,26,1,26.0,2012-09-26
2012,9,26,2,25.0,2012-09-26
2012,9,26,3,19.0,2012-09-26
2012,9,26,4,19.0,2012-09-26
2012,9,26,5,19.0,2012-09-26
2012,9,26,6,19.0,2012-09-26
2012,9,26,7,18.0,2012-09-26
2012,9,26,8,27.0,2012-09-26
2012,9,26,9,30.0,2012-09-26
2012,9,26,10,32.0,2012-09-26
2012,9,26,11,31.0,2012-09-26
2012,9,26,12,27.0,2012-09-26
2012,9,26,13,17.0,2012-09-26
2012,9,26,14,11.0,2012-09-26
2012,9,26,15,11.0,2012-09-26
2012,9,26,16,9.0,2012-09-26
2012,9,26,17,9.0,2012-09-26
2012,9,26,18,14.0,2012-09-26
2012,9,26,19,31.0,2012-09-26
2012,9,26,20,41.0,2012-09-26
2012,9,26,21,59.0,2012-09-26
2012,9,26,22,55.0,2012-09-26
2012,9,26,23,56.0,2012-09-26
2012,9,27,0,49.0,2012-09-27
2012,9,27,1,51.0,2012-09-27
2012,9,27,2,90.0,2012-09-27
2012,9,27,3,72.0,2012-09-27
2012,9,27,4,57.0,2012-09-27
2012,9,27,5,50.0,2012-09-27
2012,9,27,6,49.0,2012-09-27
2012,9,27,7,47.0,2012-09-27
2012,9,27,8,62.0,2012-09-27
2012,9,27,9,95.0,2012-09-27
2012,9,27,10,91.75,2012-09-27
2012,9,27,11,88.5,2012-09-27
2012,9,27,12,85.25,2012-09-27
2012,9,27,13,82.0,2012-09-27
2012,9,27,14,10.0,2012-09-27
2012,9,27,15,10.0,2012-09-27
2012,9,27,16,8.0,2012-09-27
2012,9,27,17,5.0,2012-09-27
2012,9,27,18,8.0,2012-09-27
2012,9,27,19,16.0,2012-09-27
2012,9,27,20,24.0,2012-09-27
2012,9,27,21,9.0,2012-09-27
2012,9,27,22,9.0,2012-09-27
2012,9,27,23,7.0,2012-09-27
2012,9,28,0,3.0,2012-09-28
2012,9,28,1,3.0,2012-09-28
2012,9,28,2,3.0,2012-09-28
2012,9,28,3,2.0,2012-09-28
2012,9,28,4,5.0,2012-09-28
2012,9,28,5,4.0,2012-09-28
2012,9,28,6,2.0,2012-09-28
2012,9,28,7,2.0,2012-09-28
2012,9,28,8,4.0,2012-09-28
2012,9,28,9,3.0,2012-09-28
2012,9,28,10,0.0,2012-09-28
2012,9,28,11,4.0,2012-09-28
2012,9,28,12,4.0,2012-09-28
2012,9,28,13,5.0,2012-09-28
2012,9,28,14,2.0,2012-09-28
2012,9,28,15,0.0,2012-09-28
2012,9,28,16,1.0,2012-09-28
2012,9,28,17,1.0,2012-09-28
2012,9,28,18,2.0,2012-09-28
2012,9,28,19,3.0,2012-09-28
2012,9,28,20,5.0,2012-09-28
2012,9,28,21,5.0,2012-09-28
2012,9,28,22,5.0,2012-09-28
2012,9,28,23,3.0,2012-09-28
2012,9,29,0,2.0,2012-09-29
2012,9,29,1,7.0,2012-09-29
2012,9,29,2,8.0,2012-09-29
2012,9,29,3,7.0,2012-09-29
2012,9,29,4,10.0,2012-09-29
2012,9,29,5,6.0,2012-09-29
2012,9,29,6,6.0,2012-09-29
2012,9,29,7,5.0,2012-09-29
2012,9,29,8,9.0,2012-09-29
2012,9,29,9,14.0,2012-09-29
2012,9,29,10,7.0,2012-09-29
2012,9,29,11,2.0,2012-09-29
2012,9,29,12,5.0,2012-09-29
2012,9,29,13,7.0,2012-09-29
2012,9,29,14,6.0,2012-09-29
2012,9,29,15,4.0,2012-09-29
2012,9,29,16,5.0,2012-09-29
2012,9,29,17,5.0,2012-09-29
2012,9,29,18,12.0,2012-09-29
2012,9,29,19,21.0,2012-09-29
2012,9,29,20,30.0,2012-09-29
2012,9,29,21,62.0,2012-09-29
2012,9,29,22,53.0,2012-09-29
2012,9,29,23,48.0,2012-09-29
2012,9,30,0,21.0,2012-09-30
2012,9,30,1,4.0,2012-09-30
2012,9,30,2,2.0,2012-09-30
2012,9,30,3,1.0,2012-09-30
2012,9,30,4,19.0,2012-09-30
2012,9,30,5,22.0,2012-09-30
2012,9,30,6,17.0,2012-09-30
2012,9,30,7,29.0,2012-09-30
2012,9,30,8,12.0,2012-09-30
2012,9,30,9,17.0,2012-09-30
2012,9,30,10,11.0,2012-09-30
2012,9,30,11,8.0,2012-09-30
2012,9,30,12,11.0,2012-09-30
2012,9,30,13,9.0,2012-09-30
2012,9,30,14,6.0,2012-09-30
2012,9,30,15,4.0,2012-09-30
2012,9,30,16,3.0,2012-09-30
2012,9,30,17,4.0,2012-09-30
2012,9,30,18,8.0,2012-09-30
2012,9,30,19,25.0,2012-09-30
2012,9,30,20,32.0,2012-09-30
2012,9,30,21,29.0,2012-09-30
2012,9,30,22,29.0,2012-09-30
2012,9,30,23,28.0,2012-09-30
2012,10,1,0,41.0,2012-10-01
2012,10,1,1,60.0,2012-10-01
2012,10,1,2,65.0,2012-10-01
2012,10,1,3,64.0,2012-10-01
2012,10,1,4,59.0,2012-10-01
2012,10,1,5,31.0,2012-10-01
2012,10,1,6,23.0,2012-10-01
2012,10,1,7,28.0,2012-10-01
2012,10,1,8,25.0,2012-10-01
2012,10,1,9,22.0,2012-10-01
2012,10,1,10,26.0,2012-10-01
2012,10,1,11,23.0,2012-10-01
2012,10,1,12,25.0,2012-10-01
2012,10,1,13,32.0,2012-10-01
2012,10,1,14,37.0,2012-10-01
2012,10,1,15,37.0,2012-10-01
2012,10,1,16,42.0,2012-10-01
2012,10,1,17,51.0,2012-10-01
2012,10,1,18,59.0,2012-10-01
2012,10,1,19,72.0,2012-10-01
2012,10,1,20,92.0,2012-10-01
2012,10,1,21,104.0,2012-10-01
2012,10,1,22,104.0,2012-10-01
2012,10,1,23,108.0,2012-10-01
2012,10,2,0,97.0,2012-10-02
2012,10,2,1,100.0,2012-10-02
2012,10,2,2,108.0,2012-10-02
2012,10,2,3,115.0,2012-10-02
2012,10,2,4,103.0,2012-10-02
2012,10,2,5,79.0,2012-10-02
2012,10,2,6,70.0,2012-10-02
2012,10,2,7,63.0,2012-10-02
2012,10,2,8,72.0,2012-10-02
2012,10,2,9,87.0,2012-10-02
2012,10,2,10,142.0,2012-10-02
2012,10,2,11,140.0,2012-10-02
2012,10,2,12,145.0,2012-10-02
2012,10,2,13,145.0,2012-10-02
2012,10,2,14,164.0,2012-10-02
2012,10,2,15,169.0,2012-10-02
2012,10,2,16,162.0,2012-10-02
2012,10,2,17,165.0,2012-10-02
2012,10,2,18,181.0,2012-10-02
2012,10,2,19,202.0,2012-10-02
2012,10,2,20,244.0,2012-10-02
2012,10,2,21,248.0,2012-10-02
2012,10,2,22,274.0,2012-10-02
2012,10,2,23,289.0,2012-10-02
2012,10,3,0,269.0,2012-10-03
2012,10,3,1,259.0,2012-10-03
2012,10,3,2,259.0,2012-10-03
2012,10,3,3,255.5,2012-10-03
2012,10,3,4,252.0,2012-10-03
2012,10,3,5,235.0,2012-10-03
2012,10,3,6,24.0,2012-10-03
2012,10,3,7,16.0,2012-10-03
2012,10,3,8,13.0,2012-10-03
2012,10,3,9,11.0,2012-10-03
2012,10,3,10,10.0,2012-10-03
2012,10,3,11,9.0,2012-10-03
2012,10,3,12,10.0,2012-10-03
2012,10,3,13,8.0,2012-10-03
2012,10,3,14,9.0,2012-10-03
2012,10,3,15,12.0,2012-10-03
2012,10,3,16,9.0,2012-10-03
2012,10,3,17,10.0,2012-10-03
2012,10,3,18,15.0,2012-10-03
2012,10,3,19,20.0,2012-10-03
2012,10,3,20,16.0,2012-10-03
2012,10,3,21,17.0,2012-10-03
2012,10,3,22,10.0,2012-10-03
2012,10,3,23,8.0,2012-10-03
2012,10,4,0,9.0,2012-10-04
2012,10,4,1,10.0,2012-10-04
2012,10,4,2,8.0,2012-10-04
2012,10,4,3,8.0,2012-10-04
2012,10,4,4,7.0,2012-10-04
2012,10,4,5,11.0,2012-10-04
2012,10,4,6,11.0,2012-10-04
2012,10,4,7,13.0,2012-10-04
2012,10,4,8,13.0,2012-10-04
2012,10,4,9,13.0,2012-10-04
2012,10,4,10,13.0,2012-10-04
2012,10,4,11,10.0,2012-10-04
2012,10,4,12,8.0,2012-10-04
2012,10,4,13,11.0,2012-10-04
2012,10,4,14,12.0,2012-10-04
2012,10,4,15,13.0,2012-10-04
2012,10,4,16,13.0,2012-10-04
2012,10,4,17,19.0,2012-10-04
2012,10,4,18,19.0,2012-10-04
2012,10,4,19,16.0,2012-10-04
2012,10,4,20,19.0,2012-10-04
2012,10,4,21,16.0,2012-10-04
2012,10,4,22,16.0,2012-10-04
2012,10,4,23,19.0,2012-10-04
2012,10,5,0,27.0,2012-10-05
2012,10,5,1,37.0,2012-10-05
2012,10,5,2,20.0,2012-10-05
2012,10,5,3,17.0,2012-10-05
2012,10,5,4,16.0,2012-10-05
2012,10,5,5,19.0,2012-10-05
2012,10,5,6,17.0,2012-10-05
2012,10,5,7,27.0,2012-10-05
2012,10,5,8,24.0,2012-10-05
2012,10,5,9,30.0,2012-10-05
2012,10,5,10,19.0,2012-10-05
2012,10,5,11,23.0,2012-10-05
2012,10,5,12,18.0,2012-10-05
2012,10,5,13,14.0,2012-10-05
2012,10,5,14,16.0,2012-10-05
2012,10,5,15,16.0,2012-10-05
2012,10,5,16,23.0,2012-10-05
2012,10,5,17,43.0,2012-10-05
2012,10,5,18,48.0,2012-10-05
2012,10,5,19,68.0,2012-10-05
2012,10,5,20,90.0,2012-10-05
2012,10,5,21,126.0,2012-10-05
2012,10,5,22,151.0,2012-10-05
2012,10,5,23,161.0,2012-10-05
2012,10,6,0,189.0,2012-10-06
2012,10,6,1,196.0,2012-10-06
2012,10,6,2,193.0,2012-10-06
2012,10,6,3,173.0,2012-10-06
2012,10,6,4,171.0,2012-10-06
2012,10,6,5,147.0,2012-10-06
2012,10,6,6,95.0,2012-10-06
2012,10,6,7,77.0,2012-10-06
2012,10,6,8,68.0,2012-10-06
2012,10,6,9,61.0,2012-10-06
2012,10,6,10,43.0,2012-10-06
2012,10,6,11,28.0,2012-10-06
2012,10,6,12,36.0,2012-10-06
2012,10,6,13,28.0,2012-10-06
2012,10,6,14,29.0,2012-10-06
2012,10,6,15,28.0,2012-10-06
2012,10,6,16,20.0,2012-10-06
2012,10,6,17,37.0,2012-10-06
2012,10,6,18,80.0,2012-10-06
2012,10,6,19,109.0,2012-10-06
2012,10,6,20,110.0,2012-10-06
2012,10,6,21,114.0,2012-10-06
2012,10,6,22,131.0,2012-10-06
2012,10,6,23,138.0,2012-10-06
2012,10,7,0,145.0,2012-10-07
2012,10,7,1,151.0,2012-10-07
2012,10,7,2,144.0,2012-10-07
2012,10,7,3,130.0,2012-10-07
2012,10,7,4,129.0,2012-10-07
2012,10,7,5,136.0,2012-10-07
2012,10,7,6,95.0,2012-10-07
2012,10,7,7,89.0,2012-10-07
2012,10,7,8,67.0,2012-10-07
2012,10,7,9,76.0,2012-10-07
2012,10,7,10,85.0,2012-10-07
2012,10,7,11,89.0,2012-10-07
2012,10,7,12,110.0,2012-10-07
2012,10,7,13,137.0,2012-10-07
2012,10,7,14,167.0,2012-10-07
2012,10,7,15,147.0,2012-10-07
2012,10,7,16,108.0,2012-10-07
2012,10,7,17,104.0,2012-10-07
2012,10,7,18,112.0,2012-10-07
2012,10,7,19,122.0,2012-10-07
2012,10,7,20,149.0,2012-10-07
2012,10,7,21,170.0,2012-10-07
2012,10,7,22,176.0,2012-10-07
2012,10,7,23,189.0,2012-10-07
2012,10,8,0,189.0,2012-10-08
2012,10,8,1,194.0,2012-10-08
2012,10,8,2,207.0,2012-10-08
2012,10,8,3,220.0,2012-10-08
2012,10,8,4,259.0,2012-10-08
2012,10,8,5,262.0,2012-10-08
2012,10,8,6,235.0,2012-10-08
2012,10,8,7,215.0,2012-10-08
2012,10,8,8,206.0,2012-10-08
2012,10,8,9,206.0,2012-10-08
2012,10,8,10,203.0,2012-10-08
2012,10,8,11,209.0,2012-10-08
2012,10,8,12,220.0,2012-10-08
2012,10,8,13,237.0,2012-10-08
2012,10,8,14,264.0,2012-10-08
2012,10,8,15,263.0,2012-10-08
2012,10,8,16,227.0,2012-10-08
2012,10,8,17,235.0,2012-10-08
2012,10,8,18,276.0,2012-10-08
2012,10,8,19,308.0,2012-10-08
2012,10,8,20,338.0,2012-10-08
2012,10,8,21,343.0,2012-10-08
2012,10,8,22,347.0,2012-10-08
2012,10,8,23,398.0,2012-10-08
2012,10,9,0,446.0,2012-10-09
2012,10,9,1,436.0,2012-10-09
2012,10,9,2,407.0,2012-10-09
2012,10,9,3,390.0,2012-10-09
2012,10,9,4,331.0,2012-10-09
2012,10,9,5,239.0,2012-10-09
2012,10,9,6,161.0,2012-10-09
2012,10,9,7,145.0,2012-10-09
2012,10,9,8,160.0,2012-10-09
2012,10,9,9,128.0,2012-10-09
2012,10,9,10,25.0,2012-10-09
2012,10,9,11,14.0,2012-10-09
2012,10,9,12,9.0,2012-10-09
2012,10,9,13,11.0,2012-10-09
2012,10,9,14,11.0,2012-10-09
2012,10,9,15,9.0,2012-10-09
2012,10,9,16,11.0,2012-10-09
2012,10,9,17,9.0,2012-10-09
2012,10,9,18,6.0,2012-10-09
2012,10,9,19,10.0,2012-10-09
2012,10,9,20,10.0,2012-10-09
2012,10,9,21,8.0,2012-10-09
2012,10,9,22,8.0,2012-10-09
2012,10,9,23,5.0,2012-10-09
2012,10,10,0,2.0,2012-10-10
2012,10,10,1,9.0,2012-10-10
2012,10,10,2,7.0,2012-10-10
2012,10,10,3,9.0,2012-10-10
2012,10,10,4,7.0,2012-10-10
2012,10,10,5,12.0,2012-10-10
2012,10,10,6,12.0,2012-10-10
2012,10,10,7,9.0,2012-10-10
2012,10,10,8,26.0,2012-10-10
2012,10,10,9,20.0,2012-10-10
2012,10,10,10,12.0,2012-10-10
2012,10,10,11,14.0,2012-10-10
2012,10,10,12,10.0,2012-10-10
2012,10,10,13,8.0,2012-10-10
2012,10,10,14,5.0,2012-10-10
2012,10,10,15,5.0,2012-10-10
2012,10,10,16,5.0,2012-10-10
2012,10,10,17,10.0,2012-10-10
2012,10,10,18,15.0,2012-10-10
2012,10,10,19,19.0,2012-10-10
2012,10,10,20,26.0,2012-10-10
2012,10,10,21,43.0,2012-10-10
2012,10,10,22,51.0,2012-10-10
2012,10,10,23,63.0,2012-10-10
2012,10,11,0,80.0,2012-10-11
2012,10,11,1,111.0,2012-10-11
2012,10,11,2,134.0,2012-10-11
2012,10,11,3,133.0,2012-10-11
2012,10,11,4,103.0,2012-10-11
2012,10,11,5,98.0,2012-10-11
2012,10,11,6,84.0,2012-10-11
2012,10,11,7,73.0,2012-10-11
2012,10,11,8,82.0,2012-10-11
2012,10,11,9,90.0,2012-10-11
2012,10,11,10,114.0,2012-10-11
2012,10,11,11,194.0,2012-10-11
2012,10,11,12,185.0,2012-10-11
2012,10,11,13,139.0,2012-10-11
2012,10,11,14,130.0,2012-10-11
2012,10,11,15,131.0,2012-10-11
2012,10,11,16,113.0,2012-10-11
2012,10,11,17,121.0,2012-10-11
2012,10,11,18,118.0,2012-10-11
2012,10,11,19,131.0,2012-10-11
2012,10,11,20,158.0,2012-10-11
2012,10,11,21,168.0,2012-10-11
2012,10,11,22,176.0,2012-10-11
2012,10,11,23,191.0,2012-10-11
2012,10,12,0,177.0,2012-10-12
2012,10,12,1,146.0,2012-10-12
2012,10,12,2,143.0,2012-10-12
2012,10,12,3,134.0,2012-10-12
2012,10,12,4,177.0,2012-10-12
2012,10,12,5,182.0,2012-10-12
2012,10,12,6,173.0,2012-10-12
2012,10,12,7,145.0,2012-10-12
2012,10,12,8,125.0,2012-10-12
2012,10,12,9,123.0,2012-10-12
2012,10,12,10,146.0,2012-10-12
2012,10,12,11,152.0,2012-10-12
2012,10,12,12,137.0,2012-10-12
2012,10,12,13,132.0,2012-10-12
2012,10,12,14,143.0,2012-10-12
2012,10,12,15,143.0,2012-10-12
2012,10,12,16,149.0,2012-10-12
2012,10,12,17,156.0,2012-10-12
2012,10,12,18,172.0,2012-10-12
2012,10,12,19,194.0,2012-10-12
2012,10,12,20,214.0,2012-10-12
2012,10,12,21,243.0,2012-10-12
2012,10,12,22,248.0,2012-10-12
2012,10,12,23,269.0,2012-10-12
2012,10,13,0,256.0,2012-10-13
2012,10,13,1,220.0,2012-10-13
2012,10,13,2,167.0,2012-10-13
2012,10,13,3,30.0,2012-10-13
2012,10,13,4,10.0,2012-10-13
2012,10,13,5,7.0,2012-10-13
2012,10,13,6,8.0,2012-10-13
2012,10,13,7,9.0,2012-10-13
2012,10,13,8,10.0,2012-10-13
2012,10,13,9,9.0,2012-10-13
2012,10,13,10,10.0,2012-10-13
2012,10,13,11,8.0,2012-10-13
2012,10,13,12,11.0,2012-10-13
2012,10,13,13,8.0,2012-10-13
2012,10,13,14,6.0,2012-10-13
2012,10,13,15,17.0,2012-10-13
2012,10,13,16,11.0,2012-10-13
2012,10,13,17,9.0,2012-10-13
2012,10,13,18,11.0,2012-10-13
2012,10,13,19,13.0,2012-10-13
2012,10,13,20,51.0,2012-10-13
2012,10,13,21,59.0,2012-10-13
2012,10,13,22,55.0,2012-10-13
2012,10,13,23,45.0,2012-10-13
2012,10,14,0,58.0,2012-10-14
2012,10,14,1,62.0,2012-10-14
2012,10,14,2,41.0,2012-10-14
2012,10,14,3,35.0,2012-10-14
2012,10,14,4,29.0,2012-10-14
2012,10,14,5,21.0,2012-10-14
2012,10,14,6,24.0,2012-10-14
2012,10,14,7,21.0,2012-10-14
2012,10,14,8,9.0,2012-10-14
2012,10,14,9,11.0,2012-10-14
2012,10,14,10,18.0,2012-10-14
2012,10,14,11,14.0,2012-10-14
2012,10,14,12,13.0,2012-10-14
2012,10,14,13,22.0,2012-10-14
2012,10,14,14,34.0,2012-10-14
2012,10,14,15,33.0,2012-10-14
2012,10,14,16,29.0,2012-10-14
2012,10,14,17,32.0,2012-10-14
2012,10,14,18,34.0,2012-10-14
2012,10,14,19,56.0,2012-10-14
2012,10,14,20,77.0,2012-10-14
2012,10,14,21,93.0,2012-10-14
2012,10,14,22,105.0,2012-10-14
2012,10,14,23,109.0,2012-10-14
2012,10,15,0,123.0,2012-10-15
2012,10,15,1,122.0,2012-10-15
2012,10,15,2,131.0,2012-10-15
2012,10,15,3,133.0,2012-10-15
2012,10,15,4,123.0,2012-10-15
2012,10,15,5,99.0,2012-10-15
2012,10,15,6,98.0,2012-10-15
2012,10,15,7,82.0,2012-10-15
2012,10,15,8,79.0,2012-10-15
2012,10,15,9,77.0,2012-10-15
2012,10,15,10,80.0,2012-10-15
2012,10,15,11,87.0,2012-10-15
2012,10,15,12,88.0,2012-10-15
2012,10,15,13,98.0,2012-10-15
2012,10,15,14,97.0,2012-10-15
2012,10,15,15,102.0,2012-10-15
2012,10,15,16,103.0,2012-10-15
2012,10,15,17,101.0,2012-10-15
2012,10,15,18,99.0,2012-10-15
2012,10,15,19,116.0,2012-10-15
2012,10,15,20,113.0,2012-10-15
2012,10,15,21,113.0,2012-10-15
2012,10,15,22,111.0,2012-10-15
2012,10,15,23,99.0,2012-10-15
2012,10,16,0,96.0,2012-10-16
2012,10,16,1,95.0,2012-10-16
2012,10,16,2,91.0,2012-10-16
2012,10,16,3,94.0,2012-10-16
2012,10,16,4,88.0,2012-10-16
2012,10,16,5,89.0,2012-10-16
2012,10,16,6,83.0,2012-10-16
2012,10,16,7,71.0,2012-10-16
2012,10,16,8,77.0,2012-10-16
2012,10,16,9,58.0,2012-10-16
2012,10,16,10,19.0,2012-10-16
2012,10,16,11,14.0,2012-10-16
2012,10,16,12,19.5,2012-10-16
2012,10,16,13,25.0,2012-10-16
2012,10,16,14,12.0,2012-10-16
2012,10,16,15,7.0,2012-10-16
2012,10,16,16,7.0,2012-10-16
2012,10,16,17,7.0,2012-10-16
2012,10,16,18,9.0,2012-10-16
2012,10,16,19,11.0,2012-10-16
2012,10,16,20,14.0,2012-10-16
2012,10,16,21,11.0,2012-10-16
2012,10,16,22,8.0,2012-10-16
2012,10,16,23,6.0,2012-10-16
2012,10,17,0,7.0,2012-10-17
2012,10,17,1,8.0,2012-10-17
2012,10,17,2,6.0,2012-10-17
2012,10,17,3,4.0,2012-10-17
2012,10,17,4,5.0,2012-10-17
2012,10,17,5,6.0,2012-10-17
2012,10,17,6,13.0,2012-10-17
2012,10,17,7,15.0,2012-10-17
2012,10,17,8,17.0,2012-10-17
2012,10,17,9,22.0,2012-10-17
2012,10,17,10,23.0,2012-10-17
2012,10,17,11,16.0,2012-10-17
2012,10,17,12,16.0,2012-10-17
2012,10,17,13,17.0,2012-10-17
2012,10,17,14,11.0,2012-10-17
2012,10,17,15,14.0,2012-10-17
2012,10,17,16,13.0,2012-10-17
2012,10,17,17,19.0,2012-10-17
2012,10,17,18,29.0,2012-10-17
2012,10,17,19,45.0,2012-10-17
2012,10,17,20,55.0,2012-10-17
2012,10,17,21,55.0,2012-10-17
2012,10,17,22,59.0,2012-10-17
2012,10,17,23,70.0,2012-10-17
2012,10,18,0,82.0,2012-10-18
2012,10,18,1,85.0,2012-10-18
2012,10,18,2,90.0,2012-10-18
2012,10,18,3,82.0,2012-10-18
2012,10,18,4,90.0,2012-10-18
2012,10,18,5,90.0,2012-10-18
2012,10,18,6,71.0,2012-10-18
2012,10,18,7,56.0,2012-10-18
2012,10,18,8,34.0,2012-10-18
2012,10,18,9,38.0,2012-10-18
2012,10,18,10,47.0,2012-10-18
2012,10,18,11,46.0,2012-10-18
2012,10,18,12,39.0,2012-10-18
2012,10,18,13,27.0,2012-10-18
2012,10,18,14,17.0,2012-10-18
2012,10,18,15,16.0,2012-10-18
2012,10,18,16,18.0,2012-10-18
2012,10,18,17,27.0,2012-10-18
2012,10,18,18,37.0,2012-10-18
2012,10,18,19,48.0,2012-10-18
2012,10,18,20,75.0,2012-10-18
2012,10,18,21,102.0,2012-10-18
2012,10,18,22,110.0,2012-10-18
2012,10,18,23,115.0,2012-10-18
2012,10,19,0,142.0,2012-10-19
2012,10,19,1,130.0,2012-10-19
2012,10,19,2,129.0,2012-10-19
2012,10,19,3,87.0,2012-10-19
2012,10,19,4,78.0,2012-10-19
2012,10,19,5,68.0,2012-10-19
2012,10,19,6,47.0,2012-10-19
2012,10,19,7,60.0,2012-10-19
2012,10,19,8,65.0,2012-10-19
2012,10,19,9,88.0,2012-10-19
2012,10,19,10,119.0,2012-10-19
2012,10,19,11,156.0,2012-10-19
2012,10,19,12,189.0,2012-10-19
2012,10,19,13,185.0,2012-10-19
2012,10,19,14,187.0,2012-10-19
2012,10,19,15,209.0,2012-10-19
2012,10,19,16,206.0,2012-10-19
2012,10,19,17,219.0,2012-10-19
2012,10,19,18,230.0,2012-10-19
2012,10,19,19,271.0,2012-10-19
2012,10,19,20,277.0,2012-10-19
2012,10,19,21,303.0,2012-10-19
2012,10,19,22,334.0,2012-10-19
2012,10,19,23,285.0,2012-10-19
2012,10,20,0,324.0,2012-10-20
2012,10,20,1,308.0,2012-10-20
2012,10,20,2,285.0,2012-10-20
2012,10,20,3,245.0,2012-10-20
2012,10,20,4,233.0,2012-10-20
2012,10,20,5,214.0,2012-10-20
2012,10,20,6,213.0,2012-10-20
2012,10,20,7,222.0,2012-10-20
2012,10,20,8,219.0,2012-10-20
2012,10,20,9,215.0,2012-10-20
2012,10,20,10,215.0,2012-10-20
2012,10,20,11,214.0,2012-10-20
2012,10,20,12,220.0,2012-10-20
2012,10,20,13,176.0,2012-10-20
2012,10,20,14,117.0,2012-10-20
2012,10,20,15,154.0,2012-10-20
2012,10,20,16,176.5,2012-10-20
2012,10,20,17,199.0,2012-10-20
2012,10,20,18,273.0,2012-10-20
2012,10,20,19,341.0,2012-10-20
2012,10,20,20,311.0,2012-10-20
2012,10,20,21,151.0,2012-10-20
2012,10,20,22,56.0,2012-10-20
2012,10,20,23,42.0,2012-10-20
2012,10,21,0,40.0,2012-10-21
2012,10,21,1,43.0,2012-10-21
2012,10,21,2,48.0,2012-10-21
2012,10,21,3,60.0,2012-10-21
2012,10,21,4,66.0,2012-10-21
2012,10,21,5,55.0,2012-10-21
2012,10,21,6,53.0,2012-10-21
2012,10,21,7,48.0,2012-10-21
2012,10,21,8,56.0,2012-10-21
2012,10,21,9,53.0,2012-10-21
2012,10,21,10,54.0,2012-10-21
2012,10,21,11,56.0,2012-10-21
2012,10,21,12,57.0,2012-10-21
2012,10,21,13,56.0,2012-10-21
2012,10,21,14,49.0,2012-10-21
2012,10,21,15,49.0,2012-10-21
2012,10,21,16,44.0,2012-10-21
2012,10,21,17,43.0,2012-10-21
2012,10,21,18,37.0,2012-10-21
2012,10,21,19,40.0,2012-10-21
2012,10,21,20,38.0,2012-10-21
2012,10,21,21,37.0,2012-10-21
2012,10,21,22,39.0,2012-10-21
2012,10,21,23,41.0,2012-10-21
2012,10,22,0,41.0,2012-10-22
2012,10,22,1,43.0,2012-10-22
2012,10,22,2,36.0,2012-10-22
2012,10,22,3,33.0,2012-10-22
2012,10,22,4,33.0,2012-10-22
2012,10,22,5,39.0,2012-10-22
2012,10,22,6,16.0,2012-10-22
2012,10,22,7,12.0,2012-10-22
2012,10,22,8,11.0,2012-10-22
2012,10,22,9,14.0,2012-10-22
2012,10,22,10,10.0,2012-10-22
2012,10,22,11,8.0,2012-10-22
2012,10,22,12,14.0,2012-10-22
2012,10,22,13,9.0,2012-10-22
2012,10,22,14,11.0,2012-10-22
2012,10,22,15,15.0,2012-10-22
2012,10,22,16,10.0,2012-10-22
2012,10,22,17,11.0,2012-10-22
2012,10,22,18,15.0,2012-10-22
2012,10,22,19,32.0,2012-10-22
2012,10,22,20,49.0,2012-10-22
2012,10,22,21,69.0,2012-10-22
2012,10,22,22,58.0,2012-10-22
2012,10,22,23,42.0,2012-10-22
2012,10,23,0,36.0,2012-10-23
2012,10,23,1,34.0,2012-10-23
2012,10,23,2,48.0,2012-10-23
2012,10,23,3,71.0,2012-10-23
2012,10,23,4,87.0,2012-10-23
2012,10,23,5,73.0,2012-10-23
2012,10,23,6,54.0,2012-10-23
2012,10,23,7,33.0,2012-10-23
2012,10,23,8,34.0,2012-10-23
2012,10,23,9,46.0,2012-10-23
2012,10,23,10,50.0,2012-10-23
2012,10,23,11,49.0,2012-10-23
2012,10,23,12,56.0,2012-10-23
2012,10,23,13,59.0,2012-10-23
2012,10,23,14,60.0,2012-10-23
2012,10,23,15,64.0,2012-10-23
2012,10,23,16,69.0,2012-10-23
2012,10,23,17,41.0,2012-10-23
2012,10,23,18,57.0,2012-10-23
2012,10,23,19,83.0,2012-10-23
2012,10,23,20,125.0,2012-10-23
2012,10,23,21,162.0,2012-10-23
2012,10,23,22,167.0,2012-10-23
2012,10,23,23,185.0,2012-10-23
2012,10,24,0,177.0,2012-10-24
2012,10,24,1,154.0,2012-10-24
2012,10,24,2,154.0,2012-10-24
2012,10,24,3,149.0,2012-10-24
2012,10,24,4,132.0,2012-10-24
2012,10,24,5,129.0,2012-10-24
2012,10,24,6,108.0,2012-10-24
2012,10,24,7,123.0,2012-10-24
2012,10,24,8,119.0,2012-10-24
2012,10,24,9,88.0,2012-10-24
2012,10,24,10,77.0,2012-10-24
2012,10,24,11,82.0,2012-10-24
2012,10,24,12,78.0,2012-10-24
2012,10,24,13,52.0,2012-10-24
2012,10,24,14,42.0,2012-10-24
2012,10,24,15,24.0,2012-10-24
2012,10,24,16,31.0,2012-10-24
2012,10,24,17,94.0,2012-10-24
2012,10,24,18,116.0,2012-10-24
2012,10,24,19,120.0,2012-10-24
2012,10,24,20,137.0,2012-10-24
2012,10,24,21,129.0,2012-10-24
2012,10,24,22,122.0,2012-10-24
2012,10,24,23,174.0,2012-10-24
2012,10,25,0,174.0,2012-10-25
2012,10,25,1,178.0,2012-10-25
2012,10,25,2,202.0,2012-10-25
2012,10,25,3,191.0,2012-10-25
2012,10,25,4,89.0,2012-10-25
2012,10,25,5,42.0,2012-10-25
2012,10,25,6,35.0,2012-10-25
2012,10,25,7,50.0,2012-10-25
2012,10,25,8,55.0,2012-10-25
2012,10,25,9,33.0,2012-10-25
2012,10,25,10,67.0,2012-10-25
2012,10,25,11,131.0,2012-10-25
2012,10,25,12,164.0,2012-10-25
2012,10,25,13,230.0,2012-10-25
2012,10,25,14,275.0,2012-10-25
2012,10,25,15,236.0,2012-10-25
2012,10,25,16,220.0,2012-10-25
2012,10,25,17,252.0,2012-10-25
2012,10,25,18,331.0,2012-10-25
2012,10,25,19,338.0,2012-10-25
2012,10,25,20,338.0,2012-10-25
2012,10,25,21,367.0,2012-10-25
2012,10,25,22,301.0,2012-10-25
2012,10,25,23,293.0,2012-10-25
2012,10,26,0,293.0,2012-10-26
2012,10,26,1,249.0,2012-10-26
2012,10,26,2,226.0,2012-10-26
2012,10,26,3,235.0,2012-10-26
2012,10,26,4,237.0,2012-10-26
2012,10,26,5,259.0,2012-10-26
2012,10,26,6,248.0,2012-10-26
2012,10,26,7,240.0,2012-10-26
2012,10,26,8,253.0,2012-10-26
2012,10,26,9,271.0,2012-10-26
2012,10,26,10,283.0,2012-10-26
2012,10,26,11,283.0,2012-10-26
2012,10,26,12,288.0,2012-10-26
2012,10,26,13,288.0,2012-10-26
2012,10,26,14,293.0,2012-10-26
2012,10,26,15,293.0,2012-10-26
2012,10,26,16,296.0,2012-10-26
2012,10,26,17,308.0,2012-10-26
2012,10,26,18,317.0,2012-10-26
2012,10,26,19,329.0,2012-10-26
2012,10,26,20,313.0,2012-10-26
2012,10,26,21,307.0,2012-10-26
2012,10,26,22,309.0,2012-10-26
2012,10,26,23,299.0,2012-10-26
2012,10,27,0,304.0,2012-10-27
2012,10,27,1,297.0,2012-10-27
2012,10,27,2,281.0,2012-10-27
2012,10,27,3,272.0,2012-10-27
2012,10,27,4,275.0,2012-10-27
2012,10,27,5,260.0,2012-10-27
2012,10,27,6,246.0,2012-10-27
2012,10,27,7,241.0,2012-10-27
2012,10,27,8,239.0,2012-10-27
2012,10,27,9,250.0,2012-10-27
2012,10,27,10,248.0,2012-10-27
2012,10,27,11,222.0,2012-10-27
2012,10,27,12,232.0,2012-10-27
2012,10,27,13,166.0,2012-10-27
2012,10,27,14,105.0,2012-10-27
2012,10,27,15,34.0,2012-10-27
2012,10,27,16,27.0,2012-10-27
2012,10,27,17,20.0,2012-10-27
2012,10,27,18,15.0,2012-10-27
2012,10,27,19,20.0,2012-10-27
2012,10,27,20,19.0,2012-10-27
2012,10,27,21,6.0,2012-10-27
2012,10,27,22,12.0,2012-10-27
2012,10,27,23,11.0,2012-10-27
2012,10,28,0,11.0,2012-10-28
2012,10,28,1,7.0,2012-10-28
2012,10,28,2,13.0,2012-10-28
2012,10,28,3,7.0,2012-10-28
2012,10,28,4,11.0,2012-10-28
2012,10,28,5,13.0,2012-10-28
2012,10,28,6,13.0,2012-10-28
2012,10,28,7,13.0,2012-10-28
2012,10,28,8,20.0,2012-10-28
2012,10,28,9,18.0,2012-10-28
2012,10,28,10,9.0,2012-10-28
2012,10,28,11,8.0,2012-10-28
2012,10,28,12,11.0,2012-10-28
2012,10,28,13,16.0,2012-10-28
2012,10,28,14,23.0,2012-10-28
2012,10,28,15,27.0,2012-10-28
2012,10,28,16,26.0,2012-10-28
2012,10,28,17,38.0,2012-10-28
2012,10,28,18,52.0,2012-10-28
2012,10,28,19,57.0,2012-10-28
2012,10,28,20,54.0,2012-10-28
2012,10,28,21,57.0,2012-10-28
2012,10,28,22,46.0,2012-10-28
2012,10,28,23,41.0,2012-10-28
2012,10,29,0,40.0,2012-10-29
2012,10,29,1,39.0,2012-10-29
2012,10,29,2,41.0,2012-10-29
2012,10,29,3,42.0,2012-10-29
2012,10,29,4,43.0,2012-10-29
2012,10,29,5,48.0,2012-10-29
2012,10,29,6,53.0,2012-10-29
2012,10,29,7,55.0,2012-10-29
2012,10,29,8,58.0,2012-10-29
2012,10,29,9,58.0,2012-10-29
2012,10,29,10,68.0,2012-10-29
2012,10,29,11,80.0,2012-10-29
2012,10,29,12,67.0,2012-10-29
2012,10,29,13,65.0,2012-10-29
2012,10,29,14,66.0,2012-10-29
2012,10,29,15,53.0,2012-10-29
2012,10,29,16,9.0,2012-10-29
2012,10,29,17,10.0,2012-10-29
2012,10,29,18,11.0,2012-10-29
2012,10,29,19,11.0,2012-10-29
2012,10,29,20,10.0,2012-10-29
2012,10,29,21,9.0,2012-10-29
2012,10,29,22,8.0,2012-10-29
2012,10,29,23,9.0,2012-10-29
2012,10,30,0,8.0,2012-10-30
2012,10,30,1,11.0,2012-10-30
2012,10,30,2,11.0,2012-10-30
2012,10,30,3,10.0,2012-10-30
2012,10,30,4,12.0,2012-10-30
2012,10,30,5,16.0,2012-10-30
2012,10,30,6,17.0,2012-10-30
2012,10,30,7,25.0,2012-10-30
2012,10,30,8,29.0,2012-10-30
2012,10,30,9,27.0,2012-10-30
2012,10,30,10,24.0,2012-10-30
2012,10,30,11,19.5,2012-10-30
2012,10,30,12,15.0,2012-10-30
2012,10,30,13,49.0,2012-10-30
2012,10,30,14,37.0,2012-10-30
2012,10,30,15,48.0,2012-10-30
2012,10,30,16,40.0,2012-10-30
2012,10,30,17,48.0,2012-10-30
2012,10,30,18,62.0,2012-10-30
2012,10,30,19,68.0,2012-10-30
2012,10,30,20,88.0,2012-10-30
2012,10,30,21,57.0,2012-10-30
2012,10,30,22,10.0,2012-10-30
2012,10,30,23,8.0,2012-10-30
2012,10,31,0,7.0,2012-10-31
2012,10,31,1,5.0,2012-10-31
2012,10,31,2,6.0,2012-10-31
2012,10,31,3,10.0,2012-10-31
2012,10,31,4,13.0,2012-10-31
2012,10,31,5,11.0,2012-10-31
2012,10,31,6,16.0,2012-10-31
2012,10,31,7,28.0,2012-10-31
2012,10,31,8,34.0,2012-10-31
2012,10,31,9,15.0,2012-10-31
2012,10,31,10,16.0,2012-10-31
2012,10,31,11,11.0,2012-10-31
2012,10,31,12,10.0,2012-10-31
2012,10,31,13,12.0,2012-10-31
2012,10,31,14,11.0,2012-10-31
2012,10,31,15,10.0,2012-10-31
2012,10,31,16,13.0,2012-10-31
2012,10,31,17,11.0,2012-10-31
2012,10,31,18,38.0,2012-10-31
2012,10,31,19,65.0,2012-10-31
2012,10,31,20,79.0,2012-10-31
2012,10,31,21,78.0,2012-10-31
2012,10,31,22,76.0,2012-10-31
2012,10,31,23,91.0,2012-10-31
2012,11,1,0,124.0,2012-11-01
2012,11,1,1,135.0,2012-11-01
2012,11,1,2,121.0,2012-11-01
2012,11,1,3,102.0,2012-11-01
2012,11,1,4,78.0,2012-11-01
2012,11,1,5,70.0,2012-11-01
2012,11,1,6,49.0,2012-11-01
2012,11,1,7,26.0,2012-11-01
2012,11,1,8,45.0,2012-11-01
2012,11,1,9,57.0,2012-11-01
2012,11,1,10,99.0,2012-11-01
2012,11,1,11,85.0,2012-11-01
2012,11,1,12,77.0,2012-11-01
2012,11,1,13,93.0,2012-11-01
2012,11,1,14,81.0,2012-11-01
2012,11,1,15,64.0,2012-11-01
2012,11,1,16,77.0,2012-11-01
2012,11,1,17,82.0,2012-11-01
2012,11,1,18,90.0,2012-11-01
2012,11,1,19,115.0,2012-11-01
2012,11,1,20,130.0,2012-11-01
2012,11,1,21,134.0,2012-11-01
2012,11,1,22,173.0,2012-11-01
2012,11,1,23,172.0,2012-11-01
2012,11,2,0,157.0,2012-11-02
2012,11,2,1,141.0,2012-11-02
2012,11,2,2,124.0,2012-11-02
2012,11,2,3,124.0,2012-11-02
2012,11,2,4,126.0,2012-11-02
2012,11,2,5,136.0,2012-11-02
2012,11,2,6,139.0,2012-11-02
2012,11,2,7,144.0,2012-11-02
2012,11,2,8,148.0,2012-11-02
2012,11,2,9,141.0,2012-11-02
2012,11,2,10,123.0,2012-11-02
2012,11,2,11,134.0,2012-11-02
2012,11,2,12,147.0,2012-11-02
2012,11,2,13,170.0,2012-11-02
2012,11,2,14,175.0,2012-11-02
2012,11,2,15,181.0,2012-11-02
2012,11,2,16,164.0,2012-11-02
2012,11,2,17,176.0,2012-11-02
2012,11,2,18,190.0,2012-11-02
2012,11,2,19,204.0,2012-11-02
2012,11,2,20,196.0,2012-11-02
2012,11,2,21,214.0,2012-11-02
2012,11,2,22,208.0,2012-11-02
2012,11,2,23,209.0,2012-11-02
2012,11,3,0,228.0,2012-11-03
2012,11,3,1,212.0,2012-11-03
2012,11,3,2,206.0,2012-11-03
2012,11,3,3,199.0,2012-11-03
2012,11,3,4,210.0,2012-11-03
2012,11,3,5,194.0,2012-11-03
2012,11,3,6,196.0,2012-11-03
2012,11,3,7,194.0,2012-11-03
2012,11,3,8,194.0,2012-11-03
2012,11,3,9,192.0,2012-11-03
2012,11,3,10,199.0,2012-11-03
2012,11,3,11,205.0,2012-11-03
2012,11,3,12,208.0,2012-11-03
2012,11,3,13,207.0,2012-11-03
2012,11,3,14,190.0,2012-11-03
2012,11,3,15,162.0,2012-11-03
2012,11,3,16,156.0,2012-11-03
2012,11,3,17,154.0,2012-11-03
2012,11,3,18,14.0,2012-11-03
2012,11,3,19,12.0,2012-11-03
2012,11,3,20,9.0,2012-11-03
2012,11,3,21,10.0,2012-11-03
2012,11,3,22,7.0,2012-11-03
2012,11,3,23,12.0,2012-11-03
2012,11,4,0,14.0,2012-11-04
2012,11,4,1,11.0,2012-11-04
2012,11,4,2,10.0,2012-11-04
2012,11,4,3,7.0,2012-11-04
2012,11,4,4,6.0,2012-11-04
2012,11,4,5,8.0,2012-11-04
2012,11,4,6,8.0,2012-11-04
2012,11,4,7,11.0,2012-11-04
2012,11,4,8,14.0,2012-11-04
2012,11,4,9,15.0,2012-11-04
2012,11,4,10,27.0,2012-11-04
2012,11,4,11,22.0,2012-11-04
2012,11,4,12,27.0,2012-11-04
2012,11,4,13,29.0,2012-11-04
2012,11,4,14,27.0,2012-11-04
2012,11,4,15,26.0,2012-11-04
2012,11,4,16,23.0,2012-11-04
2012,11,4,17,25.0,2012-11-04
2012,11,4,18,25.0,2012-11-04
2012,11,4,19,30.0,2012-11-04
2012,11,4,20,27.0,2012-11-04
2012,11,4,21,29.0,2012-11-04
2012,11,4,22,22.0,2012-11-04
2012,11,4,23,22.0,2012-11-04
2012,11,5,0,25.0,2012-11-05
2012,11,5,1,21.0,2012-11-05
2012,11,5,2,17.0,2012-11-05
2012,11,5,3,17.0,2012-11-05
2012,11,5,4,15.0,2012-11-05
2012,11,5,5,14.0,2012-11-05
2012,11,5,6,19.0,2012-11-05
2012,11,5,7,16.0,2012-11-05
2012,11,5,8,19.0,2012-11-05
2012,11,5,9,22.0,2012-11-05
2012,11,5,10,26.0,2012-11-05
2012,11,5,11,24.0,2012-11-05
2012,11,5,12,28.0,2012-11-05
2012,11,5,13,34.0,2012-11-05
2012,11,5,14,27.0,2012-11-05
2012,11,5,15,33.0,2012-11-05
2012,11,5,16,36.0,2012-11-05
2012,11,5,17,34.0,2012-11-05
2012,11,5,18,36.0,2012-11-05
2012,11,5,19,36.0,2012-11-05
2012,11,5,20,38.0,2012-11-05
2012,11,5,21,40.0,2012-11-05
2012,11,5,22,32.0,2012-11-05
2012,11,5,23,38.0,2012-11-05
2012,11,6,0,39.0,2012-11-06
2012,11,6,1,42.0,2012-11-06
2012,11,6,2,48.0,2012-11-06
2012,11,6,3,54.0,2012-11-06
2012,11,6,4,51.0,2012-11-06
2012,11,6,5,50.0,2012-11-06
2012,11,6,6,49.0,2012-11-06
2012,11,6,7,54.0,2012-11-06
2012,11,6,8,68.0,2012-11-06
2012,11,6,9,66.0,2012-11-06
2012,11,6,10,65.0,2012-11-06
2012,11,6,11,71.0,2012-11-06
2012,11,6,12,80.0,2012-11-06
2012,11,6,13,77.0,2012-11-06
2012,11,6,14,89.0,2012-11-06
2012,11,6,15,106.0,2012-11-06
2012,11,6,16,106.0,2012-11-06
2012,11,6,17,114.0,2012-11-06
2012,11,6,18,109.0,2012-11-06
2012,11,6,19,102.0,2012-11-06
2012,11,6,20,116.0,2012-11-06
2012,11,6,21,138.0,2012-11-06
2012,11,6,22,135.0,2012-11-06
2012,11,6,23,114.0,2012-11-06
2012,11,7,0,99.0,2012-11-07
2012,11,7,1,114.0,2012-11-07
2012,11,7,2,132.0,2012-11-07
2012,11,7,3,106.0,2012-11-07
2012,11,7,4,82.0,2012-11-07
2012,11,7,5,88.0,2012-11-07
2012,11,7,6,93.0,2012-11-07
2012,11,7,7,91.0,2012-11-07
2012,11,7,8,95.0,2012-11-07
2012,11,7,9,87.0,2012-11-07
2012,11,7,10,85.0,2012-11-07
2012,11,7,11,65.0,2012-11-07
2012,11,7,12,48.0,2012-11-07
2012,11,7,13,49.0,2012-11-07
2012,11,7,14,31.0,2012-11-07
2012,11,7,15,32.0,2012-11-07
2012,11,7,16,40.0,2012-11-07
2012,11,7,17,32.0,2012-11-07
2012,11,7,18,31.0,2012-11-07
2012,11,7,19,39.0,2012-11-07
2012,11,7,20,43.0,2012-11-07
2012,11,7,21,50.0,2012-11-07
2012,11,7,22,43.0,2012-11-07
2012,11,7,23,44.0,2012-11-07
2012,11,8,0,40.0,2012-11-08
2012,11,8,1,35.0,2012-11-08
2012,11,8,2,32.0,2012-11-08
2012,11,8,3,27.0,2012-11-08
2012,11,8,4,24.0,2012-11-08
2012,11,8,5,40.0,2012-11-08
2012,11,8,6,42.0,2012-11-08
2012,11,8,7,38.0,2012-11-08
2012,11,8,8,28.0,2012-11-08
2012,11,8,9,27.0,2012-11-08
2012,11,8,10,38.0,2012-11-08
2012,11,8,11,51.0,2012-11-08
2012,11,8,12,42.0,2012-11-08
2012,11,8,13,29.0,2012-11-08
2012,11,8,14,50.0,2012-11-08
2012,11,8,15,60.0,2012-11-08
2012,11,8,16,60.0,2012-11-08
2012,11,8,17,61.0,2012-11-08
2012,11,8,18,69.0,2012-11-08
2012,11,8,19,79.0,2012-11-08
2012,11,8,20,94.0,2012-11-08
2012,11,8,21,102.0,2012-11-08
2012,11,8,22,106.0,2012-11-08
2012,11,8,23,102.0,2012-11-08
2012,11,9,0,119.0,2012-11-09
2012,11,9,1,114.0,2012-11-09
2012,11,9,2,135.0,2012-11-09
2012,11,9,3,116.0,2012-11-09
2012,11,9,4,107.0,2012-11-09
2012,11,9,5,96.0,2012-11-09
2012,11,9,6,98.0,2012-11-09
2012,11,9,7,104.0,2012-11-09
2012,11,9,8,118.0,2012-11-09
2012,11,9,9,134.0,2012-11-09
2012,11,9,10,128.0,2012-11-09
2012,11,9,11,103.0,2012-11-09
2012,11,9,12,91.0,2012-11-09
2012,11,9,13,95.0,2012-11-09
2012,11,9,14,71.0,2012-11-09
2012,11,9,15,71.0,2012-11-09
2012,11,9,16,44.0,2012-11-09
2012,11,9,17,62.0,2012-11-09
2012,11,9,18,67.0,2012-11-09
2012,11,9,19,105.0,2012-11-09
2012,11,9,20,116.0,2012-11-09
2012,11,9,21,143.0,2012-11-09
2012,11,9,22,160.0,2012-11-09
2012,11,9,23,127.0,2012-11-09
2012,11,10,0,132.0,2012-11-10
2012,11,10,1,116.0,2012-11-10
2012,11,10,2,160.0,2012-11-10
2012,11,10,3,122.0,2012-11-10
2012,11,10,4,122.0,2012-11-10
2012,11,10,5,130.0,2012-11-10
2012,11,10,6,108.0,2012-11-10
2012,11,10,7,112.0,2012-11-10
2012,11,10,8,121.0,2012-11-10
2012,11,10,9,110.0,2012-11-10
2012,11,10,10,108.0,2012-11-10
2012,11,10,11,83.0,2012-11-10
2012,11,10,12,72.0,2012-11-10
2012,11,10,13,62.0,2012-11-10
2012,11,10,14,57.0,2012-11-10
2012,11,10,15,46.0,2012-11-10
2012,11,10,16,48.0,2012-11-10
2012,11,10,17,31.0,2012-11-10
2012,11,10,18,26.0,2012-11-10
2012,11,10,19,22.0,2012-11-10
2012,11,10,20,19.0,2012-11-10
2012,11,10,21,17.0,2012-11-10
2012,11,10,22,12.0,2012-11-10
2012,11,10,23,12.0,2012-11-10
2012,11,11,0,10.0,2012-11-11
2012,11,11,1,12.0,2012-11-11
2012,11,11,2,10.0,2012-11-11
2012,11,11,3,7.0,2012-11-11
2012,11,11,4,9.0,2012-11-11
2012,11,11,5,11.0,2012-11-11
2012,11,11,6,11.0,2012-11-11
2012,11,11,7,11.0,2012-11-11
2012,11,11,8,9.0,2012-11-11
2012,11,11,9,11.0,2012-11-11
2012,11,11,10,12.0,2012-11-11
2012,11,11,11,17.0,2012-11-11
2012,11,11,12,13.0,2012-11-11
2012,11,11,13,17.0,2012-11-11
2012,11,11,14,15.0,2012-11-11
2012,11,11,15,15.0,2012-11-11
2012,11,11,16,13.0,2012-11-11
2012,11,11,17,12.0,2012-11-11
2012,11,11,18,14.0,2012-11-11
2012,11,11,19,11.0,2012-11-11
2012,11,11,20,9.0,2012-11-11
2012,11,11,21,10.0,2012-11-11
2012,11,11,22,11.0,2012-11-11
2012,11,11,23,13.0,2012-11-11
2012,11,12,0,10.0,2012-11-12
2012,11,12,1,12.0,2012-11-12
2012,11,12,2,12.0,2012-11-12
2012,11,12,3,13.0,2012-11-12
2012,11,12,4,12.0,2012-11-12
2012,11,12,5,13.0,2012-11-12
2012,11,12,6,10.0,2012-11-12
2012,11,12,7,14.0,2012-11-12
2012,11,12,8,25.0,2012-11-12
2012,11,12,9,22.0,2012-11-12
2012,11,12,10,18.0,2012-11-12
2012,11,12,11,26.0,2012-11-12
2012,11,12,12,26.0,2012-11-12
2012,11,12,13,26.0,2012-11-12
2012,11,12,14,24.0,2012-11-12
2012,11,12,15,26.0,2012-11-12
2012,11,12,16,22.0,2012-11-12
2012,11,12,17,23.0,2012-11-12
2012,11,12,18,34.0,2012-11-12
2012,11,12,19,43.0,2012-11-12
2012,11,12,20,45.0,2012-11-12
2012,11,12,21,35.0,2012-11-12
2012,11,12,22,8.0,2012-11-12
2012,11,12,23,6.0,2012-11-12
2012,11,13,0,9.0,2012-11-13
2012,11,13,1,12.0,2012-11-13
2012,11,13,2,11.0,2012-11-13
2012,11,13,3,8.0,2012-11-13
2012,11,13,4,14.0,2012-11-13
2012,11,13,5,10.0,2012-11-13
2012,11,13,6,7.0,2012-11-13
2012,11,13,7,7.0,2012-11-13
2012,11,13,8,10.0,2012-11-13
2012,11,13,9,14.0,2012-11-13
2012,11,13,10,17.0,2012-11-13
2012,11,13,11,15.0,2012-11-13
2012,11,13,12,14.0,2012-11-13
2012,11,13,13,11.0,2012-11-13
2012,11,13,14,12.0,2012-11-13
2012,11,13,15,12.0,2012-11-13
2012,11,13,16,8.0,2012-11-13
2012,11,13,17,7.0,2012-11-13
2012,11,13,18,15.0,2012-11-13
2012,11,13,19,11.0,2012-11-13
2012,11,13,20,18.0,2012-11-13
2012,11,13,21,23.0,2012-11-13
2012,11,13,22,24.0,2012-11-13
2012,11,13,23,24.0,2012-11-13
2012,11,14,0,17.0,2012-11-14
2012,11,14,1,17.0,2012-11-14
2012,11,14,2,17.0,2012-11-14
2012,11,14,3,14.0,2012-11-14
2012,11,14,4,12.0,2012-11-14
2012,11,14,5,13.0,2012-11-14
2012,11,14,6,16.0,2012-11-14
2012,11,14,7,15.0,2012-11-14
2012,11,14,8,23.0,2012-11-14
2012,11,14,9,26.0,2012-11-14
2012,11,14,10,25.0,2012-11-14
2012,11,14,11,31.0,2012-11-14
2012,11,14,12,27.0,2012-11-14
2012,11,14,13,18.0,2012-11-14
2012,11,14,14,18.0,2012-11-14
2012,11,14,15,26.0,2012-11-14
2012,11,14,16,19.0,2012-11-14
2012,11,14,17,32.0,2012-11-14
2012,11,14,18,36.0,2012-11-14
2012,11,14,19,49.0,2012-11-14
2012,11,14,20,55.0,2012-11-14
2012,11,14,21,81.0,2012-11-14
2012,11,14,22,130.0,2012-11-14
2012,11,14,23,144.0,2012-11-14
2012,11,15,0,144.0,2012-11-15
2012,11,15,1,117.0,2012-11-15
2012,11,15,2,162.0,2012-11-15
2012,11,15,3,200.0,2012-11-15
2012,11,15,4,171.0,2012-11-15
2012,11,15,5,145.0,2012-11-15
2012,11,15,6,102.0,2012-11-15
2012,11,15,7,85.0,2012-11-15
2012,11,15,8,103.0,2012-11-15
2012,11,15,9,83.0,2012-11-15
2012,11,15,10,112.0,2012-11-15
2012,11,15,11,146.0,2012-11-15
2012,11,15,12,183.0,2012-11-15
2012,11,15,13,191.0,2012-11-15
2012,11,15,14,225.0,2012-11-15
2012,11,15,15,227.0,2012-11-15
2012,11,15,16,145.0,2012-11-15
2012,11,15,17,125.0,2012-11-15
2012,11,15,18,130.0,2012-11-15
2012,11,15,19,122.0,2012-11-15
2012,11,15,20,113.0,2012-11-15
2012,11,15,21,130.0,2012-11-15
2012,11,15,22,137.0,2012-11-15
2012,11,15,23,137.0,2012-11-15
2012,11,16,0,129.0,2012-11-16
2012,11,16,1,126.0,2012-11-16
2012,11,16,2,136.0,2012-11-16
2012,11,16,3,159.0,2012-11-16
2012,11,16,4,159.0,2012-11-16
2012,11,16,5,180.0,2012-11-16
2012,11,16,6,175.0,2012-11-16
2012,11,16,7,170.0,2012-11-16
2012,11,16,8,171.0,2012-11-16
2012,11,16,9,176.0,2012-11-16
2012,11,16,10,206.0,2012-11-16
2012,11,16,11,252.0,2012-11-16
2012,11,16,12,263.0,2012-11-16
2012,11,16,13,256.0,2012-11-16
2012,11,16,14,182.0,2012-11-16
2012,11,16,15,10.0,2012-11-16
2012,11,16,16,13.0,2012-11-16
2012,11,16,17,17.0,2012-11-16
2012,11,16,18,20.0,2012-11-16
2012,11,16,19,25.0,2012-11-16
2012,11,16,20,20.0,2012-11-16
2012,11,16,21,19.0,2012-11-16
2012,11,16,22,23.0,2012-11-16
2012,11,16,23,18.0,2012-11-16
2012,11,17,0,17.0,2012-11-17
2012,11,17,1,20.0,2012-11-17
2012,11,17,2,28.0,2012-11-17
2012,11,17,3,27.0,2012-11-17
2012,11,17,4,35.0,2012-11-17
2012,11,17,5,38.0,2012-11-17
2012,11,17,6,56.0,2012-11-17
2012,11,17,7,57.0,2012-11-17
2012,11,17,8,75.0,2012-11-17
2012,11,17,9,70.0,2012-11-17
2012,11,17,10,50.0,2012-11-17
2012,11,17,11,51.0,2012-11-17
2012,11,17,12,58.0,2012-11-17
2012,11,17,13,56.0,2012-11-17
2012,11,17,14,62.0,2012-11-17
2012,11,17,15,64.0,2012-11-17
2012,11,17,16,72.0,2012-11-17
2012,11,17,17,69.0,2012-11-17
2012,11,17,18,66.0,2012-11-17
2012,11,17,19,57.0,2012-11-17
2012,11,17,20,93.0,2012-11-17
2012,11,17,21,114.0,2012-11-17
2012,11,17,22,135.0,2012-11-17
2012,11,17,23,157.0,2012-11-17
2012,11,18,0,179.0,2012-11-18
2012,11,18,1,171.0,2012-11-18
2012,11,18,2,180.0,2012-11-18
2012,11,18,3,189.0,2012-11-18
2012,11,18,4,219.0,2012-11-18
2012,11,18,5,174.0,2012-11-18
2012,11,18,6,154.0,2012-11-18
2012,11,18,7,167.0,2012-11-18
2012,11,18,8,164.0,2012-11-18
2012,11,18,9,168.0,2012-11-18
2012,11,18,10,179.0,2012-11-18
2012,11,18,11,164.0,2012-11-18
2012,11,18,12,170.0,2012-11-18
2012,11,18,13,157.0,2012-11-18
2012,11,18,14,156.0,2012-11-18
2012,11,18,15,156.0,2012-11-18
2012,11,18,16,153.0,2012-11-18
2012,11,18,17,152.0,2012-11-18
2012,11,18,18,17.0,2012-11-18
2012,11,18,19,13.0,2012-11-18
2012,11,18,20,11.0,2012-11-18
2012,11,18,21,12.0,2012-11-18
2012,11,18,22,8.0,2012-11-18
2012,11,18,23,7.0,2012-11-18
2012,11,19,0,11.0,2012-11-19
2012,11,19,1,7.0,2012-11-19
2012,11,19,2,9.0,2012-11-19
2012,11,19,3,10.0,2012-11-19
2012,11,19,4,6.0,2012-11-19
2012,11,19,5,12.0,2012-11-19
2012,11,19,6,13.0,2012-11-19
2012,11,19,7,14.0,2012-11-19
2012,11,19,8,22.0,2012-11-19
2012,11,19,9,27.0,2012-11-19
2012,11,19,10,20.0,2012-11-19
2012,11,19,11,22.0,2012-11-19
2012,11,19,12,24.0,2012-11-19
2012,11,19,13,23.0,2012-11-19
2012,11,19,14,22.0,2012-11-19
2012,11,19,15,31.0,2012-11-19
2012,11,19,16,36.0,2012-11-19
2012,11,19,17,36.0,2012-11-19
2012,11,19,18,51.0,2012-11-19
2012,11,19,19,67.0,2012-11-19
2012,11,19,20,66.52380952380952,2012-11-19
2012,11,19,21,66.04761904761905,2012-11-19
2012,11,19,22,65.57142857142857,2012-11-19
2012,11,19,23,65.0952380952381,2012-11-19
2012,11,20,0,64.61904761904762,2012-11-20
2012,11,20,1,64.14285714285714,2012-11-20
2012,11,20,2,63.666666666666664,2012-11-20
2012,11,20,3,63.19047619047619,2012-11-20
2012,11,20,4,62.714285714285715,2012-11-20
2012,11,20,5,62.23809523809524,2012-11-20
2012,11,20,6,61.76190476190476,2012-11-20
2012,11,20,7,61.285714285714285,2012-11-20
2012,11,20,8,60.80952380952381,2012-11-20
2012,11,20,9,60.333333333333336,2012-11-20
2012,11,20,10,59.857142857142854,2012-11-20
2012,11,20,11,59.38095238095238,2012-11-20
2012,11,20,12,58.904761904761905,2012-11-20
2012,11,20,13,58.42857142857143,2012-11-20
2012,11,20,14,57.95238095238095,2012-11-20
2012,11,20,15,57.476190476190474,2012-11-20
2012,11,20,16,57.0,2012-11-20
2012,11,20,17,87.0,2012-11-20
2012,11,20,18,110.0,2012-11-20
2012,11,20,19,132.0,2012-11-20
2012,11,20,20,159.0,2012-11-20
2012,11,20,21,134.0,2012-11-20
2012,11,20,22,141.0,2012-11-20
2012,11,20,23,153.0,2012-11-20
2012,11,21,0,149.0,2012-11-21
2012,11,21,1,163.0,2012-11-21
2012,11,21,2,164.0,2012-11-21
2012,11,21,3,248.0,2012-11-21
2012,11,21,4,334.0,2012-11-21
2012,11,21,5,370.0,2012-11-21
2012,11,21,6,331.0,2012-11-21
2012,11,21,7,293.0,2012-11-21
2012,11,21,8,305.0,2012-11-21
2012,11,21,9,285.0,2012-11-21
2012,11,21,10,280.0,2012-11-21
2012,11,21,11,235.0,2012-11-21
2012,11,21,12,164.0,2012-11-21
2012,11,21,13,183.0,2012-11-21
2012,11,21,14,196.0,2012-11-21
2012,11,21,15,218.0,2012-11-21
2012,11,21,16,237.0,2012-11-21
2012,11,21,17,249.0,2012-11-21
2012,11,21,18,269.0,2012-11-21
2012,11,21,19,277.0,2012-11-21
2012,11,21,20,286.0,2012-11-21
2012,11,21,21,308.0,2012-11-21
2012,11,21,22,338.0,2012-11-21
2012,11,21,23,350.0,2012-11-21
2012,11,22,0,404.0,2012-11-22
2012,11,22,1,410.0,2012-11-22
2012,11,22,2,418.0,2012-11-22
2012,11,22,3,431.0,2012-11-22
2012,11,22,4,359.0,2012-11-22
2012,11,22,5,318.0,2012-11-22
2012,11,22,6,335.0,2012-11-22
2012,11,22,7,236.0,2012-11-22
2012,11,22,8,226.0,2012-11-22
2012,11,22,9,226.0,2012-11-22
2012,11,22,10,190.0,2012-11-22
2012,11,22,11,84.0,2012-11-22
2012,11,22,12,33.0,2012-11-22
2012,11,22,13,38.0,2012-11-22
2012,11,22,14,28.0,2012-11-22
2012,11,22,15,23.0,2012-11-22
2012,11,22,16,19.0,2012-11-22
2012,11,22,17,13.0,2012-11-22
2012,11,22,18,16.0,2012-11-22
2012,11,22,19,13.0,2012-11-22
2012,11,22,20,11.0,2012-11-22
2012,11,22,21,6.0,2012-11-22
2012,11,22,22,6.0,2012-11-22
2012,11,22,23,11.0,2012-11-22
2012,11,23,0,15.0,2012-11-23
2012,11,23,1,16.0,2012-11-23
2012,11,23,2,15.0,2012-11-23
2012,11,23,3,15.0,2012-11-23
2012,11,23,4,12.0,2012-11-23
2012,11,23,5,14.0,2012-11-23
2012,11,23,6,10.0,2012-11-23
2012,11,23,7,21.0,2012-11-23
2012,11,23,8,25.0,2012-11-23
2012,11,23,9,27.0,2012-11-23
2012,11,23,10,23.0,2012-11-23
2012,11,23,11,27.0,2012-11-23
2012,11,23,12,30.0,2012-11-23
2012,11,23,13,29.0,2012-11-23
2012,11,23,14,39.0,2012-11-23
2012,11,23,15,43.0,2012-11-23
2012,11,23,16,44.0,2012-11-23
2012,11,23,17,49.0,2012-11-23
2012,11,23,18,78.0,2012-11-23
2012,11,23,19,85.0,2012-11-23
2012,11,23,20,94.0,2012-11-23
2012,11,23,21,105.0,2012-11-23
2012,11,23,22,100.0,2012-11-23
2012,11,23,23,95.0,2012-11-23
2012,11,24,0,106.0,2012-11-24
2012,11,24,1,116.0,2012-11-24
2012,11,24,2,123.0,2012-11-24
2012,11,24,3,131.0,2012-11-24
2012,11,24,4,155.0,2012-11-24
2012,11,24,5,162.0,2012-11-24
2012,11,24,6,177.0,2012-11-24
2012,11,24,7,148.0,2012-11-24
2012,11,24,8,121.0,2012-11-24
2012,11,24,9,109.0,2012-11-24
2012,11,24,10,90.0,2012-11-24
2012,11,24,11,84.0,2012-11-24
2012,11,24,12,72.0,2012-11-24
2012,11,24,13,83.0,2012-11-24
2012,11,24,14,121.0,2012-11-24
2012,11,24,15,141.0,2012-11-24
2012,11,24,16,118.0,2012-11-24
2012,11,24,17,158.0,2012-11-24
2012,11,24,18,202.0,2012-11-24
2012,11,24,19,204.0,2012-11-24
2012,11,24,20,221.0,2012-11-24
2012,11,24,21,209.0,2012-11-24
2012,11,24,22,246.0,2012-11-24
2012,11,24,23,315.0,2012-11-24
2012,11,25,0,326.0,2012-11-25
2012,11,25,1,358.0,2012-11-25
2012,11,25,2,445.0,2012-11-25
2012,11,25,3,413.0,2012-11-25
2012,11,25,4,345.0,2012-11-25
2012,11,25,5,329.0,2012-11-25
2012,11,25,6,290.0,2012-11-25
2012,11,25,7,248.0,2012-11-25
2012,11,25,8,284.0,2012-11-25
2012,11,25,9,247.0,2012-11-25
2012,11,25,10,246.0,2012-11-25
2012,11,25,11,109.0,2012-11-25
2012,11,25,12,33.0,2012-11-25
2012,11,25,13,20.0,2012-11-25
2012,11,25,14,14.0,2012-11-25
2012,11,25,15,11.0,2012-11-25
2012,11,25,16,8.0,2012-11-25
2012,11,25,17,9.0,2012-11-25
2012,11,25,18,17.0,2012-11-25
2012,11,25,19,20.0,2012-11-25
2012,11,25,20,17.0,2012-11-25
2012,11,25,21,13.0,2012-11-25
2012,11,25,22,22.0,2012-11-25
2012,11,25,23,32.0,2012-11-25
2012,11,26,0,23.0,2012-11-26
2012,11,26,1,11.0,2012-11-26
2012,11,26,2,19.0,2012-11-26
2012,11,26,3,19.0,2012-11-26
2012,11,26,4,16.0,2012-11-26
2012,11,26,5,13.0,2012-11-26
2012,11,26,6,15.0,2012-11-26
2012,11,26,7,15.0,2012-11-26
2012,11,26,8,14.0,2012-11-26
2012,11,26,9,17.0,2012-11-26
2012,11,26,10,16.0,2012-11-26
2012,11,26,11,11.0,2012-11-26
2012,11,26,12,20.0,2012-11-26
2012,11,26,13,17.0,2012-11-26
2012,11,26,14,16.0,2012-11-26
2012,11,26,15,23.0,2012-11-26
2012,11,26,16,28.333333333333332,2012-11-26
2012,11,26,17,33.666666666666664,2012-11-26
2012,11,26,18,39.0,2012-11-26
2012,11,26,19,34.0,2012-11-26
2012,11,26,20,44.0,2012-11-26
2012,11,26,21,54.0,2012-11-26
2012,11,26,22,69.0,2012-11-26
2012,11,26,23,90.0,2012-11-26
2012,11,27,0,98.0,2012-11-27
2012,11,27,1,120.0,2012-11-27
2012,11,27,2,129.0,2012-11-27
2012,11,27,3,130.0,2012-11-27
2012,11,27,4,142.0,2012-11-27
2012,11,27,5,171.0,2012-11-27
2012,11,27,6,182.0,2012-11-27
2012,11,27,7,184.0,2012-11-27
2012,11,27,8,179.0,2012-11-27
2012,11,27,9,169.0,2012-11-27
2012,11,27,10,181.0,2012-11-27
2012,11,27,11,204.0,2012-11-27
2012,11,27,12,234.0,2012-11-27
2012,11,27,13,230.0,2012-11-27
2012,11,27,14,253.0,2012-11-27
2012,11,27,15,244.0,2012-11-27
2012,11,27,16,241.0,2012-11-27
2012,11,27,17,245.0,2012-11-27
2012,11,27,18,247.0,2012-11-27
2012,11,27,19,276.0,2012-11-27
2012,11,27,20,285.0,2012-11-27
2012,11,27,21,161.0,2012-11-27
2012,11,27,22,68.0,2012-11-27
2012,11,27,23,73.0,2012-11-27
2012,11,28,0,63.0,2012-11-28
2012,11,28,1,63.0,2012-11-28
2012,11,28,2,53.0,2012-11-28
2012,11,28,3,37.0,2012-11-28
2012,11,28,4,14.0,2012-11-28
2012,11,28,5,11.0,2012-11-28
2012,11,28,6,9.0,2012-11-28
2012,11,28,7,9.0,2012-11-28
2012,11,28,8,10.0,2012-11-28
2012,11,28,9,13.0,2012-11-28
2012,11,28,10,23.0,2012-11-28
2012,11,28,11,16.0,2012-11-28
2012,11,28,12,10.0,2012-11-28
2012,11,28,13,11.0,2012-11-28
2012,11,28,14,11.0,2012-11-28
2012,11,28,15,13.0,2012-11-28
2012,11,28,16,12.0,2012-11-28
2012,11,28,17,19.0,2012-11-28
2012,11,28,18,13.0,2012-11-28
2012,11,28,19,18.0,2012-11-28
2012,11,28,20,23.0,2012-11-28
2012,11,28,21,24.0,2012-11-28
2012,11,28,22,36.0,2012-11-28
2012,11,28,23,43.0,2012-11-28
2012,11,29,0,44.0,2012-11-29
2012,11,29,1,45.0,2012-11-29
2012,11,29,2,65.0,2012-11-29
2012,11,29,3,145.0,2012-11-29
2012,11,29,4,131.0,2012-11-29
2012,11,29,5,99.0,2012-11-29
2012,11,29,6,37.0,2012-11-29
2012,11,29,7,97.0,2012-11-29
2012,11,29,8,76.0,2012-11-29
2012,11,29,9,72.0,2012-11-29
2012,11,29,10,58.0,2012-11-29
2012,11,29,11,40.0,2012-11-29
2012,11,29,12,38.0,2012-11-29
2012,11,29,13,40.0,2012-11-29
2012,11,29,14,42.0,2012-11-29
2012,11,29,15,41.0,2012-11-29
2012,11,29,16,46.0,2012-11-29
2012,11,29,17,49.0,2012-11-29
2012,11,29,18,59.0,2012-11-29
2012,11,29,19,80.0,2012-11-29
2012,11,29,20,71.0,2012-11-29
2012,11,29,21,81.0,2012-11-29
2012,11,29,22,79.0,2012-11-29
2012,11,29,23,122.0,2012-11-29
2012,11,30,0,167.0,2012-11-30
2012,11,30,1,152.0,2012-11-30
2012,11,30,2,78.0,2012-11-30
2012,11,30,3,42.0,2012-11-30
2012,11,30,4,31.0,2012-11-30
2012,11,30,5,24.0,2012-11-30
2012,11,30,6,17.0,2012-11-30
2012,11,30,7,13.0,2012-11-30
2012,11,30,8,23.0,2012-11-30
2012,11,30,9,11.0,2012-11-30
2012,11,30,10,21.0,2012-11-30
2012,11,30,11,18.0,2012-11-30
2012,11,30,12,14.0,2012-11-30
2012,11,30,13,16.0,2012-11-30
2012,11,30,14,12.0,2012-11-30
2012,11,30,15,9.0,2012-11-30
2012,11,30,16,16.0,2012-11-30
2012,11,30,17,14.0,2012-11-30
2012,11,30,18,32.0,2012-11-30
2012,11,30,19,19.0,2012-11-30
2012,11,30,20,20.0,2012-11-30
2012,11,30,21,25.0,2012-11-30
2012,11,30,22,45.0,2012-11-30
2012,11,30,23,51.0,2012-11-30
2012,12,1,0,41.0,2012-12-01
2012,12,1,1,46.0,2012-12-01
2012,12,1,2,37.0,2012-12-01
2012,12,1,3,48.0,2012-12-01
2012,12,1,4,43.0,2012-12-01
2012,12,1,5,77.0,2012-12-01
2012,12,1,6,53.0,2012-12-01
2012,12,1,7,57.0,2012-12-01
2012,12,1,8,78.0,2012-12-01
2012,12,1,9,84.0,2012-12-01
2012,12,1,10,101.0,2012-12-01
2012,12,1,11,117.0,2012-12-01
2012,12,1,12,118.0,2012-12-01
2012,12,1,13,107.0,2012-12-01
2012,12,1,14,90.0,2012-12-01
2012,12,1,15,78.0,2012-12-01
2012,12,1,16,76.0,2012-12-01
2012,12,1,17,79.0,2012-12-01
2012,12,1,18,93.0,2012-12-01
2012,12,1,19,97.0,2012-12-01
2012,12,1,20,97.0,2012-12-01
2012,12,1,21,105.0,2012-12-01
2012,12,1,22,112.0,2012-12-01
2012,12,1,23,119.0,2012-12-01
2012,12,2,0,128.0,2012-12-02
2012,12,2,1,129.0,2012-12-02
2012,12,2,2,132.0,2012-12-02
2012,12,2,3,151.0,2012-12-02
2012,12,2,4,163.0,2012-12-02
2012,12,2,5,166.0,2012-12-02
2012,12,2,6,155.0,2012-12-02
2012,12,2,7,185.0,2012-12-02
2012,12,2,8,192.0,2012-12-02
2012,12,2,9,232.0,2012-12-02
2012,12,2,10,253.0,2012-12-02
2012,12,2,11,292.0,2012-12-02
2012,12,2,12,294.0,2012-12-02
2012,12,2,13,266.0,2012-12-02
2012,12,2,14,289.0,2012-12-02
2012,12,2,15,305.0,2012-12-02
2012,12,2,16,332.0,2012-12-02
2012,12,2,17,316.0,2012-12-02
2012,12,2,18,263.0,2012-12-02
2012,12,2,19,277.0,2012-12-02
2012,12,2,20,282.0,2012-12-02
2012,12,2,21,259.0,2012-12-02
2012,12,2,22,268.0,2012-12-02
2012,12,2,23,313.0,2012-12-02
2012,12,3,0,322.0,2012-12-03
2012,12,3,1,318.0,2012-12-03
2012,12,3,2,327.0,2012-12-03
2012,12,3,3,315.0,2012-12-03
2012,12,3,4,36.0,2012-12-03
2012,12,3,5,9.0,2012-12-03
2012,12,3,6,12.0,2012-12-03
2012,12,3,7,12.0,2012-12-03
2012,12,3,8,12.0,2012-12-03
2012,12,3,9,9.0,2012-12-03
2012,12,3,10,14.0,2012-12-03
2012,12,3,11,15.0,2012-12-03
2012,12,3,12,20.0,2012-12-03
2012,12,3,13,18.0,2012-12-03
2012,12,3,14,16.0,2012-12-03
2012,12,3,15,14.0,2012-12-03
2012,12,3,16,15.0,2012-12-03
2012,12,3,17,11.0,2012-12-03
2012,12,3,18,14.0,2012-12-03
2012,12,3,19,20.0,2012-12-03
2012,12,3,20,23.0,2012-12-03
2012,12,3,21,27.0,2012-12-03
2012,12,3,22,38.0,2012-12-03
2012,12,3,23,40.0,2012-12-03
2012,12,4,0,36.0,2012-12-04
2012,12,4,1,54.0,2012-12-04
2012,12,4,2,61.0,2012-12-04
2012,12,4,3,59.0,2012-12-04
2012,12,4,4,71.0,2012-12-04
2012,12,4,5,102.0,2012-12-04
2012,12,4,6,100.0,2012-12-04
2012,12,4,7,99.0,2012-12-04
2012,12,4,8,82.0,2012-12-04
2012,12,4,9,95.0,2012-12-04
2012,12,4,10,71.0,2012-12-04
2012,12,4,11,91.0,2012-12-04
2012,12,4,12,95.0,2012-12-04
2012,12,4,13,109.0,2012-12-04
2012,12,4,14,113.0,2012-12-04
2012,12,4,15,125.0,2012-12-04
2012,12,4,16,138.0,2012-12-04
2012,12,4,17,128.0,2012-12-04
2012,12,4,18,138.0,2012-12-04
2012,12,4,19,149.0,2012-12-04
2012,12,4,20,123.0,2012-12-04
2012,12,4,21,78.0,2012-12-04
2012,12,4,22,50.0,2012-12-04
2012,12,4,23,39.0,2012-12-04
2012,12,5,0,34.0,2012-12-05
2012,12,5,1,35.0,2012-12-05
2012,12,5,2,22.0,2012-12-05
2012,12,5,3,13.0,2012-12-05
2012,12,5,4,9.0,2012-12-05
2012,12,5,5,9.0,2012-12-05
2012,12,5,6,8.0,2012-12-05
2012,12,5,7,7.0,2012-12-05
2012,12,5,8,9.0,2012-12-05
2012,12,5,9,9.0,2012-12-05
2012,12,5,10,9.0,2012-12-05
2012,12,5,11,11.0,2012-12-05
2012,12,5,12,9.0,2012-12-05
2012,12,5,13,15.0,2012-12-05
2012,12,5,14,12.0,2012-12-05
2012,12,5,15,10.0,2012-12-05
2012,12,5,16,7.0,2012-12-05
2012,12,5,17,9.0,2012-12-05
2012,12,5,18,10.0,2012-12-05
2012,12,5,19,9.0,2012-12-05
2012,12,5,20,14.0,2012-12-05
2012,12,5,21,17.0,2012-12-05
2012,12,5,22,25.0,2012-12-05
2012,12,5,23,29.0,2012-12-05
2012,12,6,0,26.0,2012-12-06
2012,12,6,1,44.0,2012-12-06
2012,12,6,2,43.0,2012-12-06
2012,12,6,3,28.0,2012-12-06
2012,12,6,4,47.0,2012-12-06
2012,12,6,5,49.0,2012-12-06
2012,12,6,6,48.0,2012-12-06
2012,12,6,7,39.0,2012-12-06
2012,12,6,8,41.0,2012-12-06
2012,12,6,9,42.0,2012-12-06
2012,12,6,10,99.0,2012-12-06
2012,12,6,11,83.0,2012-12-06
2012,12,6,12,44.0,2012-12-06
2012,12,6,13,44.0,2012-12-06
2012,12,6,14,37.0,2012-12-06
2012,12,6,15,39.0,2012-12-06
2012,12,6,16,54.0,2012-12-06
2012,12,6,17,78.0,2012-12-06
2012,12,6,18,95.0,2012-12-06
2012,12,6,19,106.0,2012-12-06
2012,12,6,20,155.0,2012-12-06
2012,12,6,21,144.0,2012-12-06
2012,12,6,22,137.0,2012-12-06
2012,12,6,23,158.0,2012-12-06
2012,12,7,0,149.0,2012-12-07
2012,12,7,1,149.0,2012-12-07
2012,12,7,2,114.0,2012-12-07
2012,12,7,3,84.0,2012-12-07
2012,12,7,4,61.0,2012-12-07
2012,12,7,5,51.0,2012-12-07
2012,12,7,6,40.0,2012-12-07
2012,12,7,7,31.0,2012-12-07
2012,12,7,8,36.0,2012-12-07
2012,12,7,9,35.0,2012-12-07
2012,12,7,10,44.0,2012-12-07
2012,12,7,11,44.0,2012-12-07
2012,12,7,12,46.0,2012-12-07
2012,12,7,13,50.0,2012-12-07
2012,12,7,14,95.0,2012-12-07
2012,12,7,15,85.0,2012-12-07
2012,12,7,16,97.0,2012-12-07
2012,12,7,17,102.0,2012-12-07
2012,12,7,18,61.0,2012-12-07
2012,12,7,19,16.0,2012-12-07
2012,12,7,20,18.0,2012-12-07
2012,12,7,21,9.0,2012-12-07
2012,12,7,22,9.0,2012-12-07
2012,12,7,23,10.0,2012-12-07
2012,12,8,0,16.0,2012-12-08
2012,12,8,1,13.0,2012-12-08
2012,12,8,2,9.0,2012-12-08
2012,12,8,3,9.0,2012-12-08
2012,12,8,4,8.0,2012-12-08
2012,12,8,5,7.0,2012-12-08
2012,12,8,6,10.0,2012-12-08
2012,12,8,7,11.0,2012-12-08
2012,12,8,8,14.0,2012-12-08
2012,12,8,9,16.0,2012-12-08
2012,12,8,10,16.0,2012-12-08
2012,12,8,11,14.0,2012-12-08
2012,12,8,12,16.0,2012-12-08
2012,12,8,13,14.0,2012-12-08
2012,12,8,14,17.0,2012-12-08
2012,12,8,15,14.0,2012-12-08
2012,12,8,16,14.0,2012-12-08
2012,12,8,17,13.0,2012-12-08
2012,12,8,18,13.0,2012-12-08
2012,12,8,19,14.0,2012-12-08
2012,12,8,20,15.0,2012-12-08
2012,12,8,21,14.0,2012-12-08
2012,12,8,22,13.0,2012-12-08
2012,12,8,23,16.0,2012-12-08
2012,12,9,0,15.0,2012-12-09
2012,12,9,1,17.0,2012-12-09
2012,12,9,2,13.0,2012-12-09
2012,12,9,3,14.0,2012-12-09
2012,12,9,4,10.0,2012-12-09
2012,12,9,5,13.0,2012-12-09
2012,12,9,6,14.5,2012-12-09
2012,12,9,7,16.0,2012-12-09
2012,12,9,8,15.0,2012-12-09
2012,12,9,9,15.0,2012-12-09
2012,12,9,10,19.0,2012-12-09
2012,12,9,11,17.0,2012-12-09
2012,12,9,12,18.0,2012-12-09
2012,12,9,13,21.0,2012-12-09
2012,12,9,14,20.0,2012-12-09
2012,12,9,15,14.0,2012-12-09
2012,12,9,16,16.0,2012-12-09
2012,12,9,17,21.0,2012-12-09
2012,12,9,18,27.0,2012-12-09
2012,12,9,19,28.0,2012-12-09
2012,12,9,20,43.0,2012-12-09
2012,12,9,21,51.0,2012-12-09
2012,12,9,22,48.0,2012-12-09
2012,12,9,23,35.0,2012-12-09
2012,12,10,0,37.0,2012-12-10
2012,12,10,1,30.0,2012-12-10
2012,12,10,2,22.0,2012-12-10
2012,12,10,3,29.0,2012-12-10
2012,12,10,4,21.0,2012-12-10
2012,12,10,5,27.0,2012-12-10
2012,12,10,6,25.0,2012-12-10
2012,12,10,7,38.0,2012-12-10
2012,12,10,8,59.0,2012-12-10
2012,12,10,9,102.0,2012-12-10
2012,12,10,10,78.0,2012-12-10
2012,12,10,11,68.0,2012-12-10
2012,12,10,12,62.0,2012-12-10
2012,12,10,13,75.0,2012-12-10
2012,12,10,14,82.0,2012-12-10
2012,12,10,15,96.0,2012-12-10
2012,12,10,16,92.0,2012-12-10
2012,12,10,17,80.0,2012-12-10
2012,12,10,18,97.0,2012-12-10
2012,12,10,19,104.0,2012-12-10
2012,12,10,20,122.0,2012-12-10
2012,12,10,21,117.0,2012-12-10
2012,12,10,22,120.0,2012-12-10
2012,12,10,23,129.0,2012-12-10
2012,12,11,0,179.0,2012-12-11
2012,12,11,1,165.0,2012-12-11
2012,12,11,2,200.0,2012-12-11
2012,12,11,3,211.0,2012-12-11
2012,12,11,4,146.0,2012-12-11
2012,12,11,5,107.0,2012-12-11
2012,12,11,6,116.0,2012-12-11
2012,12,11,7,125.0,2012-12-11
2012,12,11,8,148.0,2012-12-11
2012,12,11,9,95.0,2012-12-11
2012,12,11,10,101.0,2012-12-11
2012,12,11,11,73.0,2012-12-11
2012,12,11,12,107.0,2012-12-11
2012,12,11,13,114.0,2012-12-11
2012,12,11,14,115.0,2012-12-11
2012,12,11,15,111.0,2012-12-11
2012,12,11,16,122.0,2012-12-11
2012,12,11,17,167.0,2012-12-11
2012,12,11,18,179.0,2012-12-11
2012,12,11,19,146.0,2012-12-11
2012,12,11,20,146.0,2012-12-11
2012,12,11,21,139.0,2012-12-11
2012,12,11,22,126.0,2012-12-11
2012,12,11,23,151.0,2012-12-11
2012,12,12,0,154.0,2012-12-12
2012,12,12,1,142.0,2012-12-12
2012,12,12,2,140.0,2012-12-12
2012,12,12,3,180.0,2012-12-12
2012,12,12,4,205.0,2012-12-12
2012,12,12,5,200.0,2012-12-12
2012,12,12,6,184.0,2012-12-12
2012,12,12,7,172.0,2012-12-12
2012,12,12,8,149.0,2012-12-12
2012,12,12,9,154.0,2012-12-12
2012,12,12,10,121.0,2012-12-12
2012,12,12,11,187.0,2012-12-12
2012,12,12,12,139.0,2012-12-12
2012,12,12,13,111.0,2012-12-12
2012,12,12,14,110.0,2012-12-12
2012,12,12,15,121.0,2012-12-12
2012,12,12,16,284.0,2012-12-12
2012,12,12,17,277.0,2012-12-12
2012,12,12,18,289.0,2012-12-12
2012,12,12,19,281.0,2012-12-12
2012,12,12,20,277.0,2012-12-12
2012,12,12,21,287.0,2012-12-12
2012,12,12,22,290.0,2012-12-12
2012,12,12,23,259.0,2012-12-12
2012,12,13,0,268.0,2012-12-13
2012,12,13,1,274.0,2012-12-13
2012,12,13,2,281.0,2012-12-13
2012,12,13,3,255.0,2012-12-13
2012,12,13,4,243.0,2012-12-13
2012,12,13,5,247.0,2012-12-13
2012,12,13,6,258.0,2012-12-13
2012,12,13,7,259.0,2012-12-13
2012,12,13,8,235.0,2012-12-13
2012,12,13,9,214.0,2012-12-13
2012,12,13,10,203.0,2012-12-13
2012,12,13,11,187.0,2012-12-13
2012,12,13,12,185.0,2012-12-13
2012,12,13,13,186.0,2012-12-13
2012,12,13,14,196.0,2012-12-13
2012,12,13,15,204.0,2012-12-13
2012,12,13,16,208.0,2012-12-13
2012,12,13,17,203.0,2012-12-13
2012,12,13,18,197.0,2012-12-13
2012,12,13,19,202.0,2012-12-13
2012,12,13,20,206.0,2012-12-13
2012,12,13,21,212.0,2012-12-13
2012,12,13,22,205.0,2012-12-13
2012,12,13,23,217.0,2012-12-13
2012,12,14,0,205.0,2012-12-14
2012,12,14,1,203.0,2012-12-14
2012,12,14,2,199.0,2012-12-14
2012,12,14,3,201.0,2012-12-14
2012,12,14,4,184.0,2012-12-14
2012,12,14,5,175.0,2012-12-14
2012,12,14,6,191.0,2012-12-14
2012,12,14,7,196.0,2012-12-14
2012,12,14,8,200.0,2012-12-14
2012,12,14,9,219.0,2012-12-14
2012,12,14,10,241.0,2012-12-14
2012,12,14,11,240.0,2012-12-14
2012,12,14,12,231.0,2012-12-14
2012,12,14,13,213.0,2012-12-14
2012,12,14,14,210.0,2012-12-14
2012,12,14,15,197.0,2012-12-14
2012,12,14,16,204.0,2012-12-14
2012,12,14,17,195.0,2012-12-14
2012,12,14,18,199.0,2012-12-14
2012,12,14,19,207.0,2012-12-14
2012,12,14,20,211.0,2012-12-14
2012,12,14,21,225.0,2012-12-14
2012,12,14,22,232.0,2012-12-14
2012,12,14,23,221.0,2012-12-14
2012,12,15,0,192.0,2012-12-15
2012,12,15,1,256.0,2012-12-15
2012,12,15,2,222.0,2012-12-15
2012,12,15,3,215.0,2012-12-15
2012,12,15,4,209.0,2012-12-15
2012,12,15,5,227.0,2012-12-15
2012,12,15,6,222.0,2012-12-15
2012,12,15,7,197.0,2012-12-15
2012,12,15,8,186.0,2012-12-15
2012,12,15,9,172.0,2012-12-15
2012,12,15,10,226.0,2012-12-15
2012,12,15,11,324.0,2012-12-15
2012,12,15,12,276.0,2012-12-15
2012,12,15,13,305.0,2012-12-15
2012,12,15,14,322.0,2012-12-15
2012,12,15,15,284.0,2012-12-15
2012,12,15,16,271.0,2012-12-15
2012,12,15,17,260.0,2012-12-15
2012,12,15,18,290.0,2012-12-15
2012,12,15,19,323.0,2012-12-15
2012,12,15,20,348.0,2012-12-15
2012,12,15,21,343.0,2012-12-15
2012,12,15,22,309.0,2012-12-15
2012,12,15,23,299.0,2012-12-15
2012,12,16,0,335.0,2012-12-16
2012,12,16,1,284.0,2012-12-16
2012,12,16,2,262.0,2012-12-16
2012,12,16,3,251.0,2012-12-16
2012,12,16,4,243.0,2012-12-16
2012,12,16,5,218.0,2012-12-16
2012,12,16,6,124.0,2012-12-16
2012,12,16,7,96.0,2012-12-16
2012,12,16,8,91.0,2012-12-16
2012,12,16,9,76.0,2012-12-16
2012,12,16,10,71.0,2012-12-16
2012,12,16,11,76.0,2012-12-16
2012,12,16,12,69.0,2012-12-16
2012,12,16,13,70.0,2012-12-16
2012,12,16,14,72.0,2012-12-16
2012,12,16,15,78.0,2012-12-16
2012,12,16,16,85.0,2012-12-16
2012,12,16,17,94.0,2012-12-16
2012,12,16,18,101.0,2012-12-16
2012,12,16,19,112.0,2012-12-16
2012,12,16,20,115.0,2012-12-16
2012,12,16,21,138.0,2012-12-16
2012,12,16,22,155.0,2012-12-16
2012,12,16,23,141.0,2012-12-16
2012,12,17,0,147.0,2012-12-17
2012,12,17,1,138.0,2012-12-17
2012,12,17,2,86.0,2012-12-17
2012,12,17,3,28.0,2012-12-17
2012,12,17,4,19.0,2012-12-17
2012,12,17,5,20.0,2012-12-17
2012,12,17,6,21.0,2012-12-17
2012,12,17,7,20.0,2012-12-17
2012,12,17,8,17.0,2012-12-17
2012,12,17,9,16.0,2012-12-17
2012,12,17,10,14.0,2012-12-17
2012,12,17,11,13.0,2012-12-17
2012,12,17,12,18.0,2012-12-17
2012,12,17,13,19.0,2012-12-17
2012,12,17,14,16.0,2012-12-17
2012,12,17,15,19.0,2012-12-17
2012,12,17,16,22.0,2012-12-17
2012,12,17,17,20.0,2012-12-17
2012,12,17,18,22.0,2012-12-17
2012,12,17,19,22.0,2012-12-17
2012,12,17,20,17.0,2012-12-17
2012,12,17,21,20.0,2012-12-17
2012,12,17,22,24.0,2012-12-17
2012,12,17,23,23.0,2012-12-17
2012,12,18,0,17.0,2012-12-18
2012,12,18,1,18.0,2012-12-18
2012,12,18,2,22.0,2012-12-18
2012,12,18,3,16.0,2012-12-18
2012,12,18,4,18.0,2012-12-18
2012,12,18,5,17.0,2012-12-18
2012,12,18,6,13.0,2012-12-18
2012,12,18,7,21.0,2012-12-18
2012,12,18,8,17.0,2012-12-18
2012,12,18,9,37.0,2012-12-18
2012,12,18,10,24.0,2012-12-18
2012,12,18,11,31.0,2012-12-18
2012,12,18,12,25.0,2012-12-18
2012,12,18,13,29.0,2012-12-18
2012,12,18,14,24.0,2012-12-18
2012,12,18,15,25.0,2012-12-18
2012,12,18,16,35.0,2012-12-18
2012,12,18,17,53.0,2012-12-18
2012,12,18,18,69.0,2012-12-18
2012,12,18,19,62.0,2012-12-18
2012,12,18,20,78.0,2012-12-18
2012,12,18,21,81.0,2012-12-18
2012,12,18,22,90.0,2012-12-18
2012,12,18,23,85.0,2012-12-18
2012,12,19,0,93.0,2012-12-19
2012,12,19,1,114.0,2012-12-19
2012,12,19,2,124.0,2012-12-19
2012,12,19,3,138.0,2012-12-19
2012,12,19,4,166.0,2012-12-19
2012,12,19,5,176.0,2012-12-19
2012,12,19,6,174.0,2012-12-19
2012,12,19,7,199.0,2012-12-19
2012,12,19,8,172.0,2012-12-19
2012,12,19,9,158.0,2012-12-19
2012,12,19,10,142.0,2012-12-19
2012,12,19,11,152.0,2012-12-19
2012,12,19,12,168.0,2012-12-19
2012,12,19,13,186.0,2012-12-19
2012,12,19,14,203.0,2012-12-19
2012,12,19,15,209.0,2012-12-19
2012,12,19,16,215.0,2012-12-19
2012,12,19,17,236.0,2012-12-19
2012,12,19,18,245.0,2012-12-19
2012,12,19,19,258.0,2012-12-19
2012,12,19,20,290.0,2012-12-19
2012,12,19,21,256.0,2012-12-19
2012,12,19,22,290.0,2012-12-19
2012,12,19,23,241.0,2012-12-19
2012,12,20,0,244.0,2012-12-20
2012,12,20,1,244.0,2012-12-20
2012,12,20,2,240.0,2012-12-20
2012,12,20,3,217.0,2012-12-20
2012,12,20,4,244.0,2012-12-20
2012,12,20,5,267.0,2012-12-20
2012,12,20,6,235.0,2012-12-20
2012,12,20,7,239.5,2012-12-20
2012,12,20,8,244.0,2012-12-20
2012,12,20,9,187.0,2012-12-20
2012,12,20,10,169.0,2012-12-20
2012,12,20,11,175.0,2012-12-20
2012,12,20,12,208.0,2012-12-20
2012,12,20,13,244.0,2012-12-20
2012,12,20,14,251.0,2012-12-20
2012,12,20,15,246.0,2012-12-20
2012,12,20,16,273.0,2012-12-20
2012,12,20,17,308.0,2012-12-20
2012,12,20,18,276.0,2012-12-20
2012,12,20,19,229.0,2012-12-20
2012,12,20,20,218.0,2012-12-20
2012,12,20,21,229.0,2012-12-20
2012,12,20,22,259.0,2012-12-20
2012,12,20,23,314.0,2012-12-20
2012,12,21,0,315.0,2012-12-21
2012,12,21,1,380.0,2012-12-21
2012,12,21,2,355.0,2012-12-21
2012,12,21,3,323.0,2012-12-21
2012,12,21,4,303.0,2012-12-21
2012,12,21,5,289.0,2012-12-21
2012,12,21,6,299.0,2012-12-21
2012,12,21,7,280.0,2012-12-21
2012,12,21,8,180.0,2012-12-21
2012,12,21,9,80.0,2012-12-21
2012,12,21,10,35.0,2012-12-21
2012,12,21,11,29.0,2012-12-21
2012,12,21,12,27.0,2012-12-21
2012,12,21,13,18.0,2012-12-21
2012,12,21,14,29.0,2012-12-21
2012,12,21,15,22.0,2012-12-21
2012,12,21,16,19.0,2012-12-21
2012,12,21,17,20.0,2012-12-21
2012,12,21,18,23.0,2012-12-21
2012,12,21,19,24.0,2012-12-21
2012,12,21,20,19.0,2012-12-21
2012,12,21,21,19.0,2012-12-21
2012,12,21,22,15.0,2012-12-21
2012,12,21,23,21.0,2012-12-21
2012,12,22,0,16.0,2012-12-22
2012,12,22,1,17.0,2012-12-22
2012,12,22,2,21.0,2012-12-22
2012,12,22,3,13.0,2012-12-22
2012,12,22,4,22.0,2012-12-22
2012,12,22,5,21.0,2012-12-22
2012,12,22,6,19.0,2012-12-22
2012,12,22,7,25.0,2012-12-22
2012,12,22,8,31.0,2012-12-22
2012,12,22,9,23.0,2012-12-22
2012,12,22,10,22.0,2012-12-22
2012,12,22,11,25.0,2012-12-22
2012,12,22,12,36.0,2012-12-22
2012,12,22,13,38.0,2012-12-22
2012,12,22,14,32.0,2012-12-22
2012,12,22,15,32.0,2012-12-22
2012,12,22,16,34.0,2012-12-22
2012,12,22,17,33.0,2012-12-22
2012,12,22,18,30.0,2012-12-22
2012,12,22,19,23.0,2012-12-22
2012,12,22,20,24.0,2012-12-22
2012,12,22,21,21.0,2012-12-22
2012,12,22,22,15.0,2012-12-22
2012,12,22,23,12.0,2012-12-22
2012,12,23,0,12.0,2012-12-23
2012,12,23,1,10.0,2012-12-23
2012,12,23,2,15.0,2012-12-23
2012,12,23,3,13.0,2012-12-23
2012,12,23,4,9.0,2012-12-23
2012,12,23,5,12.0,2012-12-23
2012,12,23,6,13.5078125,2012-12-23
2012,12,23,7,15.015625,2012-12-23
2012,12,23,8,16.5234375,2012-12-23
2012,12,23,9,18.03125,2012-12-23
2012,12,23,10,19.5390625,2012-12-23
2012,12,23,11,21.046875,2012-12-23
2012,12,23,12,22.5546875,2012-12-23
2012,12,23,13,24.0625,2012-12-23
2012,12,23,14,25.5703125,2012-12-23
2012,12,23,15,27.078125,2012-12-23
2012,12,23,16,28.5859375,2012-12-23
2012,12,23,17,30.09375,2012-12-23
2012,12,23,18,31.6015625,2012-12-23
2012,12,23,19,33.109375,2012-12-23
2012,12,23,20,34.6171875,2012-12-23
2012,12,23,21,36.125,2012-12-23
2012,12,23,22,37.6328125,2012-12-23
2012,12,23,23,39.140625,2012-12-23
2012,12,24,0,40.6484375,2012-12-24
2012,12,24,1,42.15625,2012-12-24
2012,12,24,2,43.6640625,2012-12-24
2012,12,24,3,45.171875,2012-12-24
2012,12,24,4,46.6796875,2012-12-24
2012,12,24,5,48.1875,2012-12-24
2012,12,24,6,49.6953125,2012-12-24
2012,12,24,7,51.203125,2012-12-24
2012,12,24,8,52.7109375,2012-12-24
2012,12,24,9,54.21875,2012-12-24
2012,12,24,10,55.7265625,2012-12-24
2012,12,24,11,57.234375,2012-12-24
2012,12,24,12,58.7421875,2012-12-24
2012,12,24,13,60.25,2012-12-24
2012,12,24,14,61.7578125,2012-12-24
2012,12,24,15,63.265625,2012-12-24
2012,12,24,16,64.7734375,2012-12-24
2012,12,24,17,66.28125,2012-12-24
2012,12,24,18,67.7890625,2012-12-24
2012,12,24,19,69.296875,2012-12-24
2012,12,24,20,70.8046875,2012-12-24
2012,12,24,21,72.3125,2012-12-24
2012,12,24,22,73.8203125,2012-12-24
2012,12,24,23,75.328125,2012-12-24
2012,12,25,0,76.8359375,2012-12-25
2012,12,25,1,78.34375,2012-12-25
2012,12,25,2,79.8515625,2012-12-25
2012,12,25,3,81.359375,2012-12-25
2012,12,25,4,82.8671875,2012-12-25
2012,12,25,5,84.375,2012-12-25
2012,12,25,6,85.8828125,2012-12-25
2012,12,25,7,87.390625,2012-12-25
2012,12,25,8,88.8984375,2012-12-25
2012,12,25,9,90.40625,2012-12-25
2012,12,25,10,91.9140625,2012-12-25
2012,12,25,11,93.421875,2012-12-25
2012,12,25,12,94.9296875,2012-12-25
2012,12,25,13,96.4375,2012-12-25
2012,12,25,14,97.9453125,2012-12-25
2012,12,25,15,99.453125,2012-12-25
2012,12,25,16,100.9609375,2012-12-25
2012,12,25,17,102.46875,2012-12-25
2012,12,25,18,103.9765625,2012-12-25
2012,12,25,19,105.484375,2012-12-25
2012,12,25,20,106.9921875,2012-12-25
2012,12,25,21,108.5,2012-12-25
2012,12,25,22,110.0078125,2012-12-25
2012,12,25,23,111.515625,2012-12-25
2012,12,26,0,113.0234375,2012-12-26
2012,12,26,1,114.53125,2012-12-26
2012,12,26,2,116.0390625,2012-12-26
2012,12,26,3,117.546875,2012-12-26
2012,12,26,4,119.0546875,2012-12-26
2012,12,26,5,120.5625,2012-12-26
2012,12,26,6,122.0703125,2012-12-26
2012,12,26,7,123.578125,2012-12-26
2012,12,26,8,125.0859375,2012-12-26
2012,12,26,9,126.59375,2012-12-26
2012,12,26,10,128.1015625,2012-12-26
2012,12,26,11,129.609375,2012-12-26
2012,12,26,12,131.1171875,2012-12-26
2012,12,26,13,132.625,2012-12-26
2012,12,26,14,134.1328125,2012-12-26
2012,12,26,15,135.640625,2012-12-26
2012,12,26,16,137.1484375,2012-12-26
2012,12,26,17,138.65625,2012-12-26
2012,12,26,18,140.1640625,2012-12-26
2012,12,26,19,141.671875,2012-12-26
2012,12,26,20,143.1796875,2012-12-26
2012,12,26,21,144.6875,2012-12-26
2012,12,26,22,146.1953125,2012-12-26
2012,12,26,23,147.703125,2012-12-26
2012,12,27,0,149.2109375,2012-12-27
2012,12,27,1,150.71875,2012-12-27
2012,12,27,2,152.2265625,2012-12-27
2012,12,27,3,153.734375,2012-12-27
2012,12,27,4,155.2421875,2012-12-27
2012,12,27,5,156.75,2012-12-27
2012,12,27,6,158.2578125,2012-12-27
2012,12,27,7,159.765625,2012-12-27
2012,12,27,8,161.2734375,2012-12-27
2012,12,27,9,162.78125,2012-12-27
2012,12,27,10,164.2890625,2012-12-27
2012,12,27,11,165.796875,2012-12-27
2012,12,27,12,167.3046875,2012-12-27
2012,12,27,13,168.8125,2012-12-27
2012,12,27,14,170.3203125,2012-12-27
2012,12,27,15,171.828125,2012-12-27
2012,12,27,16,173.3359375,2012-12-27
2012,12,27,17,174.84375,2012-12-27
2012,12,27,18,176.3515625,2012-12-27
2012,12,27,19,177.859375,2012-12-27
2012,12,27,20,179.3671875,2012-12-27
2012,12,27,21,180.875,2012-12-27
2012,12,27,22,182.3828125,2012-12-27
2012,12,27,23,183.890625,2012-12-27
2012,12,28,0,185.3984375,2012-12-28
2012,12,28,1,186.90625,2012-12-28
2012,12,28,2,188.4140625,2012-12-28
2012,12,28,3,189.921875,2012-12-28
2012,12,28,4,191.4296875,2012-12-28
2012,12,28,5,192.9375,2012-12-28
2012,12,28,6,194.4453125,2012-12-28
2012,12,28,7,195.953125,2012-12-28
2012,12,28,8,197.4609375,2012-12-28
2012,12,28,9,198.96875,2012-12-28
2012,12,28,10,200.4765625,2012-12-28
2012,12,28,11,201.984375,2012-12-28
2012,12,28,12,203.4921875,2012-12-28
2012,12,28,13,205.0,2012-12-28
2012,12,28,14,215.0,2012-12-28
2012,12,28,15,219.0,2012-12-28
2012,12,28,16,217.0,2012-12-28
2012,12,28,17,270.0,2012-12-28
2012,12,28,18,269.0,2012-12-28
2012,12,28,19,254.0,2012-12-28
2012,12,28,20,241.0,2012-12-28
2012,12,28,21,191.0,2012-12-28
2012,12,28,22,249.0,2012-12-28
2012,12,28,23,288.0,2012-12-28
2012,12,29,0,284.0,2012-12-29
2012,12,29,1,248.0,2012-12-29
2012,12,29,2,164.0,2012-12-29
2012,12,29,3,71.0,2012-12-29
2012,12,29,4,16.0,2012-12-29
2012,12,29,5,15.0,2012-12-29
2012,12,29,6,14.0,2012-12-29
2012,12,29,7,16.0,2012-12-29
2012,12,29,8,16.0,2012-12-29
2012,12,29,9,16.0,2012-12-29
2012,12,29,10,17.0,2012-12-29
2012,12,29,11,17.0,2012-12-29
2012,12,29,12,16.0,2012-12-29
2012,12,29,13,15.0,2012-12-29
2012,12,29,14,13.0,2012-12-29
2012,12,29,15,12.0,2012-12-29
2012,12,29,16,11.0,2012-12-29
2012,12,29,17,8.0,2012-12-29
2012,12,29,18,20.0,2012-12-29
2012,12,29,19,14.0,2012-12-29
2012,12,29,20,18.0,2012-12-29
2012,12,29,21,15.0,2012-12-29
2012,12,29,22,13.0,2012-12-29
2012,12,29,23,12.0,2012-12-29
2012,12,30,0,9.0,2012-12-30
2012,12,30,1,11.0,2012-12-30
2012,12,30,2,11.0,2012-12-30
2012,12,30,3,16.0,2012-12-30
2012,12,30,4,11.0,2012-12-30
2012,12,30,5,11.0,2012-12-30
2012,12,30,6,14.0,2012-12-30
2012,12,30,7,14.0,2012-12-30
2012,12,30,8,18.0,2012-12-30
2012,12,30,9,18.0,2012-12-30
2012,12,30,10,16.0,2012-12-30
2012,12,30,11,17.0,2012-12-30
2012,12,30,12,16.0,2012-12-30
2012,12,30,13,16.0,2012-12-30
2012,12,30,14,17.0,2012-12-30
2012,12,30,15,16.0,2012-12-30
2012,12,30,16,16.0,2012-12-30
2012,12,30,17,13.0,2012-12-30
2012,12,30,18,11.0,2012-12-30
2012,12,30,19,19.0,2012-12-30
2012,12,30,20,19.0,2012-12-30
2012,12,30,21,23.0,2012-12-30
2012,12,30,22,26.0,2012-12-30
2012,12,30,23,82.0,2012-12-30
2012,12,31,0,97.0,2012-12-31
2012,12,31,1,95.0,2012-12-31
2012,12,31,2,131.0,2012-12-31
2012,12,31,3,147.0,2012-12-31
2012,12,31,4,153.0,2012-12-31
2012,12,31,5,109.0,2012-12-31
2012,12,31,6,71.0,2012-12-31
2012,12,31,7,65.0,2012-12-31
2012,12,31,8,56.0,2012-12-31
2012,12,31,9,52.0,2012-12-31
2012,12,31,10,53.0,2012-12-31
2012,12,31,11,51.0,2012-12-31
2012,12,31,12,73.0,2012-12-31
2012,12,31,13,90.0,2012-12-31
2012,12,31,14,87.0,2012-12-31
2012,12,31,15,87.0,2012-12-31
2012,12,31,16,54.0,2012-12-31
2012,12,31,17,78.0,2012-12-31
2012,12,31,18,103.0,2012-12-31
2012,12,31,19,104.0,2012-12-31
2012,12,31,20,131.0,2012-12-31
2012,12,31,21,113.0,2012-12-31
2012,12,31,22,45.0,2012-12-31
2012,12,31,23,39.0,2012-12-31
