customer_id,age,balance,campaign,y
3777,40,580,1,no
9929,47,3644,2,no
33410,25,538,1,no
31886,42,1773,1,no
15739,56,217,2,no
30814,28,1134,3,no
35464,24,1085,6,no
31383,37,127,4,no
16905,30,3,1,no
11931,38,258,2,no
34146,33,498,1,yes
37829,48,65,1,no
1867,30,18,1,no
31272,31,883,2,yes
30575,30,640,4,no
41829,30,536,1,yes
37182,35,247,1,no
39043,31,518,1,no
5549,46,0,3,no
34198,33,5437,1,yes
26192,49,-478,1,no
35079,35,991,3,yes
34620,43,-755,1,no
6428,44,-239,3,no
27378,33,3017,3,no
2730,33,184,4,no
40983,23,431,2,yes
19152,47,699,1,no
18901,60,914,1,no
2056,51,7816,2,no
25354,56,728,2,no
25610,59,3428,1,no
23727,49,223,22,no
19139,49,2254,1,no
24803,56,589,1,no
21888,38,79,2,no
1115,46,78,1,no
14447,58,409,2,no
5140,36,352,2,no
37864,29,-312,2,no
29031,39,1044,1,no
19712,36,227,4,no
24089,37,1967,1,yes
34785,44,650,2,no
36956,34,1309,2,no
1378,51,115,1,no
44124,27,337,1,yes
3945,49,874,2,no
43709,65,679,2,no
9605,36,8114,1,no
29261,32,453,1,no
34714,56,0,2,no
16658,28,258,1,no
14922,59,2540,5,no
12342,28,196,7,no
29676,33,14889,3,no
13254,44,0,2,no
11332,39,1340,2,no
39775,33,1323,1,yes
11840,60,4722,3,no
44107,34,267,2,yes
1645,33,60,1,no
22856,39,355,5,no
5848,31,-452,5,no
12575,38,93,2,no
26529,32,10142,1,no
298,24,82,2,no
35980,40,1270,2,no
14957,47,80,5,no
36271,37,-17,2,no
29717,57,113,2,no
3026,44,447,5,no
38858,31,-348,1,no
31165,29,238,1,no
1471,60,7601,1,no
36554,55,-14,4,no
10461,50,210,2,no
17399,26,1163,4,no
40430,28,492,1,no
16619,41,2661,1,no
5,33,1,1,no
647,37,123,2,no
9135,53,104,1,yes
25090,45,-312,4,no
42355,61,2282,1,no
28093,48,375,3,no
39911,29,1165,1,yes
23892,34,91,4,no
9206,35,188,2,yes
9732,43,861,1,no
32547,30,249,1,no
23314,58,413,5,no
23375,54,204,5,no
5569,27,1492,13,no
40784,45,3857,2,no
21750,50,329,4,no
899,49,326,2,no
34227,28,1984,2,no
40893,34,256,2,no
315,33,193,2,no
17664,36,-129,3,no
8511,27,691,2,no
8455,40,1734,4,no
29582,34,563,2,no
10160,47,303,1,no
2944,40,1313,1,no
32271,56,6483,2,no
19767,60,73,2,yes
1001,47,0,1,no
13400,54,4816,1,no
15332,31,117,1,no
40500,52,37,1,no
44584,24,431,11,yes
13927,30,5,5,yes
36116,46,-339,2,no
2136,45,171,1,no
39958,40,595,2,yes
37748,32,684,3,yes
17299,26,4,2,no
43552,35,0,3,no
30040,53,230,2,no
23059,49,108,6,no
20161,52,0,4,no
21747,41,15302,4,no
3790,57,4168,1,no
10895,51,48,1,no
36127,31,166,1,no
26361,36,11675,1,no
13315,35,329,3,no
21248,49,154,15,no
31943,35,7962,2,no
37570,31,466,1,no
37721,37,969,2,no
42928,32,2976,1,yes
9142,41,4320,2,no
4327,30,880,6,yes
30916,36,1245,7,no
30137,33,315,3,yes
33282,51,1153,5,no
23836,32,0,2,no
31471,40,442,1,no
21621,43,483,6,yes
4036,34,695,4,yes
10424,40,84,7,no
44540,51,2007,3,yes
40437,58,0,2,yes
26398,47,1315,4,yes
14166,52,698,2,no
8250,53,6525,3,no
5523,32,736,3,no
13890,32,0,1,no
41150,49,9131,1,yes
35927,57,13,2,no
44710,38,14352,1,no
36598,32,-410,3,no
34205,20,292,1,no
30857,32,298,4,no
19634,33,3915,4,no
42909,30,145,3,no
10689,37,264,1,no
17050,34,0,3,no
3618,32,289,12,no
29184,36,82,1,no
17100,49,560,3,no
23343,49,410,7,no
2625,53,887,2,no
40497,53,6649,1,no
44502,56,3450,1,yes
12423,50,3988,4,no
29254,31,1,6,no
43945,75,962,1,no
41529,34,158,2,yes
17816,56,-82,6,no
28327,56,545,1,no
39158,44,59,4,no
4520,38,434,1,no
30170,51,300,6,no
9921,42,1206,4,no
30949,37,784,3,no
7071,26,245,2,no
27996,43,1035,1,no
8091,31,1475,1,no
43014,36,341,2,yes
42270,46,2671,3,no
43980,27,6791,5,no
24047,37,199,1,no
16469,36,699,1,no
14010,27,-23,4,no
31683,41,2185,4,no
24940,44,318,2,no
20399,32,715,1,no
31623,24,1684,4,no
9539,60,10285,2,no
843,31,147,1,no
17055,57,909,2,no
26209,34,3043,1,yes
16923,31,430,16,no
13989,46,1,7,no
27235,44,4119,1,yes
22406,35,-126,2,no
14450,30,-287,3,no
15001,37,1142,2,no
33219,42,72,2,no
38865,33,-52,1,no
23418,50,238,5,no
17667,41,261,15,no
7871,41,8238,4,no
28590,45,-407,2,no
23735,30,3,6,no
42222,53,1624,3,yes
38411,29,80,5,no
23891,37,-9,2,no
10037,35,0,4,no
37323,59,-91,1,no
13562,39,3324,1,no
37302,51,42,2,no
43056,34,2159,1,yes
12267,33,350,5,no
25790,52,3990,1,no
38504,30,1761,2,no
33845,42,784,3,no
44416,80,2354,2,no
43517,25,722,2,yes
4242,41,713,1,no
17404,35,-631,3,no
31962,52,8180,1,no
38177,37,949,1,no
9138,54,1327,2,no
34481,36,767,1,no
14836,26,166,2,no
35252,41,5907,1,no
20398,52,989,1,no
9038,44,382,1,no
14506,48,339,4,no
36167,45,-72,1,no
27855,53,529,1,no
24720,56,97,1,no
33527,48,3531,2,no
16508,26,5829,2,no
10260,51,2995,2,no
14881,25,158,2,no
42164,54,0,5,yes
30260,42,1628,1,no
21287,48,0,3,no
44913,28,390,1,yes
37496,55,1279,3,no
7853,32,1484,7,no
29580,48,312,2,no
43566,61,1058,3,yes
35450,38,0,1,no
18900,33,116,1,no
41639,61,3371,2,yes
29622,36,618,2,no
30897,27,1918,1,no
24852,46,4301,1,no
5505,34,4053,2,no
40612,61,569,1,yes
12442,49,2062,4,no
34408,30,1320,3,no
44218,30,1268,4,no
14577,51,509,4,no
43739,73,2850,2,no
19639,40,192,2,no
23051,32,-55,4,no
3489,48,680,4,no
30228,33,1410,1,no
41019,50,0,1,no
28069,54,922,2,no
14488,33,1114,3,no
29841,37,655,6,no
673,49,1,3,no
8148,32,10,2,no
40108,27,827,1,no
42297,27,535,1,yes
21665,45,487,4,no
21014,47,2836,2,no
33742,64,679,3,no
41865,45,0,1,no
39190,33,865,2,no
26745,33,3514,2,no
3155,49,380,2,no
36400,53,248,2,no
17832,47,591,1,no
4450,36,380,1,no
7673,38,175,1,no
29163,59,410,1,no
28109,33,3770,2,no
29761,46,1342,1,no
37232,54,-119,1,no
5865,51,53,2,no
29831,52,732,1,no
23616,43,3327,19,no
12258,55,77,2,no
1279,45,85,1,no
29570,38,384,1,no
42726,27,689,1,no
33480,64,571,2,yes
38063,33,-14,2,no
29651,37,1050,3,no
5894,38,504,3,no
13151,54,3,1,no
3715,26,246,3,yes
39217,31,-241,2,no
35708,51,74,2,no
31303,27,464,1,no
43172,57,79,1,no
34293,35,17,4,no
18957,52,7192,1,yes
20269,39,11835,2,yes
5708,29,149,4,no
19206,61,77,4,yes
4304,28,422,2,no
7681,35,2205,3,no
25194,57,1357,2,no
38868,41,4903,1,no
6134,26,3160,1,no
6294,34,88,2,no
24890,51,108,2,no
21799,42,7,7,no
15522,28,305,1,no
32013,32,410,1,no
40498,40,431,2,yes
7782,41,783,2,no
17438,36,-342,3,no
10164,38,8637,1,no
11839,29,908,1,yes
27139,37,0,1,no
2060,39,507,7,no
44622,36,671,1,no
17701,50,1688,2,no
2711,57,515,2,no
13739,35,725,1,no
22955,31,7005,4,no
7912,40,303,6,no
42806,34,5878,7,no
28492,51,1270,3,no
8376,37,1125,1,no
36913,37,1193,2,no
11659,50,-141,2,no
24168,33,206,1,no
14519,42,324,3,no
20799,31,363,2,no
38903,23,250,1,no
34432,45,4758,5,no
18553,36,4359,6,no
16251,49,273,1,no
28995,44,0,1,yes
35156,25,10,1,no
34558,36,668,1,no
39915,24,228,1,no
32238,42,244,1,no
10265,47,0,3,no
6179,34,-294,2,no
8579,30,1476,4,no
36389,38,422,3,no
22873,40,34,4,no
34257,34,2187,5,no
21490,47,0,2,no
44526,35,920,2,no
10963,46,120,4,no
31268,29,873,2,no
30590,38,648,2,no
13178,45,854,1,yes
15790,50,230,2,no
21090,44,882,4,no
28878,51,17418,2,no
16811,26,199,6,no
27645,48,7825,5,no
10431,37,18,2,no
23410,30,4,3,no
26379,56,401,1,no
20916,44,3321,3,no
1445,32,289,4,no
27657,50,6825,9,no
41179,47,80,2,no
13996,54,89,3,no
20581,54,1849,4,no
7990,53,256,1,no
6494,34,544,2,no
17650,56,934,2,no
33376,40,576,3,no
32615,36,543,1,no
31000,32,316,4,no
10743,45,1847,5,no
4730,34,0,12,no
2186,49,5028,1,no
5056,30,1289,2,yes
36332,34,213,1,no
16595,38,0,1,no
22826,47,157,8,no
28064,47,644,3,no
15972,32,259,4,no
11620,41,246,3,yes
32077,29,731,3,yes
21921,32,169,2,no
39809,50,85,1,no
9737,47,2383,1,no
21432,47,665,3,no
39424,36,953,1,no
38449,34,4062,1,no
26080,37,0,3,no
5727,46,0,2,no
37766,47,1934,1,no
24694,48,1036,2,no
9688,42,480,12,no
13746,50,-677,1,no
24672,41,3018,2,no
18357,36,462,2,no
34761,45,1558,1,no
21113,33,3255,4,no
37855,46,130,1,no
15954,40,121,1,no
9622,60,130,1,no
12734,38,2220,2,no
32262,24,525,1,no
3244,41,1563,1,no
39220,29,101,2,no
17129,40,96,14,no
23739,36,918,8,no
27783,37,57,1,no
38613,36,49,2,no
33246,33,15341,1,no
31250,68,1316,5,no
11484,47,823,3,no
1389,59,381,4,no
28729,29,196,2,yes
25509,53,255,1,no
29383,65,1343,2,no
43775,25,1179,2,no
9903,52,537,1,no
16676,50,26,4,no
20043,46,4,4,yes
32611,43,214,2,no
16781,41,3096,6,no
2111,26,124,8,no
14065,55,5,2,no
22368,56,415,2,no
42955,18,108,1,yes
43020,41,27696,2,yes
31253,48,606,6,no
40188,54,1510,2,no
33695,57,6900,2,no
10344,50,490,1,no
41268,45,8564,1,no
14833,39,597,6,yes
3556,43,778,5,no
25012,56,15520,1,no
42448,50,10250,3,yes
9059,51,0,1,no
10492,40,60,6,no
37919,40,573,1,no
7679,39,4660,2,no
35452,36,243,2,no
13589,35,670,1,no
39321,40,198,5,no
3924,50,318,2,no
15517,54,338,5,no
29854,29,1441,2,yes
32962,35,443,2,no
854,38,376,1,no
12142,39,32,10,no
43701,48,1230,2,yes
21566,39,61,2,no
27969,32,1694,1,no
7361,48,256,4,no
19453,39,94,2,no
885,37,45,1,no
26904,53,5558,6,no
21094,59,46,2,no
17963,37,241,25,no
17209,38,465,3,no
44981,32,1229,1,no
17769,36,686,2,no
5924,56,74,2,no
34204,39,140,5,no
41895,30,7529,1,yes
31971,31,1716,2,no
6395,40,-666,2,no
30071,29,0,2,no
43065,48,660,1,yes
3932,24,770,1,no
33885,36,1291,1,yes
430,40,217,1,no
32404,39,2366,3,no
23455,41,2676,4,no
15376,29,-133,1,no
13434,36,281,2,no
44050,21,2488,6,yes
28241,48,1496,2,no
34949,32,552,2,no
43895,39,276,2,yes
6704,46,-363,1,no
1122,49,51,1,no
41034,33,1737,2,no
9271,42,1189,3,no
24186,57,5270,1,no
16085,26,141,1,no
18715,46,499,10,no
10407,56,2190,1,no
1704,26,187,1,no
4544,37,2042,1,no
44759,28,1595,1,no
40880,59,116,4,yes
20611,57,0,4,no
44688,52,1708,1,yes
44892,55,0,6,yes
15130,43,3530,1,no
9738,44,31,1,no
29122,34,1873,1,no
27467,40,40,1,no
14278,28,36,3,no
28158,37,4769,1,no
39776,45,2552,1,yes
28386,39,1099,2,no
9399,58,1657,2,no
2112,34,381,1,no
11000,36,758,2,no
26954,54,43,1,no
2886,33,164,1,no
10928,43,104,1,no
25073,43,103,1,no
26004,46,111,3,no
950,35,1855,1,no
25135,32,453,2,no
36402,36,1473,2,no
16175,34,184,4,no
10874,50,766,2,no
27443,37,2120,4,no
22824,33,-886,6,no
27546,31,477,5,no
34589,35,121,5,no
10576,54,853,5,no
17229,43,-236,7,yes
9026,59,0,1,yes
33554,46,588,3,no
6758,32,514,2,no
7610,29,396,2,no
44162,25,160,1,no
21545,34,72,2,no
37758,28,1027,1,no
35683,34,5945,1,no
18860,48,2262,1,no
44391,34,0,1,yes
565,59,0,1,no
33941,60,89,2,no
2192,56,13,2,no
38609,31,168,3,no
39203,27,259,2,no
13942,29,795,2,no
21586,55,2537,5,no
31618,34,2729,1,no
38466,39,2288,1,no
28765,55,3982,1,no
11239,44,4330,9,no
18315,35,1694,6,no
400,47,206,1,no
4504,42,2416,4,no
43888,59,101,1,no
37248,34,76,2,yes
2645,47,449,4,no
34301,31,0,2,no
7337,35,869,1,no
29896,32,678,1,yes
20480,37,353,2,no
25607,33,2441,1,no
2361,29,125,1,no
8778,21,-59,1,no
9502,49,630,2,no
44189,47,3676,2,yes
4278,31,19,5,no
20284,59,108,4,no
16338,27,197,1,no
3435,25,468,1,no
45124,49,308,2,no
2875,41,1654,1,no
42212,35,612,1,no
14314,46,2273,3,no
43185,51,0,2,yes
11035,55,913,5,no
1233,42,0,2,no
18397,47,3936,2,no
41615,37,1000,1,yes
6943,35,3,5,no
36721,51,42,2,no
14774,45,1293,3,no
28618,39,4023,2,no
5842,30,764,2,no
14239,35,0,2,no
24207,49,8648,1,no
30142,30,313,2,yes
6624,28,9779,2,no
20293,41,134,4,no
16215,36,119,8,no
4244,54,887,1,no
44105,29,1992,1,no
43179,27,1075,1,yes
45180,34,1026,1,no
39824,52,-528,2,yes
28521,29,266,2,no
36951,38,12130,2,no
30813,55,274,5,no
9226,41,20,1,no
9912,57,0,2,no
19264,46,765,2,no
40031,41,1076,2,no
31378,32,376,4,yes
20936,37,455,6,yes
13578,44,0,1,no
16471,28,153,2,yes
27437,49,22520,9,yes
31975,43,2355,3,no
38238,22,-51,1,yes
11853,40,0,4,no
32109,37,381,2,no
31701,46,138,2,no
10666,57,145,4,no
20420,35,482,2,no
30163,45,572,6,no
39511,43,1612,2,yes
2583,33,304,2,no
35832,32,356,3,no
13760,30,167,1,yes
24340,46,2348,1,no
8407,21,2062,1,no
39716,55,1872,3,no
27218,42,2095,3,no
14681,54,4104,8,no
11754,44,-254,1,no
32897,29,602,2,no
33487,33,328,1,no
26566,38,1110,2,yes
24947,51,131,1,no
34673,35,67,2,no
35878,43,361,2,no
36355,34,148,2,no
35794,39,444,2,no
21017,47,3681,2,no
26406,31,5607,2,no
20784,50,0,2,no
41392,27,1596,1,yes
35813,46,0,2,no
5035,34,4499,1,yes
25866,35,16,1,no
22787,33,291,6,no
455,34,270,1,no
44576,27,535,3,yes
11450,45,351,1,no
23013,47,414,2,no
33396,43,85,3,no
5577,38,372,3,no
15810,56,672,9,no
23842,33,-708,2,no
3264,58,5618,1,no
9546,31,2296,8,no
21630,30,0,2,no
1737,37,-271,1,no
26051,33,923,3,no
25573,34,1897,1,no
13947,58,201,5,no
7657,54,154,12,no
24524,53,2289,1,no
24684,44,0,3,no
41938,68,2144,1,yes
43722,29,1374,2,yes
26318,43,13620,1,no
5988,33,168,2,no
1132,48,5,2,no
6430,28,13186,2,no
10654,59,1085,1,no
37920,31,953,1,yes
36121,55,719,6,no
15640,27,1372,1,no
42229,36,3623,1,yes
8629,45,1893,6,yes
45056,42,1519,1,yes
9481,56,1059,2,no
29181,45,474,4,no
20700,60,878,2,no
6309,42,3052,1,no
40135,33,0,1,no
16841,52,121,2,no
12352,55,6207,5,no
14270,55,225,2,no
17543,46,931,5,no
28945,35,495,1,no
13095,29,7,1,no
10477,36,658,3,no
10964,41,1483,4,no
32055,32,1287,2,no
12794,46,967,3,no
40087,31,6,4,yes
27319,39,20932,2,no
27339,38,1,5,no
15801,43,0,1,no
217,47,28,2,no
24180,57,3585,1,yes
24627,48,-478,5,no
22591,59,6264,16,no
18958,49,1122,1,no
24555,58,3111,1,no
21600,33,801,4,no
22717,30,175,4,no
12224,46,2115,3,no
13745,49,360,1,no
17599,49,1697,4,no
42008,44,5063,2,yes
6015,35,1209,3,no
7893,40,3693,10,no
35208,34,1495,1,no
3419,60,132,1,no
27867,43,284,1,no
11906,45,5163,2,no
27035,47,641,3,no
23594,44,134,4,no
14830,44,1265,1,yes
6320,60,1626,2,no
31921,20,1819,3,yes
24024,51,-27,4,no
3397,47,3008,3,no
36550,43,703,1,no
26852,45,816,3,no
43067,35,681,1,yes
5565,30,9194,2,no
19296,58,1191,2,no
16295,47,4386,1,no
41054,63,4833,1,no
13582,31,418,1,no
1220,48,96,1,no
13432,34,-154,1,no
44309,41,2579,1,no
35808,49,95,1,no
17225,32,163,3,no
20939,38,120,4,no
15786,34,0,3,no
16034,37,54,2,no
11501,46,2441,2,no
18497,41,0,14,no
40226,52,437,3,no
25338,32,491,3,no
39579,60,4,3,no
3716,53,76,1,no
40494,29,4331,1,no
39943,35,1354,2,yes
3786,47,380,6,no
8359,54,2423,4,no
39788,25,938,1,yes
41419,62,0,1,yes
32148,41,217,2,no
29224,32,141,2,no
44101,70,4572,11,no
9063,37,144,2,no
40273,58,1077,1,no
5880,30,187,6,no
7192,45,3354,1,yes
4230,29,103,1,no
40754,59,1425,2,no
22263,57,0,5,no
28898,33,1859,4,no
29074,60,553,1,no
25754,51,94,3,no
39478,49,972,2,no
13313,54,8,2,no
16613,51,-238,1,no
14927,51,1927,4,no
7541,60,1226,3,no
17931,29,3615,3,no
36786,42,257,2,yes
23080,56,0,8,no
22831,30,4874,10,no
4786,36,393,1,no
36692,33,335,2,no
27204,41,832,1,no
20827,38,227,4,no
13826,28,72,4,no
2464,51,193,3,no
26278,49,20727,2,no
19012,55,11655,1,no
11260,43,5233,2,no
232,31,388,2,no
40960,32,1388,1,no
24760,42,879,1,no
8892,25,-507,2,no
23723,31,0,31,no
39491,38,93,1,no
9566,54,6020,1,no
29283,31,1017,1,no
8664,58,50,4,no
35165,33,490,1,no
35297,46,1363,4,no
20931,30,631,3,no
18875,45,15515,2,no
28446,49,87,1,no
27039,59,2011,2,no
40261,52,1306,1,yes
30396,44,320,3,no
35799,34,136,2,no
34955,25,-121,2,no
22600,37,49,1,no
13302,40,1011,12,no
5200,36,-402,6,no
12230,25,3856,28,no
9890,45,900,1,no
24709,51,12,1,no
3844,52,36,1,no
41246,29,265,2,yes
10278,31,1094,8,no
34380,27,88,1,no
26058,53,2578,4,no
24455,42,179,1,no
22813,35,0,6,no
43289,33,1,4,no
24464,32,0,2,no
7752,36,740,2,no
7442,47,0,2,no
16133,42,33,5,no
14659,43,1,2,no
26675,46,2087,3,yes
5206,27,259,10,no
44700,33,1126,1,no
13932,58,0,7,no
4832,28,135,1,no
25183,34,20,2,no
2617,42,299,2,no
28346,28,1391,2,no
24685,36,0,2,no
19892,34,63,2,no
26619,35,725,7,no
11106,52,262,4,no
10640,53,4641,2,no
25755,58,630,1,no
33393,37,1498,1,no
8722,38,342,1,no
12076,47,480,6,no
18368,32,29,24,no
18895,36,0,1,yes
7034,28,1238,2,no
7432,31,524,2,no
12217,45,3492,4,no
10475,37,1,2,no
20553,37,117,4,no
8781,30,773,1,no
31001,32,19985,5,no
28560,37,6,2,no
16339,30,0,5,no
34731,37,5436,11,no
4833,36,5024,1,no
15945,25,38,5,no
2515,29,309,1,no
27869,35,-17,1,no
8903,32,880,1,no
10937,40,1603,1,no
9667,47,389,2,no
10781,50,1098,1,no
33555,43,-287,4,no
29980,33,237,2,no
41525,82,0,5,no
38889,24,258,1,no
11735,45,4994,1,no
7545,37,864,1,no
23069,35,841,6,no
33139,33,217,1,no
37253,38,1137,1,no
21191,57,1969,3,no
9686,51,126,1,no
44232,32,762,11,yes
7564,50,11528,1,no
3940,51,349,3,no
36693,51,518,1,yes
10882,39,2043,1,no
14101,58,100,2,no
3054,42,1288,1,no
40655,37,0,5,no
29388,35,0,2,no
1108,43,487,2,no
24005,37,449,4,no
13385,57,950,1,no
24639,40,1029,2,no
37499,39,0,3,no
10230,45,116,3,no
45078,20,88,1,no
15595,25,895,3,no
26390,35,5304,1,no
42850,44,1818,1,yes
41318,43,1612,2,no
11129,36,1707,2,no
33590,32,0,2,no
14190,46,830,2,no
26731,43,3311,2,no
24574,52,1818,2,no
2731,44,633,1,no
11643,41,4178,2,no
355,59,27,3,no
30222,26,1527,1,no
21681,34,-292,6,no
37370,57,649,2,no
6754,52,310,4,no
41234,27,377,3,no
17511,32,882,8,no
34023,33,1431,1,no
30696,55,8104,2,no
36037,60,-396,1,no
25691,41,1491,2,no
30166,33,165,3,no
19688,33,5,1,no
2792,55,7378,3,no
33781,76,1780,3,yes
43188,37,1027,1,yes
38852,43,714,6,no
22930,52,1401,8,no
14742,44,764,5,no
23900,47,310,2,no
5267,33,463,1,no
3427,54,190,2,no
43418,50,82,1,yes
23797,41,1026,6,no
12738,42,0,2,no
44229,42,1519,1,yes
22654,50,135,4,no
6246,51,0,5,no
4570,48,432,2,no
24349,51,518,1,no
12643,30,218,2,no
19368,48,2054,2,no
21002,35,1189,2,no
33834,54,276,1,no
25911,48,0,4,no
14705,36,297,5,no
891,29,872,1,no
40597,46,2196,5,yes
32974,33,90,2,no
32913,29,3432,2,no
20538,33,1399,4,no
20280,31,498,2,no
12242,44,2657,2,no
44606,23,377,1,no
36779,44,1380,1,no
14977,38,0,8,no
1176,39,125,1,no
25627,55,1983,1,no
30340,26,440,1,no
502,32,-170,1,no
25220,40,2141,3,no
5908,24,-256,2,no
23348,55,120,3,no
32316,48,543,1,no
6133,39,214,11,no
34477,42,151,3,no
2270,32,1466,2,no
40422,42,2959,1,yes
25586,41,80,1,no
8878,28,-227,2,no
9392,38,8251,3,no
15259,35,20,3,no
31304,28,171,1,yes
7065,34,1386,6,no
28029,30,6,3,no
19510,39,1572,4,no
22187,39,564,4,no
21198,32,1473,7,no
38330,29,-24,1,no
12929,31,-513,1,no
37723,28,3,2,no
4385,31,0,1,no
36589,33,12,1,no
17364,52,475,3,no
7440,45,5244,16,no
17625,59,1525,2,no
44299,33,2297,1,yes
39760,46,3280,1,no
33382,32,3052,3,no
18219,33,321,10,no
2953,42,505,2,no
22620,30,0,2,no
5371,26,1570,1,no
35534,42,356,3,yes
10756,35,333,5,no
34599,41,169,1,no
33254,28,232,1,no
12485,40,-27,1,no
21983,55,51,2,no
39127,35,3302,3,no
16360,38,246,8,no
42466,35,13658,2,no
26934,54,2237,5,no
145,59,57,1,no
38324,38,1270,1,no
42220,33,1076,1,yes
18327,50,1518,2,no
17397,49,-165,3,no
22812,33,6,4,no
14336,34,313,3,no
2528,28,416,2,no
27142,35,1354,6,no
1490,34,129,2,no
9528,28,3430,6,no
7221,51,2402,1,no
31045,41,1066,3,yes
36080,37,0,2,no
24338,58,4962,1,no
12556,40,1155,1,no
22808,34,43,8,no
25415,31,1164,2,no
41103,70,15265,2,no
25631,50,1580,3,no
25479,30,314,2,no
12054,45,1577,4,no
20929,36,396,5,no
30084,31,449,4,no
7156,51,2237,1,no
41120,36,953,1,no
5041,28,722,1,no
30607,35,3,1,no
17488,44,251,3,no
36768,33,1240,1,yes
17704,57,1301,2,no
13175,33,37,1,yes
32066,24,448,1,yes
29945,22,897,4,yes
20971,53,427,4,no
24716,46,0,1,no
9793,39,633,1,no
29036,54,306,1,no
5043,30,702,1,no
11236,53,517,2,no
7744,43,25741,2,no
31526,58,1,1,no
25154,48,3008,1,no
11648,37,2685,2,no
3212,47,107,1,no
21724,47,266,1,no
4153,28,836,1,no
43974,43,774,1,yes
29178,40,683,2,no
27588,35,5,3,no
37897,37,-42,2,yes
38627,47,537,3,no
8038,29,144,3,no
14831,28,105,1,no
28605,31,519,2,no
16400,26,127,3,no
18598,55,804,5,no
26764,45,3559,1,no
2082,43,16,4,no
6848,34,7,2,no
2386,42,135,6,no
9415,35,116,1,no
812,45,-139,3,no
41386,63,2287,1,no
12164,42,525,6,no
22499,38,656,7,no
174,35,434,1,no
22976,31,-231,2,no
4449,32,364,1,no
28612,57,77,3,no
2266,33,4128,6,no
9087,55,0,1,no
8845,27,881,3,no
8410,35,182,1,no
32065,75,105,1,no
15622,35,1582,1,no
20687,32,3095,10,no
17738,54,1044,5,no
10690,40,4075,3,no
44585,32,14,3,no
8189,34,264,2,no
31436,32,1613,2,no
13609,26,1101,1,no
4414,32,137,12,no
27111,39,694,1,no
20847,40,862,2,no
39459,26,567,1,yes
11903,58,741,2,no
5103,36,20,14,no
3805,27,1742,1,yes
14002,37,1403,15,no
32156,41,2689,1,yes
9354,27,482,2,no
16180,31,-241,5,no
6203,36,1867,2,no
11011,52,2801,2,no
9049,60,443,1,no
20785,34,2658,2,no
27228,58,289,2,no
13671,41,74,4,no
39813,53,2851,1,no
8203,32,381,2,no
33996,55,3567,1,no
16530,27,1,4,no
22740,49,905,4,no
33819,37,3913,1,yes
44249,24,1055,1,no
32427,42,611,2,no
43529,31,410,1,yes
7892,42,1958,3,no
6205,39,34,1,no
26836,32,5252,2,no
40058,36,352,2,no
31903,48,3186,1,no
44489,32,859,1,no
25948,36,2622,1,no
16578,59,319,1,no
30804,22,0,6,yes
36748,37,42,3,no
40846,70,4290,2,no
23021,33,0,2,no
30883,47,870,7,no
5117,33,946,2,no
19917,51,700,4,no
20897,30,309,1,no
30230,27,592,3,no
12148,56,361,7,no
36462,56,141,2,no
32489,54,105,1,no
43836,55,1212,1,no
17729,36,2017,18,no
14000,33,109,3,no
16915,44,237,1,no
7683,36,287,3,no
117,41,351,1,no
21092,46,1516,4,no
18666,32,127,3,no
14544,43,860,5,no
8436,47,-127,3,no
16983,37,589,2,no
1877,35,1510,1,no
14030,28,455,1,no
36289,58,1301,1,no
39381,30,877,2,no
6916,60,170,2,no
15626,37,862,2,no
16826,59,0,3,no
40490,31,1032,1,yes
22681,55,467,5,no
40692,59,0,2,no
16331,31,0,1,no
11190,46,179,1,no
12801,29,0,1,no
33445,38,28,3,no
43206,34,242,2,no
7206,32,537,3,no
33184,51,4,5,no
32833,52,340,1,no
10839,48,335,3,no
32772,39,315,4,no
12155,58,1231,3,no
27838,52,98,1,no
9549,38,3577,2,no
8146,30,809,2,no
7268,36,235,9,no
37982,47,275,3,no
2349,34,3185,1,no
43472,23,107,5,yes
38912,27,30,1,no
32250,35,1063,1,no
20985,43,1819,2,no
12834,29,161,1,no
2099,31,2963,1,no
38701,42,686,6,no
28859,32,365,3,no
26962,47,0,1,yes
39789,53,284,1,yes
37048,35,0,1,yes
3461,27,431,2,no
32622,32,782,1,no
15823,47,2105,1,no
1632,44,1059,1,no
35216,32,69,1,no
27266,34,1375,1,no
17875,56,2975,13,no
6924,34,504,2,no
37337,33,863,3,yes
11837,53,3975,2,no
8322,48,235,4,no
34450,30,0,1,no
44133,66,53,4,yes
24148,23,40,1,no
17532,45,9,2,no
37518,44,4837,3,no
22200,37,31,4,no
26125,34,1036,7,no
41422,46,1950,2,no
21406,48,583,8,no
36054,38,741,1,no
11365,41,7509,1,no
11119,38,2289,5,no
35576,58,229,7,no
26734,45,1273,2,no
28430,58,414,1,no
16296,50,778,1,no
6936,57,100,16,no
19689,35,15298,3,no
42464,71,91,6,no
13478,41,4488,1,no
7816,32,305,3,no
23159,31,526,13,no
20186,30,2123,2,no
3379,41,-306,1,yes
31042,19,0,3,no
840,36,0,2,no
18810,54,991,6,no
31030,57,2887,1,no
39979,31,882,1,yes
10127,36,2517,2,no
17003,36,612,2,no
29822,39,931,1,no
11743,54,2281,1,no
11551,37,796,1,no
28533,28,1861,2,no
3708,48,542,1,no
35739,46,842,1,yes
42020,61,89,1,no
344,50,1533,2,no
28164,31,50,1,no
34703,50,253,2,no
4194,42,2993,2,no
32338,30,26,1,no
24509,54,899,1,no
5936,40,104,2,no
37224,44,1311,1,no
4158,20,-172,3,no
20993,33,3623,2,no
35560,45,-106,3,yes
40851,27,5291,2,no
10997,47,726,3,no
12288,50,-253,1,no
11784,43,126,2,no
7309,35,5310,1,no
5937,32,-91,2,no
36659,49,666,1,no
20437,46,-880,2,no
12081,38,5,8,no
19705,41,3831,7,no
26239,34,3185,1,no
6218,29,2904,1,no
20236,60,-240,6,no
4247,40,3,1,no
16504,53,49,5,no
38137,27,500,6,no
18353,36,571,3,no
1139,37,374,3,no
25555,42,266,1,no
39237,59,47,3,no
42356,51,1216,1,no
31364,33,154,2,no
30410,33,406,1,no
37833,35,221,1,no
43894,80,8304,1,yes
6659,28,2921,1,no
35392,50,339,3,no
1711,59,181,1,no
23223,42,1,13,no
11369,46,1188,5,no
18174,60,921,15,no
17502,39,54,12,no
12672,48,1355,2,no
39138,26,-93,2,no
27640,34,714,4,no
3694,29,47,11,no
5599,35,178,2,no
16169,37,1396,2,no
20910,48,732,1,no
3620,54,1394,5,no
26645,59,17056,2,no
41691,61,2917,1,yes
6182,40,3087,1,no
28531,33,902,2,no
15364,29,1,3,no
19778,50,-98,2,no
12273,44,107,3,no
7218,44,6491,1,no
31612,42,473,1,no
22705,45,221,4,no
37763,57,0,9,no
3610,40,574,3,no
43162,47,66,1,no
37474,41,-664,4,no
41151,49,2209,1,no
41712,33,5437,1,yes
1488,34,103,2,no
20460,39,562,2,no
28024,44,237,2,no
40396,35,1254,2,no
18859,42,1619,1,no
26702,32,233,4,no
2495,46,580,1,no
6035,32,70,6,no
31421,47,649,2,no
15937,37,-252,3,no
28421,33,1279,1,no
23602,32,890,10,no
9888,47,533,1,no
1163,31,120,2,no
26553,30,9720,2,no
14669,35,313,1,no
40832,45,1435,1,no
12005,53,4601,4,no
17713,57,53,2,no
20259,46,8,6,no
19409,46,575,3,no
42160,42,603,5,no
27945,57,316,2,no
35747,49,1311,1,yes
16628,33,4,1,no
35342,46,-1034,1,no
40734,41,2226,2,yes
19622,55,173,2,no
11642,43,6835,2,no
477,50,964,1,no
27718,38,0,1,no
28104,30,800,2,no
41253,18,5,2,no
36428,37,555,3,no
32754,45,61,1,no
12679,33,4385,1,no
33338,39,1524,1,yes
42626,66,0,1,no
34506,26,6,1,no
18834,30,663,1,no
27736,29,805,1,no
11980,41,188,14,no
44195,42,1289,4,yes
26335,33,2945,1,no
13872,34,0,1,no
8123,33,109,4,no
31428,57,3858,1,no
33814,29,4328,8,no
36154,31,0,1,no
21790,53,-634,3,no
33498,33,574,2,no
45204,23,113,1,yes
28111,29,67,2,no
7150,50,1541,1,no
43191,42,4945,2,yes
14775,33,346,1,no
10762,55,2896,3,no
37981,35,1287,3,no
37166,50,246,2,no
32237,33,1209,1,no
2586,46,618,3,no
27553,55,1241,7,no
5771,32,18,1,no
19961,41,3353,2,no
20019,37,274,3,no
7951,37,2544,3,no
13820,58,439,2,no
13903,53,61,1,no
16171,46,209,4,no
38836,28,3267,1,no
17127,34,-200,5,no
22774,33,463,7,no
1656,43,49,1,no
10422,27,18188,17,yes
12869,55,82,1,no
25008,57,649,1,no
40141,21,794,1,yes
32558,52,-779,1,yes
20367,37,5287,2,no
30834,47,520,6,no
32580,28,1065,1,no
151,51,-19,2,no
20469,35,362,8,no
27124,37,1533,4,yes
14721,58,19,3,no
31379,26,2786,1,yes
40900,43,422,1,no
13626,27,282,5,no
24388,31,1144,1,no
14066,27,6,2,no
23312,43,-705,6,no
41248,70,2346,3,no
17722,40,4381,2,no
44109,69,2473,3,yes
18307,45,194,4,no
31716,37,1174,1,no
15467,33,-27,2,no
32730,31,968,1,no
22757,33,0,2,no
25726,41,2885,1,no
3511,30,78,2,no
44614,61,211,2,yes
37955,29,64,2,no
34105,26,2503,1,no
33974,29,231,1,no
1865,28,-125,3,no
35798,33,113,2,no
4208,22,0,1,no
28699,42,199,2,no
5788,37,-476,2,no
5823,33,-297,2,no
39320,32,-472,2,no
34793,36,788,1,no
28724,32,578,3,no
7845,37,461,2,no
15674,56,619,1,no
32736,36,-196,1,no
16340,41,0,5,no
25847,45,830,1,no
5673,36,247,1,no
12760,47,12245,3,no
26766,31,1887,2,no
24621,47,794,2,no
16541,56,0,29,no
28246,52,1724,1,no
5858,30,-95,3,no
38734,33,5792,2,no
41697,60,1588,1,yes
39676,24,0,2,yes
32298,35,3751,2,no
43803,39,265,1,yes
2297,39,1242,3,no
4120,56,316,1,no
14472,39,142,4,no
18005,39,0,3,no
17723,52,2332,2,no
19317,41,501,4,no
11847,57,-92,1,yes
7616,40,2147,1,no
41336,30,7,1,yes
3036,43,672,8,no
44096,71,392,2,yes
22075,41,185,12,no
43236,32,1429,4,no
8618,39,1623,2,no
20820,51,805,2,no
22636,35,24,1,no
28155,26,152,1,no
41286,35,992,1,no
12948,39,18,3,no
3456,45,4060,1,no
8207,35,-37,2,no
33016,51,1329,2,no
18573,54,3250,3,no
10147,51,12,1,no
18311,35,1792,6,yes
11813,56,0,2,no
15424,45,24,1,no
10599,60,21292,6,no
22130,55,196,2,no
33255,38,730,5,no
44643,33,272,2,yes
24392,48,1039,1,no
17950,38,2350,2,no
18304,45,-60,4,no
31753,50,732,7,no
3594,53,1739,3,no
41040,35,18111,4,yes
1813,27,659,2,no
23691,45,12,3,no
25587,48,5057,1,no
36495,46,2313,2,no
3800,47,-656,2,no
27256,40,9374,8,no
20525,39,1986,6,no
22429,58,371,2,no
28675,35,951,1,no
7123,29,559,2,no
42412,49,5887,3,yes
31699,43,903,1,no
11750,43,0,1,no
22567,37,261,3,no
27889,44,429,1,no
31192,46,3434,1,yes
27684,50,0,2,no
11988,38,-627,4,no
39248,30,8950,4,no
7982,50,571,4,no
23838,31,471,2,no
41629,43,0,2,no
15110,52,1564,1,no
31961,29,110,1,yes
27908,59,13,2,no
31027,33,627,2,no
33839,35,629,1,no
33353,35,2123,1,no
36847,50,5816,1,no
10942,40,752,1,no
36849,47,1044,6,no
4690,45,4170,3,no
37966,37,608,3,no
33405,39,104,2,no
5596,44,0,2,no
30974,42,49,10,no
25950,50,2910,1,no
14125,48,0,3,no
17191,27,0,6,no
37787,39,300,1,no
39698,54,3076,2,yes
43178,29,8,1,no
24185,44,1631,1,no
8323,37,-1050,2,no
1277,36,298,1,no
10398,36,5427,1,no
43301,75,852,1,no
32478,37,1594,1,no
16031,47,-295,2,no
24581,44,58,1,no
21369,46,302,13,no
15125,29,406,1,no
41295,72,1129,1,yes
10765,37,1088,2,no
5324,31,0,1,no
33076,35,329,7,no
18049,58,1013,5,no
32546,36,295,1,no
40006,39,48,1,yes
25293,53,1066,1,no
1035,41,277,4,no
11381,50,0,1,no
5926,31,-307,2,no
33122,34,0,1,no
3078,48,1764,2,no
1986,30,152,2,no
43176,37,1113,1,yes
14967,32,-1668,6,no
20443,31,573,2,no
9878,56,450,1,no
40167,41,216,3,yes
9101,56,842,1,no
21791,32,0,4,no
13452,60,838,1,no
40953,38,1165,3,yes
30551,36,145,2,no
35484,28,270,2,no
33348,36,4693,6,no
30825,47,1675,3,no
7265,51,-57,1,no
30488,28,1405,3,no
3289,47,-1385,1,no
30248,31,3528,1,no
7479,58,4299,3,no
33858,31,4319,4,no
42155,61,6016,1,no
1283,38,66,1,no
44268,37,0,6,yes
24609,50,4654,2,no
19968,46,723,2,no
11498,41,-378,2,no
4337,54,233,3,no
33069,38,3913,2,no
15070,35,0,5,no
44336,36,11650,1,yes
41146,65,3812,1,no
44876,82,928,2,no
7558,35,0,9,no
32813,49,29,1,no
7975,56,186,4,no
37973,28,293,1,no
39088,23,817,1,no
19578,47,5999,2,no
20020,44,1707,3,no
24002,36,861,2,no
14183,40,-186,2,no
30034,49,196,7,no
8502,34,618,4,no
42048,61,272,1,no
42984,39,902,2,yes
40481,66,1993,4,no
19014,57,2266,1,no
22606,60,0,1,no
5960,31,1145,4,yes
14007,41,1331,7,no
25478,42,412,4,no
15852,29,544,4,no
10008,57,1367,3,no
44915,43,625,1,no
44296,61,10861,2,yes
27369,43,146,1,no
36201,44,0,2,no
32965,27,724,3,no
14767,30,0,3,no
11289,42,3,3,no
40777,33,218,1,no
31727,33,1130,1,no
8920,42,717,6,no
26037,42,838,2,no
5072,32,1373,2,no
37975,27,275,2,no
27433,41,0,1,no
19867,39,0,2,no
38117,42,146,4,yes
8905,52,4096,4,no
8058,28,1076,5,no
18043,41,-1,4,yes
21504,37,115,2,no
6047,33,392,3,no
20387,34,828,3,yes
1140,56,93,2,no
12803,29,0,15,no
31688,36,3508,1,no
25003,53,19850,1,no
44431,36,1133,1,yes
331,48,1,3,no
1571,30,528,4,no
30704,38,0,2,no
21520,53,4380,7,no
36325,41,1319,1,no
20322,45,111,1,no
22884,45,285,7,no
28436,26,155,1,no
2405,34,383,1,yes
28225,37,1330,2,no
33812,72,796,2,no
19698,33,605,3,no
23812,37,45,3,no
12037,57,8403,11,no
33077,30,638,2,no
44041,33,555,2,no
2329,35,414,4,yes
21705,35,299,5,no
12484,33,205,2,no
5921,44,-199,3,no
42894,38,318,1,yes
15019,36,-179,1,no
35039,35,623,2,no
18006,49,-701,2,yes
15918,36,1733,3,no
28677,26,1348,1,no
16314,28,-56,1,no
42960,27,390,2,yes
9241,49,550,2,no
25502,43,2124,1,no
5734,40,655,1,no
20208,46,209,2,no
1901,35,-202,2,no
23077,60,0,6,no
12702,41,650,5,no
35107,34,705,3,no
31685,31,823,1,no
40853,66,0,1,no
34665,30,6,2,no
759,59,307,7,no
7672,53,7290,1,no
2876,54,1691,1,no
25886,57,6164,2,no
11672,39,4899,2,no
13729,52,-104,1,no
38339,28,-545,1,no
43116,32,302,1,yes
16696,49,27,2,no
26140,47,10697,2,no
43465,36,436,1,yes
31755,54,5521,2,no
263,37,275,1,no
15321,33,3269,1,no
24602,58,1831,1,no
24711,40,10378,3,no
10709,51,-192,3,no
33474,33,187,3,no
42136,34,382,1,no
35743,53,0,1,no
342,43,693,3,no
3735,26,102,1,no
274,56,155,3,no
38301,31,685,1,yes
26126,36,9269,2,no
31182,25,3730,1,yes
43669,43,10072,1,no
12204,54,2508,8,no
24146,38,1101,1,no
15533,34,430,4,no
15287,40,2998,3,yes
3402,54,234,3,no
40557,38,7929,3,no
1604,35,14,1,no
37500,40,342,4,no
16146,26,-379,7,yes
323,48,161,3,no
22840,32,309,3,no
31156,25,2503,2,no
30707,34,-28,2,no
7097,35,485,5,no
24610,42,275,2,no
35884,52,337,1,no
11098,46,557,1,no
25043,51,0,1,no
28924,38,168,1,no
11294,41,1245,3,no
35771,50,-287,1,no
24871,41,1226,1,no
29469,28,282,1,no
31023,27,73,1,yes
38841,50,433,4,no
13025,33,568,1,no
4378,30,3291,3,yes
42027,74,1742,1,no
39242,39,815,3,no
13237,25,142,2,no
43371,30,916,2,yes
18740,43,-39,23,no
22834,59,255,6,no
11912,42,0,2,no
43181,31,4129,1,no
16277,30,0,1,no
37932,52,136,2,no
2133,55,276,1,no
4705,58,23,6,no
3030,29,1952,1,no
1705,36,335,2,no
39786,58,2764,1,no
1332,46,675,1,no
32103,43,205,2,no
17433,35,742,7,no
14897,31,574,2,no
14475,37,0,3,no
7263,50,1132,1,no
7812,53,2656,2,yes
13591,48,124,1,no
38450,60,-639,1,yes
40435,28,12956,1,yes
726,60,364,2,no
38981,27,8,1,no
31224,33,1925,2,no
32940,53,2124,2,no
43486,62,1515,4,no
17032,51,1162,1,yes
25799,32,432,2,no
39513,36,911,2,yes
36733,33,2858,1,no
31758,40,446,4,no
21660,51,950,2,no
11434,36,47,1,no
31799,34,11,1,no
26103,35,552,2,no
24596,44,3843,1,no
12427,33,740,3,no
43026,34,8000,1,yes
104,59,179,3,no
12326,57,35,3,no
26816,56,12,2,no
23963,55,46,4,no
14471,39,498,4,no
3830,40,1758,3,yes
8940,52,1049,6,no
7105,43,0,1,no
42704,66,203,1,yes
641,55,220,2,no
12994,47,24,2,no
19497,30,371,2,no
7127,39,394,1,no
12900,32,212,5,yes
16818,41,100,2,no
26230,37,523,4,no
18599,37,65,4,no
41779,28,2806,1,no
20732,54,309,2,yes
15930,27,202,1,no
10190,57,2234,5,no
33221,29,68,1,no
43312,61,5196,2,no
27934,29,1502,1,no
12713,59,-1336,2,no
14096,57,8,2,no
9036,57,67,1,no
5666,40,-426,1,no
38428,36,1479,2,no
38875,35,2490,1,no
177,48,41,2,no
9550,49,0,2,no
28456,46,-3,2,no
11485,42,0,1,no
17186,55,814,12,no
41194,62,0,1,yes
26945,31,3967,1,no
43144,63,1849,6,no
16503,41,4,5,no
15394,27,5,1,no
10610,46,757,3,no
1847,30,0,1,no
28923,40,0,1,no
41543,38,0,3,yes
14279,29,64,2,no
22217,60,1446,6,no
19434,38,5003,9,no
32851,30,739,1,no
36334,38,759,1,no
38679,25,16874,2,no
28601,30,-261,2,no
23106,49,0,6,no
16107,54,122,3,no
20392,56,15088,4,no
15193,30,178,3,yes
7162,42,984,1,no
13414,50,0,2,no
21751,46,1109,12,no
25182,59,797,2,no
40021,55,82,1,no
13702,30,155,3,yes
42883,41,1646,1,yes
44260,39,558,1,no
18912,50,32,2,no
17562,58,407,2,no
16153,33,920,4,no
2594,44,1423,4,no
43821,29,455,2,yes
44282,56,393,1,yes
28946,33,79,1,no
32140,38,293,1,no
34638,48,0,1,no
21823,33,-374,2,no
9402,60,0,1,no
44376,53,2398,1,yes
41520,67,714,1,no
24981,43,2115,1,no
3185,40,581,3,no
24077,40,3352,1,yes
18779,41,188,25,no
36666,32,522,5,no
21906,34,112,2,no
43049,34,271,1,yes
25887,55,12675,2,no
44463,61,5,2,yes
40803,20,130,1,no
17781,41,-190,3,yes
17447,33,2,12,no
27740,42,759,1,no
23339,44,2541,3,no
22226,31,424,2,no
45174,36,980,4,no
38203,35,286,1,no
38426,29,226,1,no
24594,44,93,1,no
22262,52,291,3,no
22478,33,112,4,no
22773,39,130,18,no
6804,27,811,2,no
20721,46,111,2,no
34663,44,0,2,no
33339,51,6700,4,no
2465,59,3382,1,no
9207,24,541,4,no
36014,56,-255,5,no
293,24,423,3,no
14493,40,79,3,no
36023,36,661,8,no
17516,35,366,9,no
42767,48,157,4,yes
17054,30,1626,3,no
17864,33,-333,5,no
14006,25,-113,3,no
30835,39,208,2,no
352,45,66,2,no
38439,27,-15,4,no
43478,75,3771,1,yes
24979,57,0,1,no
15172,33,70,7,no
3706,43,2539,4,no
28810,41,3204,2,no
40443,46,1329,2,yes
25048,44,1901,3,no
38035,36,994,2,no
21346,45,1629,4,no
45045,35,724,3,no
29220,40,0,1,no
6343,38,16957,2,no
30782,30,0,4,no
11012,38,926,5,no
20816,48,893,2,no
35318,60,322,1,no
40743,27,290,1,no
27602,47,473,2,no
25661,38,-459,2,no
25218,48,1208,4,no
33450,37,2235,2,no
17594,51,209,2,no
13269,40,2840,4,no
35682,33,220,1,no
34751,40,-234,1,no
682,40,105,2,no
6367,32,-275,1,no
7504,31,-502,4,no
11108,37,415,1,no
40093,38,1988,1,no
8880,54,138,10,no
38853,26,384,1,no
35059,52,1988,1,no
25044,32,936,1,no
25328,33,328,2,no
20063,60,581,2,no
39978,36,7222,1,no
34360,29,9407,6,yes
4731,27,8,3,no
17689,42,1278,4,no
14218,47,3466,2,yes
12669,32,4805,3,no
19002,59,2552,3,no
31003,31,830,3,no
32423,31,4457,1,no
9147,37,196,3,no
7832,55,2760,14,no
34140,33,478,2,yes
32058,27,10005,3,no
22794,46,518,6,no
17475,47,303,4,no
13507,37,247,1,no
36638,46,38,1,no
30638,41,326,1,no
42808,26,338,1,no
29009,58,662,1,no
12028,46,7318,5,no
25225,30,246,2,no
24121,60,5041,1,yes
42990,77,638,1,yes
39131,33,1077,3,no
5081,39,5853,2,no
12775,46,4044,3,no
26891,30,111,3,no
31513,37,0,2,no
34221,33,1636,1,yes
4071,38,497,5,no
42861,45,205,1,yes
32534,33,135,1,no
8724,46,0,5,no
28856,32,943,2,no
9831,39,0,1,no
40882,28,16,4,no
13763,30,-336,6,no
44236,46,6879,1,no
28459,31,6,1,no
42284,56,9367,2,yes
34573,29,178,4,no
31953,43,678,3,no
40129,35,1085,1,yes
22863,45,179,3,no
32477,37,168,2,no
27486,31,490,5,no
33610,45,-79,4,no
9759,49,49,1,no
26995,35,3552,1,no
11671,54,-51,10,no
626,31,1852,3,no
25975,52,6933,2,no
11734,42,297,1,no
9445,40,406,1,no
8785,35,2008,6,no
21980,40,2244,2,no
43628,37,565,1,no
21955,31,156,2,no
9312,42,-355,6,no
32719,41,382,2,no
35512,26,13,2,no
37704,48,-407,2,no
39722,55,39098,3,no
42138,45,360,1,yes
26132,58,1507,6,no
26688,50,3117,2,no
13036,45,0,7,no
12336,30,1881,1,no
29449,29,1669,1,yes
44964,37,1403,1,no
5489,40,-212,1,no
15256,49,0,1,no
1785,58,-91,5,no
29072,56,778,2,no
21050,56,811,19,no
31238,37,0,1,yes
1006,30,342,2,no
7748,45,676,4,no
5876,26,205,1,no
34087,43,2105,2,no
23849,39,109,2,no
32690,74,4515,5,no
16808,30,0,2,no
34219,42,1451,4,yes
19100,50,4855,2,yes
32988,38,326,2,no
28443,55,-284,1,no
23176,55,56,6,no
2869,46,3028,1,no
1499,39,830,2,no
23848,39,239,2,no
34277,34,1813,5,no
5011,38,63,1,no
2005,23,375,3,no
6979,32,92,1,no
1567,51,202,2,no
24435,48,427,1,no
37965,40,229,3,no
32096,31,2384,2,no
41751,56,12,3,yes
27839,45,1686,1,no
2673,44,264,2,no
1789,32,6259,2,no
16271,50,29,1,no
10036,38,1116,3,no
39590,58,928,1,no
15362,47,122,1,no
36688,30,3,2,no
893,31,309,1,no
34339,33,11,3,no
27174,50,231,2,no
34199,31,125,1,no
36606,39,398,1,no
4338,60,819,2,no
13958,54,136,4,no
1683,29,246,1,no
431,55,131,1,no
11430,41,586,1,no
19246,33,2915,2,no
31246,23,486,1,no
34266,26,4683,2,no
11592,50,3374,2,no
16798,45,757,3,no
22551,41,527,1,no
6030,34,60,10,no
9011,51,1649,1,no
11087,48,551,5,no
1617,32,490,2,no
13152,42,478,1,no
253,34,0,1,no
36217,29,452,1,no
11349,36,542,6,no
31652,30,10152,2,no
22239,34,202,2,no
21190,48,-83,3,no
37396,29,714,2,yes
6185,28,939,1,yes
23230,31,313,2,no
30513,41,336,2,no
7030,34,225,2,no
1671,32,2068,1,no
234,53,1827,1,no
3086,44,976,2,no
7894,42,0,6,no
27289,34,3037,1,no
9190,41,1459,1,no
23543,33,0,10,no
36905,38,481,5,no
21446,30,209,9,no
39610,26,100,1,yes
8766,28,4013,1,no
1227,51,226,1,no
2529,53,-27,9,no
12039,51,604,2,no
12341,36,367,1,no
32947,33,0,1,yes
43622,34,263,1,no
27040,32,5626,1,no
1902,38,-256,1,no
21031,51,165,2,no
658,40,-322,1,no
30115,42,3908,5,no
27462,53,13901,1,no
14294,35,1266,2,no
30823,51,2242,8,no
30841,35,-84,11,no
6770,29,-158,1,no
40073,33,317,1,yes
23240,44,639,12,no
41610,59,883,1,no
18603,58,0,16,no
35830,45,247,1,no
40588,63,70,2,no
927,35,39,1,no
39565,47,8,1,no
43459,62,6,1,yes
17434,43,69,5,no
44790,24,358,2,no
1054,50,1557,6,no
10478,44,749,2,no
31405,48,0,1,no
35103,20,602,4,no
3403,41,288,4,no
13625,49,66,3,no
21356,47,236,4,no
4274,28,362,1,no
34035,32,628,1,no
35867,40,-516,1,no
37999,27,54,2,no
40798,33,73,1,no
27824,34,859,1,yes
34062,31,181,1,yes
38870,33,1277,1,yes
32415,38,516,3,no
4284,31,462,1,no
24104,58,372,1,yes
10945,50,557,4,no
16581,56,535,1,no
4422,30,162,4,no
8157,34,287,8,no
23859,35,-146,2,no
25057,44,2455,1,no
37863,34,687,2,no
11379,57,630,1,no
6315,49,1304,1,no
625,30,484,1,yes
23605,43,241,10,no
28996,44,-1317,1,no
13677,41,2113,5,no
30632,31,1801,1,no
10792,41,130,3,no
37603,41,2361,1,no
7276,37,-141,3,no
18986,53,6280,2,no
18763,33,249,4,no
9802,38,0,1,no
20970,37,2686,4,no
38284,28,7,1,no
10572,38,38,1,no
35073,30,0,2,no
4169,29,146,2,no
29322,57,485,2,no
39395,36,507,1,no
17318,28,1104,7,no
13871,40,3571,1,no
1674,32,274,3,no
8995,54,153,1,no
24113,35,3623,1,yes
8859,58,5278,4,no
10987,39,2303,3,yes
2183,33,14,1,no
42352,30,265,1,no
41067,62,557,1,yes
39034,52,-194,1,no
38603,30,-99,5,no
42196,33,22867,2,yes
31528,74,161,1,no
2609,57,1460,2,no
35384,43,181,1,no
7668,40,6695,1,no
28086,46,1264,2,no
35348,56,72,1,no
19221,50,2050,3,no
16225,31,302,8,no
30533,31,1738,3,no
40537,43,0,1,no
30921,33,191,2,no
4860,36,656,1,no
15200,42,388,3,no
18726,59,2194,9,no
19483,35,20,2,no
12422,49,12,2,no
8338,31,-575,9,no
262,34,318,2,no
196,33,307,2,no
13597,30,350,5,no
17211,34,79,3,no
13353,49,177,1,no
28988,52,279,1,no
41828,59,7469,1,no
12960,43,-213,2,no
7678,50,1290,14,no
28193,35,343,2,no
27451,52,28,3,no
38983,29,266,1,no
30778,30,2303,5,no
39521,29,6,1,yes
21128,46,1533,4,no
22203,33,433,4,no
44211,46,766,1,no
17420,43,59,2,no
10854,46,5559,1,no
5287,34,3798,1,no
36850,36,98,1,no
20454,58,7560,2,no
3116,46,1465,2,no
6384,35,1383,2,no
32057,25,702,2,no
9069,50,15442,1,no
1676,28,6,1,no
18081,32,-31,6,no
1034,39,867,1,no
594,48,74,1,no
15982,37,2089,1,no
4868,30,675,1,no
38978,53,1815,1,no
23478,42,29,11,no
37258,42,4253,1,no
30350,41,8,1,no
12641,31,-27,2,no
35787,32,333,2,yes
38683,40,952,2,no
10076,60,47,1,no
21901,47,0,4,no
15102,58,553,3,no
39387,36,490,1,no
1292,33,303,1,no
11709,46,0,1,no
19652,41,231,2,yes
874,35,109,2,no
35118,34,440,2,no
23316,58,911,4,no
2555,28,26765,8,no
20219,33,3470,2,no
26822,31,-35,2,yes
3832,35,523,1,no
15237,40,-117,2,no
3069,29,900,1,no
9404,58,797,2,no
27343,33,4402,2,no
27150,54,230,1,no
14593,31,582,2,no
21376,32,1969,8,no
20603,54,3473,2,no
42484,79,3025,3,yes
43199,38,1559,2,yes
1929,32,4,2,no
38136,43,232,1,no
16404,33,4443,6,no
32034,58,5445,1,no
730,51,325,2,no
36798,44,887,2,no
34427,32,290,6,no
23659,35,230,1,no
33891,59,5583,1,yes
26327,35,1801,1,no
11213,44,1025,1,no
1662,51,370,1,no
36268,39,1506,2,no
16256,26,0,4,no
8558,35,-437,5,no
20278,46,2703,6,no
2983,57,-1,2,yes
12125,53,4,6,no
41889,56,111,1,no
3105,31,413,2,no
15713,37,1893,2,no
20164,39,-276,4,no
44054,29,0,1,no
40040,32,889,2,yes
13215,36,795,2,no
22590,54,2762,7,no
19156,55,169,2,yes
17019,44,483,1,no
36124,42,4900,1,no
41418,30,419,2,no
4551,35,356,2,no
4580,34,-93,1,no
22559,47,2322,1,no
23833,51,462,2,no
23373,30,0,4,no
8571,26,-36,2,yes
14612,58,0,1,no
37744,43,2315,1,no
32989,54,630,2,no
17417,30,39,3,no
30676,52,1595,1,no
45152,47,311,3,no
18773,36,1594,5,no
40940,32,3271,1,no
31738,20,8860,2,no
585,37,0,4,no
26630,54,1660,3,no
18897,30,835,1,no
34598,47,1649,2,no
27757,30,13,1,no
3930,21,325,1,no
35973,37,393,4,no
31510,52,-2712,1,no
20590,35,1511,4,no
20404,30,115,2,no
35007,30,609,1,no
39527,27,11862,5,no
30770,58,-37,2,no
43932,76,4984,3,no
13463,43,173,8,no
44572,29,113,2,no
45167,41,79,1,yes
29801,40,109,1,no
42783,33,1699,1,yes
40644,27,6791,2,yes
44131,50,315,2,no
42724,36,203,1,yes
43872,62,0,1,no
42878,35,1085,6,yes
10500,48,296,4,no
14665,60,0,8,no
30554,28,321,6,no
9243,45,844,3,yes
32125,32,-55,1,no
20025,59,2768,5,no
12188,44,1239,4,no
24228,47,1028,1,no
19609,30,3330,6,no
27418,57,3367,1,no
38258,38,1027,5,no
40745,18,108,1,yes
12231,40,1558,15,no
16431,53,1672,1,no
33595,41,8902,3,no
7906,37,2260,3,no
25752,32,6337,2,no
34565,41,257,2,no
21691,30,8,17,no
21489,53,180,2,no
3017,32,91,2,no
29575,33,1883,5,no
15405,48,2392,5,no
38437,30,95,2,no
44183,56,813,1,no
14229,37,0,2,no
31672,63,2734,5,no
42175,32,935,1,yes
41367,37,7620,3,no
29146,40,418,2,no
24944,35,1041,1,no
11712,60,1690,4,yes
31040,58,26831,18,no
35928,34,800,2,no
43241,31,1570,4,yes
26276,53,9252,1,no
3859,41,124,2,no
38982,25,7103,1,no
2818,35,51,2,no
6888,32,-233,2,no
28538,30,350,2,no
29108,35,0,2,no
9267,26,986,3,no
13985,52,255,3,no
31686,43,902,1,no
26196,37,66,1,no
42058,35,980,2,no
1431,25,37,2,no
8154,52,101,4,no
35320,51,670,1,no
7063,38,476,4,no
30261,27,73,1,no
21413,34,757,4,no
622,33,7,1,no
27034,57,5368,1,no
20441,54,212,4,no
14091,28,17,2,no
40028,41,15787,3,no
7290,49,2497,1,no
40814,30,533,2,yes
4420,38,0,1,no
3641,45,805,3,no
10389,49,937,1,no
10211,48,2369,2,no
21131,51,311,2,no
19700,45,760,2,no
749,37,88,2,no
218,53,13,3,no
41519,31,12569,1,yes
33154,34,8038,3,no
41222,25,469,1,yes
38173,33,7419,8,no
29271,38,1187,1,no
44698,33,329,1,yes
14169,59,178,2,no
43661,58,226,3,no
6527,47,-245,5,no
4996,21,232,2,no
28321,31,83,1,no
32777,39,248,1,no
27520,42,8131,4,no
38154,25,541,1,no
23424,40,4,3,no
43774,71,3230,2,yes
2864,51,482,1,no
13035,32,31,1,no
34237,29,8947,2,no
39758,38,0,1,no
5922,23,175,1,no
40161,23,9216,2,no
42739,35,746,1,no
23431,38,0,3,no
1860,36,590,2,no
28147,59,-411,1,no
43348,30,1681,1,yes
31775,28,139,1,no
3432,28,-457,9,no
20039,33,571,2,no
23760,30,1239,5,no
33316,33,151,3,no
20998,44,6945,3,no
20866,40,143,6,no
41508,40,732,1,no
25342,32,-311,2,no
36658,53,218,6,no
16955,54,95,1,no
31176,30,601,1,no
40233,40,5666,4,no
20772,50,1838,8,no
6922,34,105,2,no
41527,70,0,1,no
18742,35,2298,4,no
42607,29,102,1,no
1669,37,190,2,no
40933,74,291,1,no
39286,29,97,4,no
6917,28,1417,1,no
26701,49,8422,3,no
23270,34,127,6,no
18387,43,24,2,no
23320,36,0,11,no
37690,35,35,1,no
1851,28,-197,2,yes
37308,44,70,1,no
2800,48,24,1,yes
14019,41,-618,1,no
42967,33,935,2,yes
26605,31,10287,1,no
7822,32,562,3,yes
39980,60,366,1,yes
30947,40,201,2,no
42322,47,999,1,no
31804,27,128,1,no
11211,48,0,1,no
24117,58,3237,1,yes
38267,28,1372,4,no
30334,39,917,2,no
26022,35,1902,5,no
12598,30,0,1,no
17355,25,157,31,no
18615,44,598,5,no
25769,49,-74,1,no
8977,50,705,1,yes
29951,28,568,6,no
31470,33,285,1,no
17582,45,193,2,no
10537,48,0,4,no
44752,31,877,1,yes
16297,46,2427,1,no
33803,30,398,2,yes
31455,60,7336,1,no
36101,36,866,1,yes
38338,28,83,1,no
6808,40,384,2,no
27608,52,2309,2,no
42933,84,2619,2,no
16344,54,1319,2,no
25337,33,17455,3,no
703,33,21,3,no
39249,45,14,9,no
30246,31,1109,1,yes
31532,67,4066,6,no
5012,28,858,1,no
3863,29,0,4,no
19091,55,0,2,no
9857,59,1320,1,no
33327,29,291,2,no
32723,41,598,1,no
17234,52,-12,5,no
7823,47,12531,3,no
2768,52,3923,3,yes
34966,49,99,2,yes
15146,36,2894,1,no
15725,26,1100,1,no
31541,40,738,2,no
13121,34,-199,1,no
1184,38,54,1,no
10540,43,0,17,no
16862,56,55,2,no
4072,57,1920,2,no
24870,40,1155,1,no
5004,31,825,2,yes
41878,26,1177,1,no
42428,42,684,1,no
35144,26,502,1,no
10609,50,4882,2,no
19608,45,9680,4,no
6883,37,655,3,no
4525,31,4,4,no
9074,47,89,1,no
18663,53,-187,2,no
27617,37,0,7,no
43957,29,1431,4,no
15602,31,324,4,no
16712,34,889,1,no
13794,32,1143,1,no
17295,36,656,4,no
19827,36,369,2,no
4742,40,236,2,no
9442,38,619,4,yes
2706,40,1089,5,no
4814,31,216,1,yes
24800,47,4819,1,no
5171,34,336,4,no
15268,47,1808,1,no
25101,52,1182,1,no
12528,54,0,1,no
17051,53,759,5,no
37192,37,596,1,no
36683,25,914,2,no
3376,43,78,1,no
36505,54,0,4,no
43674,34,1076,1,yes
7328,53,1788,2,no
20223,34,1569,2,no
39343,38,-199,3,no
32411,43,601,2,no
12860,34,69,1,no
23879,39,0,2,no
3126,46,1427,3,no
12605,31,-36,1,no
2182,32,142,1,no
30680,60,-41,1,yes
15147,32,12,1,no
5187,34,3119,4,no
13401,36,56,1,no
35117,30,-71,2,no
35938,41,41,2,no
466,57,1640,4,no
1166,32,111,2,no
35285,55,-152,3,no
25671,32,599,1,no
29708,41,-89,4,no
6419,35,843,2,no
17105,57,63,17,yes
18989,33,-89,4,no
21936,35,1144,13,no
35178,34,171,1,no
29998,48,7,1,no
27350,40,9047,1,no
16988,30,71,2,no
28791,51,0,1,no
22519,39,968,6,no
8408,25,407,1,no
21457,46,2653,4,no
37110,44,564,2,no
18036,37,554,3,no
42044,51,0,2,yes
10821,55,2014,2,no
2190,37,904,1,no
26913,31,5691,2,no
31740,31,735,3,no
5688,37,155,1,no
22719,37,5380,6,no
40477,21,39,2,no
16865,28,1628,2,yes
35645,42,608,2,no
38879,31,1654,1,no
17861,52,1400,4,no
38247,31,699,4,no
43638,18,348,4,yes
33628,37,2390,2,no
44991,31,4328,4,yes
8289,36,-2,1,no
5344,35,339,1,no
2332,28,-95,1,no
36792,35,4135,4,no
24543,34,601,3,no
12287,59,-91,1,no
13327,44,1139,2,no
41498,25,480,1,yes
35718,36,-182,6,no
17133,38,406,5,no
19033,49,3635,2,no
25245,59,3969,3,no
1407,46,846,2,no
5166,39,4441,2,no
42993,30,4448,8,yes
35992,34,-85,4,no
22063,33,0,5,no
21991,46,110,5,no
28318,31,360,1,no
3462,56,2552,2,no
6886,31,-310,3,no
35089,41,-940,2,no
12651,29,339,3,yes
18925,52,5601,1,no
17443,27,59,6,no
14585,56,109,4,no
19960,51,19,4,no
12452,39,971,3,no
21941,51,173,2,no
27992,29,0,2,no
20709,33,6325,2,no
23738,51,26,3,no
9807,38,53,1,no
5626,31,1098,2,no
14764,53,2818,7,no
35057,32,-2,3,no
17142,30,704,10,no
1403,25,0,2,no
6317,39,-999,1,no
10075,59,1930,1,no
15657,27,15,1,no
21013,57,191,4,no
41617,65,2756,2,no
44436,34,79,1,yes
27272,38,554,1,no
7407,37,472,3,no
13040,44,193,2,no
40909,33,498,2,yes
26111,32,254,3,yes
34128,26,507,1,yes
22983,49,3478,4,no
30167,48,341,4,no
14201,31,-357,2,no
43602,35,364,1,no
22097,33,1805,4,no
10203,28,-803,9,no
1272,26,2770,1,no
21505,32,146,2,no
10092,38,3057,1,no
20417,56,2395,2,no
31361,26,657,2,no
14564,33,392,4,no
42663,81,0,1,no
16952,45,766,15,no
14135,44,851,2,no
16832,29,787,2,no
17445,32,128,3,no
14404,39,0,2,no
37171,27,0,1,no
16154,31,84,3,no
20631,34,3679,1,no
37821,36,0,2,no
5767,38,322,1,no
13512,43,140,1,no
31968,60,252,2,no
23003,59,3096,17,no
4963,32,131,2,no
33857,62,115,3,no
25731,32,3228,3,no
22783,42,1385,19,no
31592,41,4910,1,no
40966,30,802,1,no
31149,37,1130,1,yes
21427,30,0,3,no
1504,31,948,2,no
5458,49,3767,13,no
19037,51,-379,1,no
42543,60,3735,1,yes
26222,38,1448,1,no
10916,38,18,5,no
30077,55,1436,2,no
2550,51,2195,1,no
44499,32,473,1,yes
648,31,252,3,no
44284,38,995,1,no
17973,27,152,3,no
31728,35,714,2,no
31397,40,0,2,yes
38820,36,507,1,no
1595,35,820,4,no
38006,26,5795,2,yes
18389,37,884,2,no
1485,32,336,1,no
22257,42,25,1,no
41594,28,865,1,no
18619,32,745,20,no
2545,47,300,3,no
20072,50,592,4,no
38282,27,317,1,no
28120,43,182,1,no
31667,44,647,2,no
9762,59,1491,2,no
20698,50,1824,8,no
9355,44,0,1,no
27041,40,1872,1,no
9702,35,7951,1,no
24393,42,0,1,no
8872,47,554,1,no
4163,57,4378,3,no
43572,66,1004,1,no
27569,31,2085,2,no
30849,43,130,3,no
40172,28,3290,2,yes
4631,43,-635,9,no
27925,27,3,1,no
27755,55,1431,1,no
10173,58,139,1,no
40378,48,0,1,no
30424,28,440,2,no
35076,46,147,2,no
22331,53,32,2,no
26765,37,3051,4,no
26003,42,3780,3,no
25088,58,8600,1,no
35946,43,56,3,no
8678,37,277,6,no
19455,34,291,2,no
4846,48,4746,11,no
20728,60,3563,2,no
20030,31,367,3,no
37379,55,1691,2,no
20845,58,627,4,no
31589,55,1613,1,yes
318,51,0,2,no
38327,46,1085,2,yes
17647,32,342,3,no
801,29,8,1,no
26183,34,582,3,no
13643,39,1385,1,no
36055,34,0,1,no
37119,44,1,2,no
27439,42,0,6,no
22895,49,272,18,no
28479,32,98,2,no
24892,31,1062,1,no
2741,42,243,5,no
1913,37,-356,1,no
8762,34,-211,8,no
757,48,3754,3,no
13132,26,33,1,no
27670,31,1402,2,no
18466,39,55,4,no
42506,46,0,1,no
37277,35,-639,1,no
22731,59,283,4,no
8976,39,-491,1,no
24976,50,2603,1,no
32668,40,300,2,no
11130,27,47,4,no
33050,36,1127,3,no
35719,31,8,2,no
7777,35,2960,2,no
36668,42,3,1,no
13592,51,260,2,no
3864,44,532,2,no
15554,34,0,2,no
36960,37,135,3,no
39077,47,2269,1,no
35141,34,4,2,no
32637,36,247,1,no
38141,45,615,1,no
31805,33,259,6,no
2280,28,-353,3,no
43563,37,103,3,no
12516,44,1,3,no
18537,36,7957,2,no
7948,40,68,19,no
20817,47,769,2,no
12831,31,475,1,no
43549,70,2815,2,no
4129,28,213,1,no
9751,58,258,1,no
44998,33,658,2,no
522,42,744,1,no
29561,52,894,2,no
32555,50,325,1,no
17916,35,3443,4,no
20064,41,365,5,no
34787,37,0,2,no
13823,60,473,1,no
735,35,109,3,no
7452,38,714,3,no
25608,41,67,1,yes
39743,31,278,3,no
21496,31,33,2,no
36295,41,81,1,no
2175,35,244,1,no
44624,32,200,1,yes
3426,57,84,1,no
5305,30,1243,1,no
24334,41,3013,1,no
24376,59,135,1,no
23663,36,97,17,no
39811,30,147,1,no
38780,23,93,3,no
709,47,503,2,no
25316,30,1,2,no
6263,25,-143,1,no
33753,75,1093,1,no
30251,37,63,1,no
24787,41,1461,1,no
14574,41,1321,2,no
18560,55,923,4,no
3001,41,455,1,no
24429,43,0,1,no
41638,20,1191,2,no
36241,44,-1636,1,no
34823,32,181,1,no
28438,43,474,1,no
43451,33,5083,1,no
13357,56,61,1,no
36034,41,355,1,no
17938,37,0,4,no
5396,29,468,1,no
8894,29,950,3,no
44796,49,1093,1,yes
30736,27,691,12,no
284,58,76,2,no
30549,32,0,4,yes
2852,42,-700,1,no
30457,47,178,6,no
3674,31,1301,15,no
11477,56,216,1,no
11207,47,414,1,no
23047,50,579,4,no
34854,37,465,1,no
41786,43,1188,2,no
22765,39,3825,6,no
41630,49,1791,1,no
30219,31,430,4,no
36541,37,1148,1,no
15444,28,24,2,yes
5246,31,1186,1,no
35034,60,5990,3,yes
11403,51,884,1,no
27666,33,3495,2,no
6601,36,-59,1,no
28503,28,-214,2,no
2363,30,-522,1,no
38255,32,3695,1,no
37363,30,365,3,no
31201,33,607,2,yes
8914,31,454,1,no
42818,45,4831,11,yes
10853,39,1415,1,no
2299,44,295,8,no
19121,47,32,2,no
9164,38,0,1,no
3799,45,-1400,4,no
18532,58,-382,12,yes
12049,35,322,4,no
42689,30,720,4,yes
10946,38,5830,3,no
13898,57,158,1,no
27031,30,239,2,no
12970,35,122,4,no
27871,31,0,1,no
2894,41,923,2,no
29170,34,50,1,no
16419,52,659,4,no
71,57,5935,1,no
37117,31,6737,7,no
42548,30,5,1,yes
21228,35,-1041,4,no
4156,32,1076,1,no
25685,32,210,1,no
582,56,99,2,no
34742,52,12,1,no
22048,34,651,4,no
17600,43,1149,2,no
14935,59,1228,3,no
37187,52,33,1,no
35267,39,0,1,no
18098,40,4,3,no
43157,24,486,2,no
42889,28,5474,4,no
3309,54,4582,1,no
24916,58,0,1,no
40911,80,1610,1,no
1491,38,5873,2,no
22405,33,4570,2,yes
6497,37,-349,5,no
43981,31,3338,2,no
9533,45,191,2,no
6492,29,844,2,no
27667,35,537,4,no
7475,40,271,2,no
16333,28,423,1,no
39854,36,688,1,no
29248,48,-535,2,no
29618,27,-401,3,no
33825,65,3629,1,yes
4514,37,715,2,no
13560,56,122,1,no
14366,34,-123,3,no
27903,52,370,1,no
38025,41,3237,3,no
215,54,-41,1,no
24984,50,541,1,no
36538,35,-465,1,no
19719,46,678,3,no
40204,49,6574,3,yes
15944,51,-113,4,no
25387,51,1202,1,no
2747,46,1483,3,no
37364,33,185,1,no
40791,57,4365,1,no
43313,51,1612,1,no
18594,44,1317,6,no
24980,46,0,1,yes
43105,29,67,1,yes
4306,57,919,2,no
38409,29,47,1,no
23631,33,0,17,no
2814,29,993,1,no
27284,44,20179,1,no
1125,29,199,4,yes
15348,25,18,1,no
12791,43,460,1,no
3031,42,171,1,no
18216,51,1337,6,no
11336,32,607,5,yes
25585,57,1828,1,no
7957,41,304,2,no
8505,30,0,1,no
18436,28,0,21,no
7091,35,0,1,yes
20848,45,113,2,no
4265,45,42,5,no
9620,37,0,1,no
19533,43,10273,2,no
15985,53,1103,6,no
20253,40,116,4,no
21717,58,258,1,no
37418,37,1572,3,no
13364,47,125,2,no
21680,36,11,2,no
6873,42,479,2,no
8041,35,608,1,no
17838,52,-1,6,no
36120,39,3047,1,no
30003,32,2853,1,no
37622,29,25,1,no
1830,34,610,3,no
12209,36,904,8,no
3050,49,1158,3,no
10884,43,1756,1,no
14541,34,1005,3,no
36368,54,397,1,no
18127,35,-468,8,yes
11948,24,39,3,no
17091,41,1018,1,no
777,42,166,3,no
5115,30,1317,2,no
6688,30,-1,1,no
25291,37,676,2,no
11025,37,-302,3,no
23647,45,377,23,no
14908,34,889,7,no
13059,39,1661,1,no
7921,32,1942,9,no
9208,53,652,1,no
7041,42,325,4,no
13439,59,133,1,no
35779,58,541,1,no
28952,45,196,1,no
42606,33,6513,1,yes
29263,37,494,2,no
15154,49,825,1,no
8479,30,218,1,no
38696,50,358,3,no
50,29,0,1,no
8935,39,1577,15,no
19459,47,1660,2,no
20079,58,1894,6,no
23662,48,323,10,no
19004,32,440,3,no
2908,41,22,1,no
33260,48,440,1,no
35062,44,-375,4,no
9881,44,349,1,no
22549,36,664,3,no
24585,37,131,2,no
43205,32,354,2,yes
7482,44,1593,3,yes
7781,51,468,4,no
31717,38,167,2,no
33233,48,161,1,no
32816,36,185,2,no
40631,55,2383,2,yes
43032,32,905,4,yes
29538,35,1891,3,no
18093,54,555,11,no
42737,30,255,1,yes
6313,24,2984,1,yes
746,43,1211,3,no
36341,28,448,2,no
23390,46,68,3,no
22221,58,0,2,no
24069,45,5346,1,yes
22878,45,222,11,no
2008,28,123,1,no
41501,19,88,1,no
1708,49,1842,2,no
32739,33,499,3,no
39278,33,-132,6,no
10338,42,273,1,no
15260,56,212,1,no
5212,28,131,14,no
1013,39,573,1,no
15391,28,17,1,no
35684,59,6237,1,no
3703,42,153,1,yes
16523,59,204,2,no
34430,31,113,3,no
22139,34,468,2,no
25203,33,99,2,no
37663,56,828,1,no
27395,36,1619,2,no
22513,41,994,4,no
18629,34,0,4,no
14789,56,0,2,no
3190,42,5774,2,no
24235,38,494,1,no
880,38,8,1,no
8529,53,4736,5,no
20489,31,-253,4,no
22020,44,0,3,no
2458,43,24,2,no
20459,30,74,5,no
29472,43,128,1,no
10902,44,2276,1,no
41781,48,1245,1,no
35386,40,32,1,no
1537,36,195,2,no
26047,52,9687,3,no
39231,35,181,4,no
42344,61,89,2,no
2572,55,708,2,no
10804,50,-437,1,no
2287,31,-759,2,no
37619,33,1233,1,no
34984,42,1491,2,no
36273,52,36,1,yes
36657,47,311,1,no
16663,40,3131,1,no
22748,37,1085,4,no
43597,61,4243,1,yes
9434,59,3180,1,no
13832,41,5517,1,yes
8719,45,644,1,yes
8958,32,944,1,no
18593,38,2398,33,no
12881,27,338,1,no
29772,36,-534,1,no
14132,55,991,2,no
2916,45,3395,1,no
41062,64,846,3,no
44255,34,1974,1,yes
35391,54,6242,1,no
38013,34,124,4,yes
18719,37,298,6,no
5196,38,776,2,no
6401,30,445,1,no
41465,41,6116,1,no
15748,43,1625,1,no
9554,41,850,2,no
1591,47,699,1,no
7213,57,806,1,no
2970,43,1109,2,no
27494,40,1200,2,no
37305,30,396,3,yes
33220,33,1454,2,no
42367,29,265,1,yes
11866,38,2885,10,yes
17583,41,3947,2,no
33847,77,1208,4,no
29956,41,402,1,no
3367,35,-68,4,no
28272,29,246,1,no
25780,30,401,1,no
20842,47,328,2,no
26838,31,2304,2,no
8,42,2,1,no
21288,36,324,4,no
23115,36,23,11,no
40507,38,7005,1,yes
40599,28,5549,6,no
33900,39,0,1,no
17151,55,496,4,no
24632,50,2242,2,no
29498,34,-75,1,no
10300,58,826,1,yes
13598,34,1,2,no
19629,53,20,2,no
3520,41,2453,1,yes
35298,47,12839,1,no
39652,21,524,1,yes
17009,48,4006,4,no
27192,58,96,1,yes
5941,54,-69,2,no
7525,24,7,3,no
41726,34,484,1,no
420,33,72,1,no
33168,36,6699,3,no
19626,32,1966,4,no
11855,41,2067,4,no
16900,27,140,1,no
4058,44,294,2,no
16708,56,1922,2,no
26211,34,368,4,no
42947,29,698,1,no
22775,33,49,3,no
34871,32,0,1,no
21897,34,100,2,no
656,33,-349,1,no
38996,48,-480,2,no
32041,37,474,1,no
24378,52,0,1,no
8876,39,518,2,no
37271,31,1127,1,no
16949,31,10122,1,no
20295,47,1127,6,no
29591,29,1288,1,no
36467,32,473,2,no
6021,32,4110,3,no
13559,46,375,1,no
25206,44,1356,2,no
38054,37,3051,4,no
20630,46,2278,5,no
23888,45,88,2,no
28302,29,163,2,no
44750,24,139,4,yes
20953,51,137,2,no
20315,47,206,3,no
33722,29,2,5,yes
4200,34,705,3,no
1820,33,88,2,no
7181,23,0,4,no
13193,56,306,1,no
21946,49,51,4,no
14474,36,51,3,no
12934,33,1326,2,no
8060,33,1897,1,no
24063,42,-247,1,yes
13727,27,-266,6,no
16917,34,568,1,no
40331,59,3735,3,yes
30508,45,490,3,no
39224,23,2530,3,no
10566,35,422,1,no
129,31,0,1,no
7709,53,3911,2,no
9694,40,947,1,no
23671,36,466,1,no
27253,40,752,1,no
21847,39,51,2,no
6553,31,-701,3,no
3699,33,0,1,no
9962,58,25,3,yes
19806,50,1064,2,no
12180,43,98,4,no
20231,31,3194,2,no
5479,31,701,2,no
8495,32,931,1,no
15654,57,753,8,no
111,29,31,1,no
21251,45,907,8,no
5646,49,-287,1,no
23144,48,957,5,no
11439,46,1844,1,no
41674,25,2140,1,no
1558,36,42,4,no
20681,50,106,2,no
8179,54,2227,3,no
27944,53,476,1,no
110,45,523,2,no
4092,50,1463,1,no
12462,43,13,1,no
38083,37,4954,4,no
8043,35,314,1,no
844,39,72,6,no
12614,26,-401,1,no
36519,54,0,6,no
10647,37,1175,2,no
5101,34,89,2,no
8764,35,5057,10,no
5580,33,2665,2,no
31152,78,2735,2,no
29457,35,1659,3,no
21363,50,9202,7,no
34956,29,183,1,no
4708,39,602,7,no
7909,38,0,4,no
3542,49,3840,4,no
21168,32,1464,2,no
37537,35,1417,3,no
36382,34,-240,6,no
18476,27,385,7,no
17985,30,0,3,no
36710,37,342,2,no
2496,54,1814,1,no
18528,33,99,3,no
44864,33,224,2,yes
20428,37,0,2,no
4884,32,2693,1,no
12201,52,2816,3,no
18534,58,4656,6,no
38345,35,1374,1,no
42479,64,43,1,yes
23653,32,8047,13,no
43881,35,3544,1,yes
1827,33,269,1,no
42876,42,3777,4,no
36255,45,503,1,no
5504,36,0,2,no
41202,46,368,1,yes
7561,55,1854,2,no
43042,58,169,1,yes
14059,53,447,1,no
8162,35,26,2,no
41479,59,315,2,no
22896,34,354,3,no
40247,34,1741,1,no
10330,39,2630,5,yes
3759,57,70,1,no
1672,46,332,1,yes
29925,28,637,1,no
2762,52,0,2,no
40229,42,4216,2,yes
6970,36,2176,2,no
2532,34,402,2,no
17718,55,1467,2,no
8570,36,-100,2,no
20860,35,434,2,yes
36751,39,0,4,no
16317,27,487,1,no
41757,56,1137,3,no
12660,43,105,2,no
220,39,378,2,no
32522,52,98,1,no
31507,32,471,3,yes
3862,58,906,3,no
39695,35,1368,1,yes
24938,41,275,2,no
30276,43,3529,2,no
45108,25,679,5,yes
2290,53,0,7,no
32859,30,393,2,no
14155,49,-195,2,no
12482,29,392,1,no
9124,38,61,1,yes
31074,27,3733,6,yes
27219,50,2497,1,no
2343,32,-428,1,no
24521,44,0,1,no
20363,36,487,3,no
11128,51,9,2,yes
13649,35,13,1,no
1787,33,134,2,no
10649,59,416,3,no
27293,30,677,1,no
11873,39,127,2,no
1423,30,717,1,no
16543,57,204,3,no
20496,55,277,3,no
7639,28,7707,2,no
35226,50,806,8,no
39766,43,0,1,no
13271,38,0,3,no
39840,36,119,2,no
33287,32,4262,1,no
13034,28,551,1,no
34795,37,141,1,yes
1682,37,111,2,no
34692,28,6,2,no
17029,35,470,13,yes
15360,29,519,1,no
23826,32,0,2,no
13309,41,19,5,no
1931,31,0,3,no
24863,31,225,1,no
41059,28,373,1,no
25513,36,2390,1,no
9805,57,0,1,no
6736,40,-90,1,no
15618,31,774,1,no
37350,30,228,2,yes
14020,30,5,1,no
26823,31,7518,3,no
817,31,435,2,no
44361,35,980,2,no
10133,60,6307,1,no
5224,33,486,2,no
9133,32,226,5,no
33631,35,731,2,no
45118,54,122,1,no
325,31,98,2,no
1681,32,190,1,no
5263,31,873,4,no
8342,42,130,3,no
38166,28,113,1,no
7398,40,795,3,no
2542,31,150,2,no
35513,31,140,2,no
41307,28,223,2,yes
14633,28,1,4,no
5502,34,-369,2,no
15445,34,99,1,no
26478,47,186,2,no
28270,42,-1,1,no
10485,49,361,2,yes
30749,27,165,2,no
20920,30,177,3,no
45027,45,2897,4,no
4776,35,2730,1,no
6913,27,5214,1,no
2917,33,673,2,no
31145,26,2509,3,yes
14785,34,855,1,yes
17163,56,4063,4,no
41193,28,1925,1,no
3954,24,366,2,no
41654,53,109,1,no
5909,34,1640,3,no
38172,23,3198,1,no
29366,46,317,7,no
2993,61,4248,1,no
35934,32,541,2,no
324,32,2558,2,no
26061,54,277,5,no
25679,35,538,1,no
12489,53,173,1,no
11901,56,3643,3,no
37485,37,68,2,no
25811,31,793,1,no
4166,28,1827,2,no
20533,46,2269,2,no
26593,43,5704,3,no
39364,46,6651,1,no
43825,54,65,4,no
2580,44,126,1,no
15672,44,2470,1,no
28087,54,-24,2,no
20980,43,354,10,no
11661,38,3054,11,no
30283,32,150,1,no
35516,49,2146,2,yes
34195,50,1277,1,no
42620,85,1934,1,no
24303,37,0,1,no
32322,74,3771,1,no
3900,46,4956,1,no
40102,27,538,2,yes
15483,31,379,2,no
33444,40,2843,1,no
30281,59,7179,1,no
31991,40,5087,2,no
18871,35,-281,1,no
36565,32,1176,5,no
27417,32,3816,3,no
9460,50,1205,2,no
17245,42,98,2,no
37157,35,2749,1,no
25240,54,368,2,no
20840,36,1941,4,no
2326,52,1135,5,no
23657,51,279,3,no
41443,51,339,1,no
23906,34,7,2,no
27615,33,1903,2,no
18125,55,1553,3,no
34602,41,-441,1,no
1069,59,10,3,no
34576,33,94,2,yes
30058,47,7351,3,no
26138,47,8515,7,no
14338,60,21,3,no
35367,35,1467,1,no
16436,43,315,2,no
37993,38,-258,2,no
18806,49,8973,10,no
27639,50,0,2,no
41261,35,1810,2,no
16420,32,0,6,no
9062,45,419,1,no
13925,41,54,1,no
18864,36,432,1,no
11981,43,985,19,no
18462,36,1023,4,no
44303,31,-248,1,no
6254,44,68,1,no
9448,59,1001,2,no
31566,42,782,1,no
41315,36,539,2,yes
37097,30,55,4,no
6891,43,373,1,no
8972,43,356,1,no
38242,34,-25,1,no
14312,55,34,3,no
19412,42,446,3,no
30213,39,994,1,no
8547,45,147,2,no
3565,44,2984,2,no
5837,34,7216,2,no
15557,27,-403,3,no
28469,51,723,1,no
32072,29,489,3,no
12792,60,3427,1,no
26610,49,502,5,no
28871,56,972,2,no
8941,34,553,2,no
24061,33,882,1,no
21042,35,495,4,no
20974,59,3062,2,no
30720,33,0,5,no
10309,35,45,6,no
35215,33,1646,2,no
38133,48,1159,9,no
44850,70,3782,2,no
6435,29,7832,2,no
33189,51,14,2,no
12654,48,19,1,no
6690,38,133,1,no
40296,24,106,1,no
38920,37,-100,2,no
8961,29,941,11,no
32452,77,639,7,no
20362,43,8,4,no
12959,44,0,3,no
43522,26,194,2,yes
7862,32,1036,2,no
773,42,0,4,no
34515,27,268,1,no
45153,61,182,1,no
3987,52,1007,2,no
43705,29,-27,1,yes
15527,35,145,2,yes
21571,33,27,2,no
24447,53,5187,2,no
17845,43,1630,3,no
35908,39,665,8,no
33228,33,2861,3,no
15428,46,19,1,no
8294,31,-218,15,no
43024,32,3271,1,yes
18503,42,4343,4,no
36050,47,2548,1,no
3886,28,103,2,no
6225,51,216,2,no
43090,27,326,1,yes
1864,33,390,2,yes
42052,45,0,1,yes
31416,36,565,1,yes
22013,32,375,3,no
10073,50,811,3,no
36528,43,591,4,no
44155,63,4692,1,no
39267,25,84,2,no
31060,36,635,1,no
12618,30,5956,1,no
13803,42,898,1,no
44511,61,1853,1,yes
25110,32,28,1,no
28213,49,399,1,no
6840,50,3636,1,no
32280,48,-251,1,no
38281,55,-466,1,yes
28653,32,678,4,no
11969,52,-297,21,no
34733,31,645,6,no
26867,46,676,6,no
31774,35,2926,1,no
24194,35,1577,1,no
43866,31,90,1,no
4615,33,10,1,no
44925,35,137,1,no
10539,52,740,1,no
40176,31,582,2,yes
33629,34,409,4,no
20574,54,658,4,no
10677,50,2198,6,no
21825,45,839,4,no
3232,58,0,5,no
18522,54,1623,8,no
5397,43,240,2,no
8490,27,178,2,yes
39087,27,409,1,yes
29174,37,-67,1,no
26060,33,3910,2,no
13368,52,49,5,no
25527,41,1495,2,no
20841,45,206,4,no
27997,58,1,2,no
19821,49,2116,3,no
7095,24,1919,4,no
20274,31,416,2,no
44848,27,802,1,yes
43160,33,71,3,yes
32705,53,2018,1,no
31687,33,663,1,no
17052,55,2387,4,no
37645,36,532,1,no
32210,42,2189,5,no
2745,54,2062,2,no
29605,52,0,1,no
44246,54,1636,2,yes
19621,56,445,2,no
6130,44,-215,2,no
38201,30,0,1,no
5875,33,899,3,no
6479,28,428,2,no
23139,52,382,7,no
10244,45,1306,3,no
13603,39,-176,1,no
16049,52,269,1,no
12989,37,897,2,no
12558,33,1038,1,no
43345,42,0,1,no
24502,32,5,1,no
34181,31,0,2,no
27009,45,2519,1,no
4349,53,208,9,no
19963,47,275,2,no
13126,28,2736,1,yes
201,47,219,1,no
16275,42,283,1,yes
6057,48,1631,5,no
22841,53,925,3,yes
22656,36,86,4,no
5526,33,2599,3,no
41793,76,163,1,no
1809,26,1326,1,no
33832,33,1450,1,no
28676,30,2212,1,no
26042,34,9895,2,no
12610,36,644,1,no
11516,39,2843,1,yes
1609,44,576,3,no
9648,28,2788,2,yes
16650,36,403,2,no
33062,38,13156,4,no
44335,77,4112,1,yes
12559,29,695,1,no
36105,34,1075,1,no
20073,46,438,5,no
42983,58,2155,2,yes
7252,41,961,1,no
45030,40,979,4,no
8659,57,316,8,no
30595,31,13,2,yes
35894,28,430,2,no
24741,53,530,1,no
44043,19,424,3,no
27055,34,6107,3,no
40146,28,153,1,no
2306,25,1,12,no
858,38,208,1,no
35135,39,1304,3,no
23368,32,5118,12,no
34331,55,1199,10,no
42755,54,0,1,yes
29648,37,80,2,no
8709,33,982,17,no
22518,50,72,13,no
35616,26,518,3,no
37301,35,0,2,no
586,35,0,2,no
14509,41,514,3,no
43629,30,451,1,no
34174,26,553,3,no
2866,41,2823,1,yes
20405,30,3362,2,no
27011,38,8669,6,no
13749,44,-710,1,no
42752,50,51,3,no
14978,38,0,5,no
8318,39,592,2,no
22865,30,276,5,no
16511,28,-7,5,no
28865,35,210,3,no
5654,31,31,2,no
28617,41,869,2,no
43308,60,8332,1,yes
13479,30,6,1,no
18687,37,-426,30,no
14315,28,62,3,no
8616,27,295,13,no
42931,46,1144,2,yes
30443,30,728,1,no
34531,23,-503,1,no
19190,31,84,4,no
8994,38,1574,1,no
18333,46,870,2,no
968,29,703,5,no
2909,42,3641,1,no
40335,30,8535,2,yes
748,31,281,2,no
40566,39,972,4,no
39524,37,7620,3,no
25616,54,6427,1,no
41838,74,279,1,no
20212,36,-2,2,no
44326,53,2557,4,no
15382,39,-234,1,no
2418,28,52,1,no
41,44,2586,1,no
25912,30,0,2,no
15758,45,695,1,no
17513,36,8,7,no
39598,60,846,1,yes
41381,43,970,13,no
10078,53,1128,1,no
30451,36,190,1,no
16782,33,7,1,no
43812,28,128,1,yes
4087,43,674,1,no
18796,49,199,25,no
6664,28,1214,1,no
32213,40,158,1,no
44139,57,1044,1,yes
19731,33,801,5,yes
32865,51,1126,3,no
43653,51,0,2,yes
22692,46,1083,9,no
4703,27,-215,3,no
5261,34,2490,1,no
1127,46,1571,2,no
43579,29,2955,2,yes
36784,42,470,4,no
4673,30,1724,1,no
21434,30,2832,6,no
41548,56,2815,1,yes
14858,37,2707,1,no
26404,32,11512,1,no
44685,22,249,1,no
19175,48,770,2,no
72,31,25,1,no
24239,52,1701,1,no
26215,49,852,1,no
12102,38,455,5,no
26067,35,951,2,no
27122,46,3155,1,no
43361,33,4176,3,yes
38595,40,5,2,no
18876,40,9221,1,no
20884,32,199,1,no
32872,28,175,1,no
31873,28,781,6,no
16622,29,444,2,no
28905,26,110,2,yes
20895,35,354,1,no
7143,38,44,1,no
38014,55,-219,2,no
17147,44,908,7,no
6366,37,-333,1,no
21708,31,1072,3,no
27366,54,235,2,no
38700,39,-529,8,no
29513,59,44134,1,no
3917,35,8,18,no
13048,29,170,1,no
27092,30,455,1,yes
18268,38,311,11,no
17703,27,-242,21,no
43464,32,2016,1,yes
40670,46,5127,1,no
15822,59,1889,1,no
3564,36,900,2,no
26727,34,1433,3,no
1481,43,1824,1,no
18842,45,2433,1,no
26722,43,5670,4,no
6355,27,1043,2,no
45087,38,536,1,yes
2030,42,333,3,no
18672,49,403,2,no
24191,54,4028,1,no
41014,34,2279,1,no
6995,50,2706,3,no
43376,31,522,4,no
35861,56,935,2,no
19001,46,1720,2,no
26286,45,1187,1,no
8446,43,3862,1,no
24924,48,2877,1,no
10290,39,257,1,no
32272,28,-1,1,no
29818,36,1055,1,no
21070,32,3616,2,no
199,43,400,1,no
28935,37,88,1,no
12002,55,241,6,no
44935,47,1011,1,yes
18903,38,691,1,no
10736,48,1080,3,no
2248,44,78,2,no
20724,35,46,2,no
19528,45,1738,2,no
30552,42,906,2,no
251,49,428,1,no
43818,45,1831,2,yes
45150,38,88,2,yes
42086,70,2384,2,yes
41092,54,0,2,no
6649,29,420,3,no
27475,42,-67,2,no
21661,40,0,2,no
32397,38,2084,2,no
29381,59,0,2,no
21532,45,2805,2,no
19927,49,10,2,no
45156,44,121,1,yes
7412,32,1731,3,no
3634,27,7,2,no
24650,57,1502,2,no
15528,32,473,1,no
34952,29,2203,2,no
15021,34,40,2,no
10836,41,475,3,no
38413,25,1395,1,no
31140,30,985,2,no
2562,51,36,2,no
39845,43,1025,1,no
32419,41,-692,3,no
38461,23,556,2,no
35551,39,62,3,yes
29265,60,292,5,no
42388,32,390,1,no
38049,41,356,5,no
16113,43,957,4,no
22452,34,559,2,no
45201,38,557,4,yes
35109,36,777,3,no
7601,42,508,1,no
19285,48,249,6,no
13652,50,0,5,no
33439,27,4333,1,yes
35019,47,2303,2,no
15247,27,0,6,no
26837,53,3398,6,no
42148,33,0,3,no
21029,36,867,2,no
37343,34,0,1,no
44330,57,1181,2,yes
25765,38,0,1,no
29168,29,1027,1,yes
34464,46,2889,1,yes
22720,36,46,4,no
24623,53,2269,2,yes
34861,34,4902,1,no
33226,35,0,3,no
12682,35,534,3,no
25995,48,879,3,no
33558,41,449,6,no
44942,34,549,2,yes
5265,35,90,1,no
21814,49,314,2,no
32108,51,421,2,no
29502,39,118,1,yes
29780,43,392,1,no
32463,32,932,1,yes
41974,44,36,2,no
3357,54,2933,2,no
18347,25,2307,5,no
20138,60,115,2,no
29334,41,320,2,no
20905,59,3562,1,no
26364,55,29484,2,no
9563,59,40,1,no
18730,57,0,16,no
36331,40,695,1,no
8769,26,-12,1,no
11844,42,-9,1,no
33163,34,556,2,no
24759,37,195,1,no
10670,50,3191,2,no
18844,31,6699,1,no
24972,34,3520,1,no
30940,29,28,2,no
40126,22,377,1,no
2790,54,532,1,no
38937,29,96,1,no
8526,47,-478,6,no
30580,30,1282,2,no
6757,28,6307,1,no
32977,57,621,3,no
6429,39,768,4,no
19081,41,1409,1,no
5427,47,382,4,no
3549,42,1364,6,yes
7977,42,519,3,no
21529,57,295,11,no
39479,28,957,2,yes
2339,25,335,1,no
44995,27,279,1,yes
22112,44,243,4,no
29446,50,1158,3,no
29323,83,6236,2,no
42943,28,266,1,no
42245,82,0,1,yes
7517,26,1600,3,no
35999,49,993,1,no
8135,34,712,3,no
44099,70,2795,1,yes
23677,31,459,14,no
25034,36,24,1,no
11745,57,9689,1,no
11270,47,1880,2,no
30923,39,20,5,no
8962,29,0,3,no
12703,41,1618,2,no
6676,29,-15,1,no
14159,55,642,2,no
5763,36,101,1,no
25268,33,703,2,no
14576,26,27,3,no
2001,52,226,4,no
5546,31,1074,2,no
8369,43,-872,1,no
39649,47,17023,2,no
14793,34,-28,1,no
13474,41,1583,1,yes
3453,34,202,1,no
27248,55,319,3,no
2758,30,447,6,no
43115,35,747,2,no
24250,49,1114,1,no
43383,31,9629,1,no
17378,36,229,2,no
32684,40,556,1,no
41039,37,1276,2,yes
6657,45,-839,1,no
36049,40,0,1,yes
20296,55,1512,4,no
34243,35,977,4,no
31400,34,212,8,yes
35621,38,117,1,no
29616,38,613,1,yes
27125,31,796,1,no
27320,54,5784,5,no
4519,40,-740,3,no
28985,40,5,1,no
17860,52,1746,9,no
39808,48,332,1,no
19710,32,312,3,no
20251,41,4495,5,no
14770,37,177,3,no
17122,46,-271,2,no
31604,39,10200,4,no
9827,47,361,2,no
12170,47,2155,3,no
30878,33,559,6,no
29118,34,-508,1,no
45093,43,2081,3,yes
42459,59,957,2,yes
30057,33,304,2,no
17732,44,4389,1,no
10802,37,984,1,no
14758,44,345,8,no
1033,37,16,3,no
17937,37,43,2,no
30020,34,531,1,no
2246,28,205,3,no
27474,31,4123,2,no
41082,32,12607,5,no
33007,35,1935,2,no
19691,45,2657,3,yes
1078,27,0,4,no
9378,51,9796,1,no
35302,25,520,1,no
8092,34,-20,2,no
1254,34,0,2,no
37185,33,1064,1,yes
2831,49,1160,1,no
34498,38,930,1,no
37700,53,146,1,no
35096,44,49,2,no
5357,32,3155,3,no
7331,46,2940,2,no
22530,60,30,4,no
35306,31,1882,2,no
2305,39,661,4,no
9646,50,1502,2,no
19109,43,192,2,no
28933,34,181,1,no
42788,52,2557,5,yes
36168,41,428,1,no
35781,32,0,2,no
24654,51,856,2,no
533,42,518,1,no
9385,53,6408,1,no
30605,33,387,5,no
16827,32,4612,4,no
963,44,187,1,no
14402,31,0,3,no
38945,31,301,6,no
21550,60,0,4,no
2323,45,333,3,no
3934,41,208,3,no
1415,44,185,1,no
9302,45,334,2,no
29112,47,585,1,no
44679,60,12980,2,no
6194,33,991,1,no
34134,35,-288,3,no
13994,31,46,1,yes
9589,39,3050,7,no
28772,31,1384,2,no
11994,52,3421,8,no
29275,57,123,2,no
21990,37,16,1,no
3106,40,277,2,no
31800,67,1443,1,yes
5611,37,876,4,no
27683,40,180,4,no
28613,33,-53,2,no
34390,29,3317,7,yes
10100,41,8368,1,no
8566,31,0,5,no
10352,39,1367,1,no
10382,38,702,1,no
41679,37,1027,1,yes
18251,50,3337,14,no
12893,32,-267,1,no
7135,40,1938,1,no
21930,47,0,3,no
19177,33,488,2,no
22325,52,1339,5,no
36216,38,493,1,no
29216,46,5261,1,no
44522,42,27696,1,yes
23620,36,-158,7,no
19449,56,0,4,no
28991,28,53,1,no
652,38,221,2,no
41659,26,132,1,yes
19093,35,0,2,no
29308,49,157,2,no
18533,38,1911,4,no
36194,49,100,2,no
6212,50,-44,1,no
38849,32,545,1,no
23648,33,77,6,no
38693,34,183,4,no
20375,48,719,5,yes
20497,38,554,4,no
13205,29,359,1,no
36823,41,139,3,no
3582,43,2767,7,no
18973,39,0,3,no
15638,29,3357,3,no
1685,47,187,1,no
10241,41,1755,10,no
12587,30,-130,2,no
5160,36,625,2,no
27250,57,29207,2,no
14934,40,394,5,no
37517,31,1510,4,no
1912,28,948,1,no
42141,33,1697,1,yes
9255,39,1537,2,no
32583,29,32,1,no
41243,71,2651,3,no
8944,39,104,2,no
32525,40,127,1,no
44030,35,978,2,yes
30035,53,856,2,no
10116,39,7653,2,no
16124,53,3126,1,no
7307,33,455,10,no
21493,38,3278,14,yes
24756,43,13342,1,no
13642,53,-139,3,no
3151,57,3105,11,no
5752,33,-53,1,no
30739,33,1412,2,no
3941,33,153,2,no
31575,41,-41,1,no
7647,37,3167,1,no
10390,54,734,1,no
23880,48,105,2,no
13378,38,121,2,no
32204,39,0,1,no
25987,37,5340,2,no
22454,33,-298,2,no
23001,54,965,4,no
12213,40,67,5,no
33024,50,104,3,no
23921,38,0,2,no
35362,28,682,1,no
27971,48,547,1,no
18003,36,2178,2,no
40725,58,687,1,yes
16178,29,1432,8,no
37868,50,4527,1,no
19166,53,1343,4,no
35122,35,275,3,no
28909,57,523,6,no
7687,40,-199,1,no
41207,37,781,1,no
2373,29,0,1,no
20383,44,12,3,no
2151,56,179,2,no
42246,47,4693,1,yes
40760,80,355,1,no
27806,27,28,1,no
27523,33,44,2,no
30153,28,1246,2,no
5159,23,965,4,no
31761,55,1358,1,no
18835,35,303,1,no
25248,36,549,2,no
19452,51,0,8,no
34727,30,-327,1,no
15017,43,556,1,no
1396,44,240,2,no
26797,32,5075,2,no
16442,27,607,3,no
42815,35,154,2,no
10611,37,400,1,no
3738,39,0,2,no
44027,23,488,1,yes
3065,29,387,1,no
38365,29,149,2,no
8248,44,-119,5,no
1320,37,105,2,no
13299,26,102,2,yes
32189,40,985,3,no
4216,41,4357,1,no
22634,33,8971,1,no
40961,32,5,1,no
37959,50,124,2,no
33760,31,676,2,yes
41862,37,4017,1,yes
27873,31,596,1,no
32691,49,1096,1,no
39051,55,0,1,yes
4145,53,10,1,no
38942,44,1042,1,no
35905,50,356,2,no
43180,49,228,1,yes
37765,26,468,2,no
29576,31,845,2,no
41351,34,980,2,no
26677,45,-497,1,no
6101,44,-222,3,no
9313,42,21861,2,no
19205,50,330,3,no
41846,61,6384,2,no
28978,47,86,1,yes
16145,29,0,3,no
18047,57,3819,2,no
26946,31,1447,2,no
18222,54,23,4,no
35563,33,1221,6,no
33731,29,482,1,no
20281,49,653,2,no
13283,28,31,2,no
3508,48,1103,1,no
30965,48,354,4,no
10784,50,0,3,no
10701,38,7124,6,no
9314,52,3258,3,no
1994,56,-435,2,no
28595,45,185,3,no
42700,47,820,1,yes
15003,37,43,2,no
21299,47,1979,6,no
8443,40,-754,3,yes
31322,32,-34,1,yes
26344,33,9670,1,no
28559,37,414,2,no
9768,37,0,1,no
30370,46,939,2,no
35762,31,1090,1,no
17294,56,-141,4,no
2212,29,330,2,no
29272,29,321,2,no
8280,35,532,1,no
17787,47,617,7,no
40863,32,484,2,yes
24476,52,3440,1,no
4010,43,3608,6,no
32432,39,2140,1,no
937,49,90,1,no
41139,39,445,1,no
5564,28,-303,2,no
20211,45,1780,4,no
27788,48,1678,2,no
38298,37,-29,1,no
44488,60,824,1,yes
22091,38,13,2,no
10742,54,417,2,no
5662,37,-886,1,no
42099,33,2485,2,no
11934,31,813,18,no
43994,45,1818,1,no
21971,53,988,5,yes
14937,33,296,2,no
34819,39,1428,1,no
22908,34,1035,10,yes
23209,51,1121,4,no
41538,26,13887,4,no
11476,46,1712,1,no
35873,39,1685,1,no
40839,81,0,1,no
15143,38,37,1,no
8910,42,-172,1,no
18167,45,1300,3,no
20778,59,782,2,no
37816,58,2246,2,no
16881,43,11532,1,no
42078,33,2934,1,no
21024,33,0,2,no
30634,26,2722,1,no
17640,32,2578,3,no
39316,36,-173,3,no
13612,34,49,1,no
38662,34,3160,8,no
31279,57,256,1,yes
39798,52,1998,1,no
7708,41,96,2,no
22818,54,2255,6,no
14919,38,1314,2,no
44127,35,170,1,no
15665,60,380,1,no
11987,38,6999,2,no
42209,73,9160,2,no
12052,49,4134,2,no
8414,30,227,1,no
39128,34,1068,6,no
278,49,47,2,no
11132,33,729,5,no
6232,29,1057,1,no
803,36,184,3,no
29853,28,0,1,no
41730,55,377,1,no
36934,60,-247,2,no
24041,49,0,1,yes
41203,48,1010,1,no
42091,51,1585,4,no
31119,37,5355,4,yes
34063,24,474,1,yes
18886,55,236,1,no
34196,34,1058,1,no
32999,38,-17,3,no
23599,36,837,6,no
35485,35,1033,2,no
41058,19,60,1,no
18378,35,1742,2,no
36833,27,292,9,no
33203,29,127,1,no
31137,28,0,20,yes
6268,26,21,1,no
32870,32,103,1,no
21986,35,24,2,no
14696,41,8,2,no
8932,54,2957,2,no
862,53,236,1,no
11287,36,1024,2,no
31179,50,8345,1,yes
26567,41,875,1,no
17847,28,376,4,no
32759,43,1127,3,no
33257,34,-228,3,no
32631,51,615,1,no
35703,35,0,1,no
34127,47,2173,3,no
33212,35,122,5,no
36755,59,92,2,no
1577,34,221,4,no
14487,43,274,4,no
42283,36,376,1,yes
3698,40,1688,1,no
29607,39,-114,1,yes
24712,34,0,1,no
17357,34,262,3,no
22228,45,-459,6,no
19593,45,1288,6,no
41173,29,2531,1,yes
27761,60,8025,1,no
22135,50,-210,7,no
2147,28,-214,3,no
8035,36,0,1,yes
17193,30,1235,3,no
1648,31,22,3,yes
11731,45,550,1,no
10676,35,-281,15,no
30512,60,473,2,no
36970,36,578,2,no
29187,37,1404,1,no
34162,33,0,2,yes
41962,57,6900,4,yes
20266,57,856,6,no
32009,35,5271,2,no
35568,32,1274,2,no
27335,34,6203,2,no
30444,42,315,1,no
4505,40,877,6,no
35159,30,0,1,no
30490,41,0,2,no
3445,53,-197,1,no
38176,38,773,1,no
29489,36,1291,1,yes
7450,59,3163,2,no
3215,52,-191,1,yes
7295,36,959,4,no
25485,47,392,1,no
19197,36,546,3,no
31639,47,1544,1,no
19859,52,172,2,no
30612,41,-117,6,no
13346,60,874,3,no
37952,33,405,4,no
37544,38,1149,4,no
5844,34,1257,7,no
35752,51,-35,1,no
39745,51,994,3,no
23830,45,54,3,no
11314,48,2582,4,no
26866,44,4580,2,no
42636,87,2190,2,yes
5343,34,2495,1,yes
29855,38,227,1,no
2849,25,329,2,no
14217,25,10,2,no
43617,36,7222,1,no
30289,48,658,4,no
5882,24,984,3,no
6530,28,10865,3,no
42816,26,592,2,no
33236,30,63,1,no
6109,36,0,2,no
11266,58,2729,1,no
28144,43,373,1,no
5467,42,139,1,no
17965,51,0,4,no
41768,54,2216,1,no
45172,33,690,3,no
40868,28,0,1,no
30945,58,42,6,no
17995,32,7,3,no
22762,30,604,2,no
7985,55,3339,1,no
28959,22,148,1,no
25297,43,1943,2,no
8240,29,301,5,no
36067,36,483,1,no
23643,54,1258,14,no
43286,36,495,3,yes
13098,55,22,1,no
4741,35,190,3,no
18685,34,1,6,no
14939,42,3465,2,yes
19790,32,5204,2,no
6940,33,-409,1,no
21383,52,1134,4,no
22127,38,1960,2,no
15395,31,-429,3,no
33875,29,1441,1,no
16316,36,62,2,no
28568,36,0,3,no
29110,27,1411,1,no
43327,58,1965,1,no
25332,39,8,1,no
25265,38,4644,2,no
19269,45,142,4,no
13659,47,3434,1,no
10824,45,1735,1,no
21689,39,1,2,no
33301,34,1161,5,no
30728,47,-80,3,no
43477,35,1178,2,no
10505,46,68,3,no
36896,38,14,2,no
21402,40,0,7,no
35495,33,543,2,no
18487,50,1553,2,no
23790,49,413,2,no
16597,37,-204,1,no
35262,33,494,1,no
40731,35,2971,2,no
3096,44,728,11,no
28094,26,4130,2,no
36277,31,2153,3,no
8933,42,250,16,no
13476,40,4,1,no
38106,28,1900,6,no
31925,30,2544,2,yes
38630,27,-179,2,no
43816,55,379,3,no
40454,54,1633,2,yes
41834,26,766,2,yes
21784,58,72,5,no
16452,27,4848,3,no
14797,31,35,1,no
19772,41,2123,2,no
16027,60,0,1,no
15663,44,0,1,no
37986,29,792,2,no
18509,57,271,4,no
14862,47,28,1,no
21540,44,54,2,no
42795,52,306,1,yes
19581,60,2008,2,no
1823,34,-331,1,no
38228,32,91,2,no
6207,28,0,1,no
34713,33,0,2,no
44735,77,1385,4,no
32282,31,183,1,yes
42802,46,179,4,no
15826,57,-609,1,no
16020,32,283,2,no
18011,42,92,2,no
34805,21,3033,1,no
30830,29,291,9,no
26488,34,13204,2,no
3022,44,0,7,no
5217,39,1601,2,no
18634,51,833,3,no
33979,57,478,1,no
36182,34,-10,1,no
30423,33,28,2,no
14598,57,458,3,no
36211,43,553,1,no
4409,35,24,1,no
4281,31,47,9,no
24637,49,23,2,no
40257,24,454,1,no
40972,44,14,1,yes
31834,39,271,1,no
14164,27,-36,10,no
39499,31,8626,1,no
25809,42,300,1,no
8375,25,120,1,no
25457,33,2744,1,no
31833,35,24,1,no
23461,41,294,14,no
17833,60,6657,19,no
4048,36,122,7,no
1555,42,106,3,no
8478,35,-269,2,no
11033,46,358,2,no
30305,41,-378,1,no
36244,42,1450,2,no
41592,29,874,1,yes
13470,31,1023,1,no
2400,24,-10,1,no
41684,54,8295,2,yes
22465,33,80,2,no
30865,31,655,6,no
23679,32,723,27,no
7239,36,439,2,no
44170,23,1298,1,yes
9037,23,2673,2,no
37492,36,38,2,no
15781,26,81,3,no
9872,46,9326,1,no
3417,39,193,1,no
39060,30,327,2,no
34422,38,1390,4,no
22653,39,115,9,no
39933,58,12322,2,no
22049,31,744,3,no
44069,32,4024,1,no
417,40,77,1,no
21720,32,0,1,no
5947,30,975,1,no
44332,61,4629,3,yes
36303,50,199,2,no
41300,21,1596,1,no
3032,32,116,1,no
9187,56,855,2,no
31531,39,113,2,no
4029,35,368,3,no
22289,47,3279,4,no
29982,32,557,2,no
23979,38,46,4,no
12594,47,321,1,no
20076,51,440,5,no
45127,54,876,3,yes
12785,40,-1,1,no
41637,23,4545,1,no
12640,29,2802,2,no
36509,39,0,7,no
45135,70,0,1,yes
24987,50,-353,1,no
11864,54,515,2,no
41000,35,5007,1,no
25097,42,2110,1,no
14219,31,916,2,no
32088,58,0,5,no
29939,51,1594,1,no
99,39,0,1,no
25904,44,7800,1,no
7463,32,298,7,no
22366,38,196,2,no
24877,51,1194,1,no
22417,46,599,2,no
4266,29,-233,1,no
19462,37,2505,3,no
30759,50,-298,8,no
7651,27,437,2,no
31756,30,8623,3,no
31339,61,5157,1,no
2389,54,0,1,yes
36119,42,174,1,no
12623,59,153,3,no
31676,38,271,3,no
24214,55,1402,1,no
9556,59,444,1,no
24751,59,201,2,no
15244,41,107,17,no
24660,35,216,3,no
11265,51,2682,1,no
18239,39,391,4,yes
23696,35,0,2,no
35584,24,-540,2,no
3754,27,15,1,no
21245,36,2944,8,yes
32170,19,626,1,no
23293,41,875,6,no
21454,31,3701,3,no
2021,34,484,4,no
22038,45,236,2,yes
14914,44,1431,2,no
37775,30,-177,1,no
40742,37,250,1,no
38801,32,-283,2,no
14890,27,451,1,yes
34581,31,130,1,no
28419,39,208,1,no
1509,40,879,3,no
21105,36,318,4,no
4539,36,2030,1,no
43379,40,3126,2,no
20121,45,356,2,no
26435,46,0,1,yes
18671,30,12,31,no
4616,39,451,1,no
35881,39,1143,6,no
2508,36,1165,4,yes
41331,39,93,1,no
18755,47,3285,5,no
14092,47,1073,3,no
25962,57,3495,3,no
30960,29,673,3,yes
4254,49,402,1,no
41717,63,0,2,no
24248,52,2901,2,no
15385,27,283,1,no
7917,31,0,12,yes
954,37,115,1,no
16141,35,507,2,yes
7719,44,787,2,no
3162,43,0,3,no
31979,30,695,2,no
42712,62,243,1,no
14051,36,1339,1,no
35912,41,-370,2,no
5905,28,0,3,no
2659,40,93,2,no
26447,34,16,1,no
25549,31,1881,1,no
4818,33,2764,1,no
21672,45,251,2,no
44652,48,1819,1,yes
24350,56,-155,1,no
43452,35,2201,1,yes
34016,30,414,1,no
2667,31,0,2,no
40974,67,0,2,no
28637,32,0,3,no
34483,53,513,3,no
21421,38,1221,7,no
31275,30,988,9,no
45123,40,262,1,no
10370,47,137,1,no
11015,55,148,3,no
15591,50,2790,2,no
32825,33,-274,2,yes
44674,49,228,2,yes
3894,41,647,1,no
32549,34,703,2,no
31476,32,1743,1,no
848,42,-246,1,no
6836,31,-779,2,no
11083,44,0,5,no
13859,33,-84,3,no
27594,45,133,3,no
12348,28,-7,2,yes
25500,45,2185,4,no
34193,36,130,1,no
15482,26,0,6,no
11322,38,393,3,no
20834,40,66,4,yes
27576,30,2929,2,no
8421,36,743,1,no
30543,40,533,4,no
30951,31,937,3,no
12215,46,-49,23,no
17349,49,73,11,no
44360,34,822,1,no
41447,19,527,3,no
17688,46,0,12,no
32841,37,7785,2,no
16630,34,2656,1,no
35463,30,239,3,no
28860,37,-175,4,no
31155,36,-1,3,no
28522,55,574,2,no
6584,32,0,3,no
24910,30,4787,1,no
7338,45,1778,5,no
2291,38,573,7,no
10531,45,1678,2,no
8802,30,578,1,no
9166,43,848,2,no
33115,41,563,12,no
21596,42,1079,6,no
20624,49,599,1,no
33531,36,421,2,no
23638,53,37,9,no
10264,59,2432,2,no
18584,44,-612,1,no
26775,45,5461,2,yes
17708,53,1815,6,no
41473,36,52,1,yes
4856,32,102,11,no
41811,35,1830,2,no
30279,54,925,1,no
7226,52,1177,1,no
17272,60,3570,2,no
42882,77,2123,4,no
44548,44,1791,1,yes
34425,34,26575,6,no
29638,43,473,3,no
16101,30,537,2,no
38442,58,5431,3,no
1454,43,34,3,no
10158,49,64,1,yes
6073,35,77,3,no
11668,35,2830,12,no
18173,46,4000,3,no
34870,45,0,3,no
27967,60,1369,2,no
44874,35,0,1,no
39948,54,2587,2,yes
13326,32,191,4,no
41924,87,6746,1,yes
15231,29,1413,4,no
27381,39,0,7,no
35696,31,1144,2,no
31695,33,706,1,no
9061,42,1007,1,no
29953,35,341,2,no
41371,34,869,1,no
24335,59,283,1,no
14735,49,278,6,no
13682,56,237,4,no
14760,32,210,2,no
42852,31,302,1,yes
24746,33,751,1,no
2195,48,164,2,no
21325,31,0,2,no
21975,31,0,2,no
15913,34,145,2,no
7569,42,685,4,no
41279,36,255,6,yes
6809,38,61,1,no
12359,32,187,3,no
43591,41,0,3,yes
28080,33,1,2,no
14566,29,0,3,no
20547,57,396,2,no
34496,54,714,1,no
13815,52,2072,1,no
42154,34,1778,1,yes
19444,50,706,4,yes
14943,40,641,6,no
3278,43,960,2,no
15159,59,6108,2,no
27469,53,2693,1,no
17156,35,670,18,no
16380,49,2405,8,no
23345,32,4393,3,no
41330,28,4985,2,no
9452,56,359,4,no
8791,27,-132,1,no
33779,29,246,14,no
42097,57,1832,2,no
28323,32,-32,1,no
9770,40,397,1,no
5677,43,0,3,no
9699,28,822,18,no
18488,39,2077,21,no
15939,34,1703,5,no
19305,58,13189,2,no
14515,58,928,3,no
20729,54,284,4,no
19373,60,1720,5,no
305,53,257,2,no
483,41,767,1,no
27928,43,181,1,no
28881,34,243,4,no
44209,49,1946,1,yes
36987,39,481,3,no
3446,51,1779,2,no
8756,29,-271,1,yes
29482,29,222,1,no
32991,30,-172,4,no
1419,33,879,1,no
4013,36,279,6,no
11800,53,-223,1,no
13798,30,0,1,no
30685,27,0,1,no
9234,39,3583,2,no
36691,56,351,4,no
21417,46,250,6,no
23868,31,0,4,no
31711,35,1859,1,no
6811,36,79,2,no
8669,42,147,21,no
43918,30,4082,1,no
19138,44,1788,2,no
15728,48,414,2,no
36757,35,855,1,yes
20316,35,289,10,no
17813,44,1109,4,no
7593,35,4,1,no
12109,43,2968,4,no
16345,26,8,1,no
14181,28,565,2,no
27858,44,3945,1,no
32612,54,551,1,no
41017,56,9367,2,yes
29090,40,746,1,no
32508,30,459,1,no
44044,41,985,2,yes
33358,55,462,1,no
7194,40,832,1,no
39700,25,425,1,no
27328,58,26254,1,no
1688,30,1825,1,no
3483,33,-625,1,no
9619,43,311,1,no
43663,80,594,2,no
1700,25,55,1,no
22844,42,827,3,no
20934,56,379,5,no
10950,59,0,2,no
10965,57,926,3,no
23524,42,1608,21,no
4501,34,8132,1,no
9799,57,0,2,no
21435,52,0,4,no
30715,50,1790,3,no
20027,34,2093,6,no
23177,31,730,6,no
40114,41,631,3,no
21462,60,808,3,no
19298,43,-127,2,no
3856,32,916,2,no
14349,28,2919,3,no
24638,42,2636,2,no
5456,39,104,6,no
35948,56,39,2,no
41658,56,1866,1,no
21957,39,224,2,no
34340,56,9367,2,yes
12026,41,1588,8,no
7746,51,3122,2,no
30311,47,289,1,no
31259,23,0,2,no
32502,37,590,1,no
1732,41,406,1,no
28853,32,-1161,5,no
22875,47,799,4,no
32755,41,445,1,no
2902,45,246,1,no
32951,53,-163,2,no
16891,29,-62,1,no
3629,35,1455,6,no
30995,32,261,5,no
37768,28,22,2,no
37073,30,248,1,no
7636,35,565,1,yes
26591,31,9911,1,no
4202,27,512,1,no
37434,39,93,2,no
20580,52,106,4,no
40338,30,2567,4,yes
11758,35,347,1,no
43548,29,1445,2,yes
4648,39,351,3,no
38670,46,-119,2,no
42358,31,9421,1,yes
37626,31,125,1,no
14994,38,14058,20,no
28964,46,-179,1,no
7802,31,342,2,no
11122,55,1101,3,no
21821,30,26,2,no
23158,41,1757,13,no
35723,41,1428,1,no
21722,33,268,1,no
14766,49,0,8,no
2238,39,504,1,no
20769,54,3002,4,no
4565,30,673,2,no
13534,31,933,1,no
12761,48,666,6,no
41319,68,2820,2,no
32975,51,216,3,no
31437,44,2756,4,no
7946,54,3782,4,no
15645,27,0,6,no
11030,53,232,2,no
4204,20,67,1,no
12631,40,13,1,no
24027,57,42,4,no
15401,30,4145,1,no
37268,58,747,1,no
8898,28,1103,11,no
10766,50,1537,6,no
15720,51,2455,1,yes
30913,48,1009,5,no
16112,39,651,3,no
33029,33,1190,2,no
25841,33,6138,1,no
30381,50,-5,1,no
38669,37,2120,3,yes
12740,37,1523,2,no
13926,37,-54,6,no
25450,33,48,5,no
5554,32,1247,3,no
27144,49,14440,1,no
18296,45,385,16,no
21451,37,2074,2,no
492,29,1,1,no
10747,38,-272,2,no
42595,33,212,1,no
15651,30,0,1,no
12984,46,14,1,no
14189,40,178,2,no
9977,25,116,4,no
43963,32,131,1,yes
8226,47,1375,2,no
33882,38,0,1,yes
30065,38,535,2,no
43118,79,1910,2,no
28681,57,641,4,no
16972,36,147,1,no
4885,31,1243,1,no
37962,46,196,2,no
4507,37,2240,1,no
11584,38,2674,2,no
39228,37,-83,4,no
903,32,0,2,no
41296,42,294,1,yes
26442,55,361,2,no
9285,44,363,2,no
6989,39,2612,4,no
27172,31,-159,1,no
41270,53,65,2,no
20303,34,1273,2,no
44478,25,1028,2,no
20650,58,528,3,no
36553,39,223,2,no
23310,32,356,6,no
5383,29,-753,1,no
34131,46,3914,1,no
27052,33,0,6,no
6076,52,-63,4,no
15923,35,561,1,no
25392,46,177,1,no
19063,58,1547,4,yes
15594,34,-45,4,no
1158,31,2827,3,no
7196,53,1301,1,no
17888,43,511,7,no
37553,45,528,7,no
1046,34,42,2,no
16455,32,799,6,yes
11835,47,1111,4,no
26802,54,3859,3,no
1286,39,220,2,no
36980,43,620,4,no
25076,44,3603,1,no
40668,67,2812,1,no
35339,51,0,1,no
11822,47,302,3,no
31320,44,1058,3,yes
13730,42,97,2,no
26555,40,7711,5,no
41681,30,613,1,no
23331,34,391,8,no
7539,37,490,1,no
4727,34,1831,2,no
3170,57,3625,3,no
28266,33,1345,1,no
32049,65,5251,5,no
21172,51,71,2,no
25270,55,816,3,no
30054,43,953,2,yes
14795,47,1710,2,no
34281,41,1354,2,no
43703,28,2335,1,yes
15607,38,2357,1,no
21544,43,143,2,no
32510,35,-402,1,no
20723,32,-413,2,no
9832,36,179,1,no
21620,53,139,17,no
28969,36,812,2,no
39435,39,2208,2,no
21056,31,3322,2,no
19987,33,2907,1,no
29052,30,604,1,no
21565,56,33,2,no
2277,32,-24,4,no
4983,33,892,1,no
41973,40,0,2,no
3503,30,370,1,no
43147,56,4623,1,yes
16298,39,94,3,no
10411,51,3073,1,no
39495,55,393,1,no
41669,34,1363,1,no
17808,35,0,12,no
17679,39,394,2,no
40447,30,330,1,yes
25262,46,1267,2,no
37675,49,87,2,no
37918,29,1331,1,no
21246,45,4971,9,no
23097,50,370,6,no
45182,46,6879,2,no
16424,43,-465,1,no
9056,57,4046,1,no
28812,36,317,2,no
30631,33,2583,1,no
12733,59,1914,3,no
41723,56,16873,1,no
35181,32,41,1,no
36463,42,292,3,no
29061,47,583,1,no
41744,27,3415,3,yes
23075,48,2537,6,no
43673,42,27696,2,yes
39885,53,109,1,yes
11071,37,10465,6,no
26928,34,3167,1,no
410,46,1660,1,no
9236,53,1347,2,no
25640,35,1095,2,no
40294,27,522,1,no
958,57,502,3,no
28473,60,615,1,no
3291,47,2354,1,no
14024,35,0,1,no
28389,46,589,2,no
6833,28,419,2,no
41721,32,272,2,no
5758,32,358,1,no
370,23,157,1,no
18341,42,4617,2,no
14165,59,1250,2,no
37637,41,14,3,no
40323,58,6711,3,no
29276,37,230,2,no
28159,34,673,1,no
6927,36,3254,3,no
22333,34,229,2,no
25238,33,480,2,no
34796,46,16,1,no
7516,20,2764,2,no
40034,43,3917,2,yes
15120,50,216,3,no
13753,30,-68,1,no
43346,29,3290,1,yes
1228,33,1128,2,no
5743,47,-213,1,no
38960,28,290,1,no
44578,27,416,1,no
12082,44,5078,5,no
16890,32,26,1,no
19371,33,1097,4,no
21601,31,-446,4,no
30288,56,14344,1,no
37657,43,117,1,no
5021,31,481,2,no
3310,44,2400,1,no
18322,56,689,2,no
36346,57,124,1,no
4751,38,124,13,no
30750,27,6492,6,no
6869,29,293,2,no
1906,57,0,7,no
17778,31,0,5,no
14296,53,876,3,no
4157,56,25,1,no
944,53,156,4,no
35160,35,-701,3,no
13884,60,2131,6,no
2763,44,0,2,no
22514,35,1256,7,no
8194,39,2715,3,no
19592,33,35,4,no
2295,36,90,5,no
9233,36,-11,2,no
31138,39,4101,2,yes
26531,57,1172,1,no
39255,29,559,4,no
23210,52,0,4,no
34862,32,2218,2,no
30640,36,-125,2,no
20716,57,0,2,no
26978,33,3406,1,no
33411,28,967,1,no
43362,47,334,1,yes
34428,33,346,7,no
35659,48,0,1,no
290,40,672,2,no
11891,43,377,5,no
18181,47,337,5,no
28849,28,1285,2,no
22582,48,2519,5,no
15696,36,279,1,no
17081,32,104,3,no
35726,39,171,1,no
17310,32,82,4,no
37287,30,0,1,no
16236,29,48,1,no
39125,31,919,2,no
31408,28,1277,1,yes
5378,52,-209,1,no
7029,25,579,4,no
16765,46,8873,2,no
27004,35,2040,1,no
38819,32,143,1,no
11445,48,343,1,no
20171,30,0,5,no
21222,32,3818,4,no
28360,50,2061,2,no
37441,50,-54,2,yes
9695,48,4037,1,no
19414,41,911,2,no
42256,39,64,2,no
4147,45,369,2,no
13530,57,65,1,no
14173,37,1448,2,no
42844,64,2645,2,yes
18394,38,137,22,no
39941,38,626,4,no
15639,35,103,1,no
18153,35,0,3,no
25844,50,8583,1,no
34913,46,91,1,no
23748,45,1291,17,no
26607,33,3404,2,no
37428,45,54,3,no
39725,43,132,2,yes
19245,42,3718,2,no
14687,44,-1,5,no
6391,25,154,2,no
16381,38,2299,1,no
29152,46,0,1,no
21492,32,470,2,no
29746,40,1082,1,no
8395,25,2096,2,no
12762,30,-134,1,no
21403,31,254,8,yes
37872,42,1563,2,no
13376,34,1,1,no
32523,34,1134,1,no
1044,40,4,1,no
17177,32,0,5,no
26646,58,7429,1,no
33421,29,2269,1,no
687,40,242,2,no
4852,35,35368,1,no
4094,40,1380,1,no
1957,51,91,2,no
19186,50,37,4,no
19999,39,745,1,no
26403,33,0,1,no
36760,26,38,1,no
1465,55,332,2,no
35506,34,105,2,no
6323,30,1539,9,no
23414,37,298,5,no
12859,31,119,1,no
4581,53,736,1,no
32224,42,665,1,no
3929,56,1297,1,no
1698,36,133,1,no
35183,56,1854,1,no
30326,26,685,1,no
37051,42,-581,1,no
34860,46,281,1,no
13239,59,96,1,no
37217,34,-231,8,no
35251,41,733,1,no
9986,41,3216,3,no
25120,49,-2604,1,no
31638,27,1972,1,no
41064,22,47,2,no
36381,47,510,3,no
18693,44,292,4,no
10093,46,2295,1,no
32494,33,514,1,no
37044,54,324,1,no
30674,50,-1455,1,no
24158,33,456,1,no
25901,59,1881,2,no
27756,43,626,1,no
8141,26,539,2,no
24851,33,1769,1,no
14191,34,157,2,no
10227,40,1325,2,no
610,32,243,1,no
9680,39,2610,5,no
16872,27,372,2,yes
16876,51,-15,2,no
40635,48,1147,1,yes
22993,48,0,15,no
25974,43,8167,2,no
27171,43,545,1,no
26071,32,586,4,no
34143,29,2753,1,yes
30697,67,491,1,no
16433,57,215,9,no
6416,33,1553,8,no
7498,52,17,2,no
2300,53,465,3,no
30997,41,230,3,no
26388,40,196,1,no
38473,41,2399,2,no
8086,31,247,1,no
11913,39,0,11,no
44567,34,-52,1,no
6759,26,-164,2,no
33785,62,1625,1,no
36385,36,1806,6,no
34267,22,1925,1,no
32954,32,4887,3,no
4661,34,1581,11,no
18747,35,-12,4,no
17757,59,4295,3,no
649,41,65,2,no
29792,32,2059,2,no
13558,40,105,1,no
1393,40,640,2,no
25664,54,11246,2,no
39988,38,34,1,no
13505,53,320,1,no
43900,50,2971,2,no
17499,35,1,8,no
4549,40,0,2,no
41555,73,739,1,yes
21594,30,1596,2,no
3137,42,321,3,no
7950,32,-417,5,no
28448,27,671,1,no
17080,30,-68,2,no
41589,40,1293,3,yes
25804,33,8004,3,no
15950,37,-59,1,no
15299,43,1050,11,no
14533,32,1076,3,no
43158,52,117,3,yes
15036,46,294,1,no
20187,35,361,2,no
21714,34,46,5,no
4403,36,4438,1,yes
13557,59,625,1,no
18710,29,0,28,no
21524,60,374,2,no
31794,40,2310,1,no
16621,45,293,2,no
33901,34,1387,1,no
34341,57,1458,5,no
2991,57,3545,2,no
14999,27,4909,3,no
19394,49,141,1,no
35349,41,322,1,no
26006,30,631,2,no
25611,45,1,1,no
29401,45,0,2,no
34170,24,382,2,yes
28948,61,0,1,no
16173,34,-199,10,no
5182,30,906,7,no
37161,34,2764,1,no
39747,45,1411,3,no
12144,42,0,2,no
2301,35,1473,3,no
22987,55,-612,2,no
40066,29,1779,1,yes
12609,32,-59,1,no
7828,49,366,3,no
17197,59,0,4,no
21927,31,69,2,no
39518,54,1561,3,yes
6283,34,486,1,no
4456,31,2,2,yes
18731,44,5181,7,no
386,58,1667,1,no
34499,26,784,2,no
43079,56,16432,2,no
5716,35,-587,1,no
17027,28,231,2,no
13023,50,92,1,no
1443,26,-132,1,no
28004,42,-321,2,no
30438,58,1617,4,no
9025,53,0,1,no
36744,37,6,2,no
12349,32,130,2,no
35917,35,3507,2,no
5374,42,61,1,no
35962,38,637,2,no
19035,55,76,1,no
36762,41,552,1,no
37802,25,-107,1,no
25800,43,25,1,no
11714,53,472,1,no
5866,39,-1026,2,no
39216,25,127,2,no
15814,50,-398,1,no
30188,37,132,5,no
7267,54,2452,3,no
1963,29,3986,2,no
40744,33,5437,1,no
19569,32,3469,2,no
912,32,64,2,no
2773,46,2121,1,no
26671,38,0,2,no
32556,36,263,2,no
29886,52,0,1,no
24272,44,275,1,yes
43396,33,234,1,no
40716,25,6400,1,no
43710,32,376,2,no
5978,26,685,2,no
39097,32,12198,1,yes
5693,35,3888,5,no
5689,44,-54,1,no
16672,37,0,1,no
33493,51,-895,5,no
27621,33,3140,5,no
2443,41,1483,1,no
37754,40,637,1,no
1296,46,2019,1,no
31650,33,796,1,no
2650,36,719,1,no
7443,47,762,3,no
1808,35,321,1,no
19646,55,2430,2,no
32482,35,44,2,no
39711,21,2265,4,no
20193,42,5455,4,no
35578,59,0,3,no
28504,26,1274,2,no
22970,49,50,2,no
8021,32,249,1,no
26329,32,8859,1,no
1749,25,787,1,no
2727,25,640,2,no
14804,37,0,1,no
43168,73,519,3,yes
25984,42,3445,3,no
5216,36,690,2,no
23057,53,0,2,no
6382,38,-220,2,no
19367,46,716,2,no
4564,32,1660,1,no
9247,30,311,4,no
42893,61,175,2,no
4620,31,5058,1,no
19738,37,410,3,no
11833,20,-322,4,no
22156,33,15,2,no
29439,36,-679,1,no
13997,39,397,6,no
34864,31,399,1,no
2159,33,1011,4,no
34233,22,897,4,no
19499,52,204,2,no
31572,51,657,2,no
27071,34,1483,1,no
27151,33,-1,2,no
38830,28,404,2,no
44556,58,169,1,yes
32154,70,853,1,no
3280,39,0,10,no
35005,34,252,1,no
11548,36,4280,6,no
3270,55,697,1,no
34501,51,630,1,no
40202,38,1354,3,no
14448,28,-76,2,no
211,38,-390,1,no
20179,31,7567,2,no
62,53,989,1,no
537,48,157,1,no
37944,32,-575,6,no
31419,32,658,1,yes
28863,53,901,2,no
40020,57,5313,1,yes
34815,32,53,1,no
21627,34,66,2,no
7322,56,0,1,no
33377,37,43,2,no
23747,55,159,1,no
35802,36,278,2,no
36860,45,-158,2,no
18366,27,677,8,no
15274,54,40,2,no
26099,41,4717,2,no
42581,30,916,2,yes
36092,41,236,1,no
38793,48,750,6,no
24963,40,5811,1,no
21087,40,591,6,no
35014,39,530,1,no
27514,50,1047,5,no
17472,31,48,4,no
44442,45,0,2,yes
34420,46,-582,4,no
14355,54,171,8,no
42682,65,2173,4,no
36388,31,425,2,no
741,57,162,2,no
13959,46,44,9,no
9390,37,1508,2,yes
13973,42,-404,1,no
11164,60,1524,1,no
11757,38,933,2,no
11916,52,911,2,no
36822,33,1150,2,no
38167,56,-40,1,yes
13580,33,383,1,no
38130,29,363,1,no
12774,57,1143,3,no
6421,29,0,2,no
6760,57,1566,4,no
41608,28,762,3,yes
20633,47,27,4,no
31661,37,1207,2,yes
25771,53,1925,1,no
18419,35,-759,2,no
31535,34,705,1,no
23936,52,214,3,no
45043,64,466,1,yes
39529,40,-310,2,no
38270,43,68,1,no
25848,38,5338,1,no
44176,27,132,1,yes
26893,46,1263,2,no
44807,74,2308,2,no
12366,32,291,6,no
6949,34,-304,2,no
10905,45,3,1,no
6586,37,1123,1,no
33180,56,382,1,no
6066,34,72,2,no
39175,30,3068,2,no
35690,49,-129,1,no
23494,36,0,4,no
21595,32,0,2,no
38302,43,3549,5,no
34773,29,111,11,no
6405,29,316,1,no
39715,25,760,3,yes
43442,33,658,1,no
27211,37,77,1,no
37265,37,1339,6,no
28077,39,24,4,no
1290,35,319,1,no
38620,34,1268,3,no
22138,33,167,2,no
3936,44,2185,1,no
24903,41,446,1,no
23170,34,1612,22,no
41982,82,1381,1,no
38252,31,-256,1,no
41051,33,263,1,no
30073,40,943,3,no
5370,36,-327,1,no
1452,55,298,3,no
18655,27,5850,3,no
17846,56,1032,4,no
12725,47,3531,6,no
34667,37,176,2,no
2636,27,-588,2,no
14936,45,248,2,no
5698,56,463,2,no
13574,37,865,1,no
32047,36,-253,1,yes
30656,26,531,1,no
34660,31,368,5,no
41290,61,399,1,no
40220,31,5205,2,yes
6651,37,-170,1,no
5568,38,1839,2,no
38115,28,293,3,no
44561,37,341,3,yes
16970,53,559,1,no
32165,53,2581,1,no
20569,58,175,4,no
21389,45,376,2,no
37043,28,431,2,no
6434,30,-93,2,no
42299,31,270,1,no
5755,54,153,1,no
16899,51,1080,1,no
36386,35,313,2,no
26989,40,10406,2,no
5176,31,-280,3,no
16542,30,-3,4,no
31505,37,0,1,no
36783,35,0,6,no
11763,54,386,1,yes
40017,36,1731,3,no
34855,39,0,2,no
5658,43,470,1,no
30249,49,271,6,no
27148,33,1602,3,no
39404,58,1194,1,no
31786,44,522,1,no
32230,39,63,1,no
30603,37,0,6,no
5355,47,-401,1,no
29937,31,665,1,no
9238,50,416,5,yes
27109,51,8486,10,no
9283,38,1523,16,no
45192,75,3810,1,yes
40353,31,6138,5,no
31621,36,382,1,no
36477,43,0,3,no
458,37,1,1,yes
34357,34,201,5,no
24140,31,2807,1,yes
31606,49,596,2,no
589,30,0,1,no
40337,57,0,15,no
18653,34,714,27,no
9085,56,982,1,no
35625,47,169,2,no
7726,45,475,2,no
22683,51,581,4,no
42734,68,2144,1,yes
9104,36,346,1,no
41255,42,16517,2,no
20832,36,0,8,no
35119,29,0,2,yes
20058,31,344,3,no
11876,47,-57,2,no
10993,56,22946,3,no
24633,38,1255,2,no
7919,39,157,6,no
39502,37,900,1,no
13472,47,690,1,no
40308,44,1127,1,no
42671,32,471,1,no
38878,48,336,1,no
17292,29,-382,2,no
39829,58,883,2,no
42872,55,2037,2,yes
9745,42,0,1,no
41220,31,1251,1,no
22570,31,0,3,no
5412,48,3142,1,no
34859,34,17946,9,no
37179,39,141,2,no
4402,57,0,2,no
41368,22,652,1,no
2446,49,2199,1,no
10584,57,903,1,no
31679,42,349,2,no
31081,44,397,1,yes
2827,45,520,1,no
27823,58,178,1,no
28958,38,20,1,no
7461,38,4692,2,yes
32122,39,238,1,no
4257,52,157,2,no
37844,38,89,1,no
12487,41,-147,1,no
13316,59,1726,3,no
34210,41,5060,1,yes
10010,39,2,2,no
26922,50,2564,4,no
23740,49,588,9,no
23035,30,9645,10,no
41563,71,1236,4,yes
2089,55,-40,2,no
10176,23,1284,10,no
35243,45,1033,1,no
43905,67,2540,5,yes
28263,34,16992,1,no
35272,27,905,1,no
44503,34,573,1,no
21939,42,83,4,no
25830,46,8873,1,no
21634,34,5547,6,no
29936,38,1442,1,no
7818,36,1316,2,no
6921,33,-258,2,no
19816,30,2427,2,no
15295,43,624,6,no
40905,58,462,1,yes
32689,56,1222,1,no
34411,48,288,3,no
6484,35,712,4,no
42988,27,5291,1,yes
14459,32,418,3,no
17682,51,513,2,no
34126,25,2816,1,yes
25796,55,938,1,no
15743,32,1486,2,no
15838,56,405,2,no
18873,53,1313,2,no
27539,49,763,4,no
25781,50,203,1,no
20487,32,5,2,no
16330,44,26,2,no
34456,45,46,1,no
29767,42,240,1,no
21598,55,0,4,no
8242,35,257,1,no
30880,58,729,2,no
20636,31,1289,3,no
18377,48,970,2,no
7787,53,-601,2,no
43773,21,215,1,yes
42420,73,5028,10,yes
5226,32,98,1,no
26542,37,3,1,no
36978,45,700,4,no
11077,46,865,11,no
13140,28,1294,2,no
35001,32,3345,1,no
40426,37,22856,1,no
18830,53,-63,1,no
23504,35,0,14,no
1993,34,338,2,no
41646,36,1145,1,no
29238,60,272,1,no
13453,35,1,1,no
29155,33,474,1,no
19149,51,2918,2,no
15109,31,-277,2,yes
23102,34,297,4,no
5877,52,241,2,no
27085,37,7944,1,no
44883,39,1322,3,no
42179,35,1228,2,yes
11637,49,1115,9,no
13587,51,804,1,no
23687,54,111,13,no
18411,48,-392,4,yes
1424,53,255,2,no
6661,26,311,1,no
19003,49,633,2,no
6751,29,36,1,no
30397,56,121,1,no
22137,45,13156,4,no
43692,54,4401,1,yes
26931,32,9049,1,no
41954,38,4174,2,yes
37915,45,569,1,no
7739,51,307,2,no
6822,23,1129,1,yes
42003,56,0,1,yes
7113,26,813,3,no
39026,25,-242,4,yes
44560,30,63,1,no
32379,41,669,2,no
40194,50,1811,4,no
31523,35,1250,1,no
2744,52,3348,4,no
29828,37,0,1,no
30160,36,904,9,no
1976,48,231,3,no
3548,34,326,2,no
42556,49,3570,3,no
5534,35,839,3,no
37152,43,497,1,no
22727,43,0,3,no
43982,21,762,1,no
1566,31,309,3,no
8373,35,914,1,no
37410,60,-70,2,no
22619,44,56,8,no
38024,36,1038,3,no
33430,32,1148,1,no
28730,29,957,2,no
27709,42,410,2,no
20169,33,644,2,no
5855,36,-140,2,no
34792,35,84,1,yes
24321,54,0,1,no
22177,57,121,2,no
34324,32,119,5,no
33157,29,1489,1,no
14923,40,0,5,no
34656,46,9328,3,yes
31831,33,370,1,no
44879,31,812,1,no
19928,47,260,2,no
16550,34,3282,4,no
19314,48,35,4,no
9414,51,5403,1,no
3231,42,1882,1,no
43311,53,1796,1,yes
10459,30,775,2,no
4893,35,-557,1,no
17613,51,0,2,no
41840,37,413,2,no
23920,33,230,2,no
28868,26,800,2,no
11662,46,4064,4,no
13863,35,0,1,no
31694,40,355,2,no
38296,34,431,1,no
42599,27,843,1,yes
26421,30,2153,1,no
36953,40,949,3,no
17205,44,0,2,no
14161,33,1534,2,yes
3243,48,1913,1,no
9367,37,984,1,no
32915,32,-56,2,no
39682,25,430,2,no
5145,37,3326,1,yes
11421,40,273,1,no
7916,55,264,2,no
26448,36,-872,1,no
980,52,270,2,no
8493,31,1588,1,no
11488,49,563,1,no
18336,44,538,2,no
26434,37,693,2,no
10152,37,914,1,no
24900,36,8277,1,no
21411,32,598,6,no
20821,41,563,4,no
31819,61,1389,1,no
32743,31,375,1,no
18637,45,7154,3,no
18442,43,685,2,no
3254,47,-100,1,no
39839,36,387,1,no
22950,32,409,4,no
45090,57,282,1,no
5747,57,3284,1,no
30224,27,81,1,no
6433,38,0,2,no
28664,34,1310,3,no
43448,29,10596,1,no
11021,37,-25,2,no
10927,40,-158,1,no
7133,40,75,1,no
6231,42,-43,3,no
11307,60,0,1,no
42145,76,1492,1,yes
36532,41,-277,1,no
19909,32,28,2,no
13665,35,0,1,no
44791,21,1506,1,yes
42375,77,680,4,no
1079,56,-24,3,no
34003,37,1851,1,no
9058,41,2790,1,no
9028,37,-97,2,no
16270,41,1638,1,no
29645,54,541,3,no
2990,40,3658,1,no
33434,32,299,2,no
7025,37,-107,2,no
36306,36,151,1,no
41184,74,10253,1,no
27054,50,1390,2,no
2815,53,896,1,no
14360,47,104,2,no
12995,43,42,1,no
962,57,906,1,no
6351,35,1160,3,no
1792,30,1108,1,no
19794,47,1108,2,no
15971,28,0,2,no
4394,55,0,4,no
14195,32,0,2,no
8673,41,256,6,no
43890,34,158,1,yes
15253,27,24,2,no
43913,56,602,1,yes
33976,31,199,1,no
43783,33,576,1,no
40627,31,40,1,no
18974,45,266,2,no
39493,56,13094,1,yes
19535,59,1675,2,no
31337,28,387,11,no
36545,43,238,1,no
16774,38,272,1,no
29028,47,2152,1,no
35472,47,77,1,no
11626,42,923,2,no
26557,31,2591,1,no
42265,76,3324,1,yes
31355,46,974,1,yes
3271,44,2467,1,no
1801,34,139,1,no
43756,35,1880,1,yes
10782,59,0,1,no
32647,34,334,2,no
25420,36,205,4,no
37315,32,-64,1,no
22350,35,573,8,no
44283,33,948,1,no
43221,64,1644,4,yes
4035,46,9,4,no
34050,41,487,1,no
9268,41,0,2,no
11675,45,360,2,no
43831,34,813,3,no
19733,49,2316,4,no
30628,66,0,1,yes
9532,39,-571,2,no
41123,26,828,1,yes
10593,36,490,3,no
33955,26,1078,2,no
2761,44,326,2,no
2966,48,403,1,no
5326,44,0,4,no
26776,32,2185,2,no
45158,52,0,3,yes
43544,46,1723,3,no
28036,45,103,3,no
42383,51,2506,3,no
37621,28,84,1,no
43395,86,5236,2,yes
32301,35,485,1,no
44013,37,23,1,no
28408,38,406,1,no
24762,42,2249,1,no
10066,36,1604,3,no
3266,56,5041,1,no
40736,60,1034,3,yes
24033,31,13099,9,no
24561,41,557,1,no
18984,54,3529,2,no
38965,36,162,1,no
24798,31,2,1,no
23002,30,19,2,no
12846,40,0,1,no
15879,33,1,8,no
17902,40,1073,2,no
23128,46,326,7,no
37106,35,233,1,no
40322,48,1981,3,no
35537,32,0,2,no
9127,39,3231,2,no
21580,32,644,2,no
20986,41,20479,2,no
43430,55,3848,2,yes
27163,39,0,1,no
24779,44,0,1,no
3580,45,749,6,no
21547,40,1063,2,no
42107,65,1992,1,no
36564,46,278,1,no
7763,29,590,2,no
34150,32,697,3,no
280,36,19,2,no
38366,22,2589,1,no
29525,54,1303,1,yes
22729,39,-41,15,no
21481,39,2644,7,no
5361,24,1141,1,no
972,33,0,1,no
33466,37,509,1,no
11716,48,5320,1,yes
34689,42,241,2,no
4557,33,136,6,no
35449,31,0,1,no
30129,45,323,4,no
30386,33,26721,3,no
2,44,29,1,no
2559,50,3478,3,no
7428,54,0,2,no
20263,49,917,6,no
25315,38,4392,2,no
4218,51,425,3,no
42275,18,608,1,yes
18635,52,0,28,no
25724,30,-181,2,no
28138,33,459,1,no
22676,36,1235,6,no
10825,47,2892,1,yes
5387,41,-762,1,no
22624,33,15,1,no
32143,58,1636,1,no
5976,33,403,2,no
8740,42,344,2,no
38695,34,89,4,yes
22182,55,1354,4,no
3980,43,329,2,no
11874,44,2237,2,no
20566,38,940,7,no
6245,46,119,1,no
18525,37,0,2,no
32079,32,574,2,no
29625,41,0,3,no
12038,42,1601,2,no
9007,36,0,1,no
14489,33,40,3,no
11964,48,1876,3,no
30962,31,43,7,no
10596,53,6072,4,no
27663,32,79,2,no
11169,35,165,1,no
4970,35,458,3,no
22070,38,63,4,no
26604,42,2906,1,no
17818,51,174,3,no
4057,35,474,3,no
22477,50,0,4,no
9441,52,9,1,no
33270,35,396,1,no
32576,54,-133,1,no
13465,37,214,1,yes
13485,44,368,3,no
22866,57,109,4,no
1073,29,50,2,no
29440,40,5061,2,no
29915,33,3805,1,no
37133,42,0,4,no
43911,21,53,1,yes
24739,31,761,2,yes
37541,28,5,2,no
38821,24,2129,1,no
6740,60,228,11,no
8411,28,0,1,no
9791,30,156,9,no
29913,33,575,2,no
8340,42,6445,8,no
41596,52,10943,1,yes
27511,34,2856,2,no
5955,37,1785,4,no
7202,42,790,2,no
11608,28,1331,2,no
14683,30,0,3,yes
44001,35,358,1,no
43249,69,426,1,yes
12325,52,-1,3,no
36005,38,1597,1,no
12690,59,1728,2,no
27700,39,442,3,no
26977,35,0,1,no
38632,35,1780,3,no
6017,43,448,6,no
42532,39,804,8,no
39718,25,277,2,yes
31571,47,0,1,no
40370,26,771,1,no
45009,26,342,2,no
499,44,-99,2,no
1584,39,-85,2,no
14418,43,778,2,no
25897,53,2052,1,no
27563,35,524,4,no
11263,59,681,7,no
25077,38,3234,2,yes
14149,45,2220,2,no
5146,36,-491,3,no
32565,29,770,1,no
12432,37,0,1,no
14078,38,31,2,no
25578,54,0,1,no
44739,80,8304,3,yes
14915,43,808,3,no
6926,31,1306,5,no
11691,58,4015,3,no
8787,25,330,1,no
33603,32,429,3,no
21422,49,418,7,no
19105,60,0,1,no
10154,52,3283,1,no
35585,25,2317,4,no
42089,46,3512,1,yes
8239,38,0,32,no
26296,39,1104,2,no
27260,31,13,1,no
15080,34,797,1,no
35325,37,7,1,no
24353,52,48,1,no
43664,46,273,6,yes
25604,40,1024,1,no
20024,36,1,3,yes
39790,42,707,1,no
37469,38,168,3,no
23905,31,315,4,no
37011,34,7263,1,no
43520,58,496,1,yes
38307,58,10,1,no
29811,37,895,2,no
38447,31,728,1,no
6516,25,174,4,no
30377,56,1480,1,no
17996,58,2739,6,no
33335,34,1352,1,no
5992,33,4436,6,no
26997,30,62,1,no
23998,60,0,2,no
1458,45,22,3,no
5202,32,1169,2,no
18480,44,96,2,no
34027,20,502,1,yes
23751,35,433,16,no
21450,48,9207,3,no
37127,42,0,3,no
1797,28,234,3,no
38087,29,59,3,no
37924,32,398,2,no
40864,21,123,1,yes
3019,34,683,2,no
37473,42,1162,5,no
29144,37,10,1,no
44121,50,558,1,yes
8870,24,681,2,no
19706,32,474,3,no
15046,27,0,1,no
32447,54,0,1,no
25311,40,642,3,no
12355,35,4294,4,no
35761,35,642,1,no
40637,45,153,1,yes
11471,55,1580,1,yes
42501,45,115,1,no
2646,32,338,3,no
28937,31,1130,1,no
34375,36,1227,5,yes
43218,33,1390,1,no
35988,41,211,3,no
187,40,4384,1,no
12264,40,-1036,2,no
39076,33,180,2,no
2167,29,-28,1,no
44755,33,2066,1,yes
168,54,1378,1,no
27459,40,0,1,no
9995,49,378,2,no
44656,62,1128,1,yes
33297,32,1454,1,no
21727,42,559,1,no
41254,39,116,2,no
10645,35,3751,1,no
22584,37,2043,4,no
4933,31,58,1,no
3378,46,87,1,no
22326,31,22,5,no
281,50,61,3,no
41397,70,2626,2,yes
33746,39,1442,3,no
40526,39,198,1,no
40591,42,11008,6,yes
34119,39,2990,4,no
26626,39,4314,4,no
9274,51,518,3,no
21404,52,9804,4,no
44721,36,194,3,no
32320,45,1144,1,no
32060,40,1175,1,yes
17373,59,-361,3,no
3724,51,143,1,no
20719,51,1694,2,no
43384,33,7608,4,yes
13627,45,0,1,no
6068,41,2085,4,no
34695,45,0,2,no
24647,51,2139,2,no
20694,50,2065,2,no
21758,47,600,15,yes
6195,30,501,1,no
41028,33,5164,2,no
40816,61,2557,3,yes
6162,39,326,1,no
13009,31,-407,1,no
36029,36,223,1,no
8327,33,3404,3,no
13928,47,367,4,yes
43356,26,1370,1,no
5684,59,-396,1,no
22922,57,437,5,no
17964,30,462,3,no
20854,59,25947,2,no
2846,59,1521,2,yes
38000,35,-133,3,no
12426,47,323,1,no
3579,23,496,2,no
12497,31,394,3,no
13923,45,1387,1,no
24494,40,69,1,no
36722,44,4786,1,no
683,29,182,1,no
34002,46,4,1,yes
39244,33,1304,2,yes
42143,27,1720,2,yes
32741,34,4963,1,no
21988,36,0,1,no
27392,32,-98,2,no
5002,38,-121,1,no
41042,68,2301,3,no
8693,27,298,1,no
31707,47,2290,1,no
43632,74,935,1,yes
23535,32,0,2,no
11961,52,280,12,no
4812,35,498,1,no
33978,26,1327,1,no
27488,51,0,6,no
13714,40,137,1,no
40943,43,451,2,yes
36856,46,3,3,yes
32076,33,867,1,no
7230,52,22755,2,no
40897,82,0,2,no
37304,39,499,1,no
40479,52,137,2,yes
31462,36,45,1,no
23395,33,1940,10,no
37693,39,1355,1,yes
37007,33,1078,4,no
11769,44,0,1,no
6893,55,2193,3,no
11880,42,396,2,no
39027,48,-203,5,no
41844,83,2619,2,no
7183,50,841,2,no
109,59,30,1,no
15886,31,3902,4,no
36461,34,10,2,no
21343,50,5124,2,no
2693,59,-278,2,no
20341,30,6493,5,no
28432,28,232,1,no
42019,29,1599,1,no
3530,53,1140,32,no
3111,40,262,5,no
35825,42,3279,1,no
35177,28,87,1,no
38016,30,303,2,no
29711,46,4007,5,no
12388,28,4,5,no
30647,33,23,1,no
40876,35,11219,2,no
33195,33,235,1,no
16125,45,2926,2,no
6368,28,863,1,no
19834,35,82,4,yes
17981,45,3,2,no
37504,35,298,2,no
1397,39,-244,2,no
44798,63,4680,2,yes
15806,45,0,2,no
41335,29,1311,1,yes
13944,49,192,1,no
3142,36,-389,9,no
11091,40,265,4,no
36097,29,200,1,no
8305,33,1416,4,no
13632,50,-75,7,no
24267,43,1865,1,no
11547,59,1115,1,yes
44651,32,5836,2,no
20632,34,520,4,yes
23946,34,-506,16,no
4290,34,645,1,no
17743,57,1602,3,no
42176,60,10861,1,yes
44120,26,1164,1,no
43250,31,147,1,yes
19043,42,721,5,no
17578,51,492,7,no
41448,65,2179,7,no
41461,42,0,1,no
20637,42,250,3,no
12525,54,-165,1,no
33075,32,413,3,no
22167,36,8,2,no
22457,36,473,2,no
40860,25,886,1,no
41343,22,1564,2,no
7271,28,1736,3,no
28223,34,498,1,no
13065,32,2,1,no
23827,35,3490,2,yes
38280,23,567,1,no
33264,45,126,1,no
7706,49,2344,2,no
2324,28,487,4,no
2663,52,161,2,no
29516,41,201,1,yes
9562,35,594,2,no
7259,30,1032,5,no
7625,37,241,1,no
30758,59,1226,3,no
30556,43,375,2,no
39078,27,261,1,no
2214,28,-260,2,no
34211,38,902,3,yes
43246,33,224,2,yes
31581,39,101,1,no
28999,53,451,1,no
14284,44,0,3,no
40253,25,2206,1,no
16177,50,-779,2,no
39863,34,90,1,no
32139,36,1160,1,no
28838,33,480,1,no
22493,44,1383,12,no
24412,59,252,1,no
43576,32,284,3,yes
23299,44,-34,13,no
14525,40,0,3,no
9607,37,-288,2,no
4547,37,5122,1,no
10931,38,258,2,no
3003,46,1757,4,no
41325,26,38,3,no
23038,58,0,4,no
42082,87,230,1,yes
12328,28,702,2,no
27012,37,26,1,no
36301,28,4064,2,no
5046,39,0,3,no
22586,31,75,9,no
27885,49,213,1,no
8384,32,1279,3,yes
6903,33,393,1,no
15075,35,20,1,no
12472,32,0,1,no
20776,48,5887,2,no
11606,26,-859,1,no
29207,36,-42,2,no
43484,39,603,1,yes
9794,35,14000,2,no
22796,55,198,6,no
38052,33,331,7,no
28738,27,3060,1,no
13984,30,0,1,yes
1324,57,2261,1,no
29958,29,639,2,no
29736,50,207,1,no
8345,29,260,14,yes
3002,55,831,1,no
4851,35,-289,1,no
23449,43,-278,8,no
18601,32,3,27,no
27545,55,1928,4,no
19254,60,1145,2,no
20028,43,591,2,no
37476,31,232,3,no
14274,40,900,2,no
609,43,918,1,no
8539,34,-42,2,no
21074,30,334,2,no
37761,51,708,1,no
38392,30,683,1,no
36809,46,0,1,no
15279,40,5152,2,no
8727,33,39,4,no
33840,36,531,3,no
34212,47,335,1,yes
45137,53,730,1,no
22238,45,0,2,no
23371,50,334,3,no
8666,45,1044,8,no
36596,31,2,4,yes
41110,26,0,1,no
39985,45,204,2,yes
6709,35,1388,5,no
24362,40,1871,1,no
27407,32,118,4,no
32198,52,281,4,no
10657,53,136,1,no
37455,42,-193,4,no
30048,49,0,2,no
40767,71,10394,1,no
476,40,668,2,no
792,44,503,2,no
13868,36,580,1,no
17174,57,0,4,no
41526,32,555,1,yes
25680,31,69,1,no
27241,35,365,2,no
1468,57,-176,1,no
22096,33,0,2,no
30062,48,1724,2,no
30966,31,42,3,no
31403,39,2981,1,yes
34391,50,311,5,no
29700,40,502,4,no
6408,29,452,1,no
27842,45,1938,1,no
42431,61,1761,3,no
29380,37,2254,2,no
2602,44,3790,2,no
43048,23,1234,1,yes
3304,30,2,1,no
10735,55,835,18,no
32657,34,172,1,no
9465,48,810,1,no
29787,38,53,1,no
23729,43,0,10,no
34548,38,2032,4,no
24869,34,786,1,no
3602,60,38,4,no
11791,41,167,1,no
30388,38,3132,1,no
44224,32,164,1,no
3876,29,-166,2,no
8782,27,6196,1,no
33087,52,386,1,yes
39341,38,-242,3,yes
20439,57,2112,2,yes
4347,38,1344,2,no
30802,52,320,3,no
11154,61,369,1,no
26825,40,5248,4,no
19902,33,340,2,no
21475,42,3038,7,no
42915,71,4388,1,no
44210,52,2506,1,no
31212,31,982,2,no
9039,40,6536,1,no
851,36,342,1,no
38009,44,736,2,no
24898,42,1958,1,no
40952,32,696,4,no
8481,39,572,1,no
35858,43,313,2,no
2626,43,17,10,no
16982,47,-116,3,no
25808,36,6077,1,no
12297,47,80,1,no
29643,39,30,4,no
26651,44,18558,1,no
41482,47,3033,1,yes
16797,45,1034,4,no
23004,34,94,2,no
37810,53,261,2,no
38969,23,279,1,yes
44977,62,2917,2,no
22155,42,0,2,no
33508,53,90,5,no
3605,31,0,18,no
17896,58,901,2,no
33617,42,317,3,no
12379,25,373,2,no
9830,45,212,1,no
39616,60,1088,1,no
3906,47,837,1,no
26714,54,1502,3,no
43186,26,162,2,no
5785,34,635,1,no
15103,31,212,2,no
4297,51,642,2,no
24416,45,4425,1,no
36503,59,146,3,no
25970,56,0,2,no
44859,31,243,2,yes
42140,40,1508,2,no
11402,58,5087,1,no
17467,30,199,7,no
3819,29,1166,1,no
27014,52,1752,4,no
2358,45,-3,1,no
7004,54,337,2,no
44450,67,1746,1,no
1399,35,-339,2,no
37004,41,334,4,no
32470,39,180,1,no
9659,39,497,4,no
30731,57,3030,2,no
23987,34,347,14,no
31872,41,803,4,yes
23138,59,745,9,no
21000,54,131,2,no
13644,33,636,11,no
10534,57,3111,6,no
37356,51,-13,1,no
28534,36,1508,2,no
27708,40,-648,2,no
2095,40,737,2,no
10830,46,2291,1,no
15434,49,169,1,no
6905,48,99,1,no
471,44,424,1,no
39269,34,463,11,no
7391,30,623,5,no
41546,58,4605,1,no
35824,26,962,1,no
34720,44,0,2,no
10481,41,1401,4,no
24913,54,349,1,no
22375,38,0,2,no
6189,38,-212,2,no
24985,51,7338,1,no
23481,43,228,18,no
13204,46,2775,1,no
10406,35,128,1,no
21715,33,123,1,no
17103,46,-160,11,no
35505,34,48,2,yes
4238,51,2085,1,no
35116,36,-400,2,no
21844,52,-163,2,no
31041,58,4198,5,no
4096,44,-1249,4,no
35940,52,1705,3,no
26858,41,5883,2,no
3029,29,303,4,no
40831,29,238,1,no
41760,67,1430,3,no
9713,35,3798,1,no
30477,48,750,2,no
30879,48,0,8,no
14425,45,1196,6,no
3644,51,1414,2,no
5116,39,2003,2,no
13833,51,1236,1,no
28255,35,81,1,no
17249,56,1026,2,no
30501,31,544,2,no
39310,35,-706,2,no
35474,58,246,2,no
40192,28,1448,5,no
4977,36,-35,2,no
36512,41,1734,2,no
3249,49,221,1,no
15383,34,303,2,no
37728,33,687,2,no
23427,54,-102,7,no
26314,32,137,4,no
8249,39,-295,1,no
25388,30,1131,1,no
21271,39,1914,4,no
37927,31,42,3,no
12093,42,2980,3,no
13986,30,211,3,no
41597,38,4539,1,yes
23205,59,2396,6,yes
19112,50,350,2,no
38642,31,862,2,no
27457,44,-692,2,no
7617,43,1096,1,no
19133,50,604,1,no
41385,45,886,1,no
23232,33,7084,8,yes
41649,40,1451,1,yes
19763,31,18,2,no
9196,55,533,2,no
26074,39,4136,2,no
39191,27,179,2,no
14945,38,3500,4,no
6986,33,-342,2,no
20549,57,6004,6,no
3221,42,1270,1,no
39936,35,5367,1,no
15131,35,489,3,no
13805,26,2063,1,no
28298,53,71,1,no
32715,42,-256,1,no
29942,32,1496,1,no
23544,43,0,2,no
34322,53,112,4,no
12147,52,945,8,no
34560,27,75,1,no
22981,47,0,4,no
37453,57,25,2,no
43546,60,182,5,no
4348,44,149,10,no
13115,30,139,2,no
24897,34,2729,1,yes
1009,34,267,1,no
3837,45,876,1,no
34268,36,1876,1,no
16958,46,0,1,no
34089,53,142,2,no
10658,43,0,1,no
7375,41,1065,1,no
11489,44,1127,4,no
15308,46,238,2,no
27961,30,732,1,no
43590,28,631,7,no
2117,40,737,1,no
28845,57,0,2,no
33719,31,354,2,yes
38036,41,3895,3,no
19627,48,309,2,no
23857,31,2070,2,no
37692,28,373,9,no
1896,35,300,4,no
7469,53,95,3,no
28046,32,1918,2,no
22975,52,60,2,no
8648,39,548,2,no
16308,34,1972,2,no
22712,52,597,4,no
4286,27,16,1,no
40533,34,1551,2,no
40712,57,2476,1,no
20249,60,172,4,no
7837,40,402,3,no
35276,32,428,1,no
12466,31,-90,1,no
1624,42,117,1,no
36319,56,102,1,no
39570,33,1778,1,no
39681,39,505,4,no
30051,34,47,2,no
41722,61,286,1,no
6706,39,2862,2,no
41708,63,415,1,no
27638,58,0,2,no
25540,33,659,1,no
20604,49,128,2,yes
44644,75,1413,2,yes
2878,30,938,1,no
20579,30,0,3,no
11809,57,27069,3,no
39973,34,127,1,yes
38968,34,363,5,no
4365,52,337,3,no
6111,53,87,9,no
19684,36,651,1,yes
24651,36,7,2,no
4920,33,188,1,no
25507,33,896,1,no
24671,52,0,3,no
28035,52,1392,2,no
27113,42,3228,1,no
21855,42,164,2,no
42956,65,2331,1,yes
39950,27,121,2,no
3705,41,732,1,no
36885,33,204,2,no
8306,35,828,8,no
22638,58,818,1,no
26263,40,1194,2,no
500,37,17,1,no
19883,34,134,4,no
2260,21,137,3,no
27480,38,16236,3,no
29094,58,580,3,no
24314,55,926,1,no
36641,54,1012,3,no
4789,34,363,5,no
31266,45,2353,1,yes
17705,51,2642,6,no
30399,36,0,2,no
20384,30,3927,1,no
44005,47,334,3,yes
2454,44,0,1,no
7299,51,-413,4,no
11120,39,426,1,yes
26502,32,2478,1,no
17780,49,633,6,no
32694,34,-317,3,no
20261,36,4123,2,no
7733,34,1451,15,yes
34572,28,1590,4,no
25649,39,2749,1,no
24165,26,52,1,no
13957,49,0,2,no
31905,58,2126,1,no
14403,31,0,4,no
18849,38,1919,1,yes
41143,44,-600,1,no
11405,58,3,5,no
42182,81,9224,2,no
3299,57,2192,2,no
6432,31,22867,2,no
12769,45,268,14,no
42398,36,4708,1,yes
14841,37,1027,2,no
11542,51,91,2,no
34942,31,223,1,no
20634,39,271,1,yes
30651,28,53,1,no
38574,32,201,8,no
4401,34,31,14,no
33361,78,240,1,yes
4614,33,0,1,no
20960,36,406,2,no
24677,44,724,2,no
9282,58,549,2,no
40640,27,3276,1,no
3841,24,656,1,yes
11711,58,683,2,no
42396,29,1165,2,yes
481,51,1127,1,no
15726,46,2154,4,no
41274,18,3,2,yes
41728,42,0,1,no
44672,32,6138,3,no
25229,43,-56,2,no
27134,40,87,1,no
44454,29,2196,1,yes
44747,84,4761,1,yes
16244,50,0,1,no
9318,38,3,2,no
6197,59,-48,1,no
27896,60,372,2,no
36830,47,802,2,yes
36065,38,97,2,no
34671,30,-522,2,yes
14146,38,0,2,no
31271,28,5763,2,yes
21164,34,124,2,no
27852,59,309,1,no
43240,45,1527,1,yes
14208,36,-608,2,no
18265,56,208,6,no
22129,46,244,2,no
12098,23,-19,10,no
33312,37,1941,2,no
2981,47,4543,1,no
13444,40,1247,1,no
18822,50,297,10,no
22534,59,1575,11,yes
26081,45,1148,2,no
41225,37,1314,1,no
39229,28,519,9,no
1024,43,1026,5,no
12620,24,-346,2,no
29825,28,34,6,no
12067,40,4,9,no
30302,39,1846,5,no
25737,53,0,1,no
524,29,0,1,no
7614,45,413,1,no
16453,34,415,2,no
29839,30,1058,1,no
42611,36,93,3,no
7403,33,1844,3,no
39630,25,304,2,yes
38037,28,3,2,no
22715,60,0,3,no
11226,52,9,1,no
43488,22,129,2,yes
30036,59,479,5,no
30101,32,1770,2,no
24197,37,421,1,no
4161,49,284,1,no
27349,33,0,1,yes
513,55,387,1,yes
7500,44,496,15,no
37057,37,393,1,no
11617,48,237,18,no
12390,51,84,1,no
21430,36,2603,5,no
38645,32,6248,3,no
1641,28,422,1,no
34839,29,2,1,no
44575,29,1673,2,no
21426,33,576,3,no
4179,26,-5,1,no
19855,32,1150,2,no
30944,28,164,7,no
33489,49,2611,2,yes
21123,30,0,2,no
11733,49,1119,1,no
551,42,372,2,no
22781,34,169,4,no
29592,32,0,1,no
20191,35,272,2,no
12540,48,474,1,no
42069,21,8278,1,yes
38145,36,577,1,no
7402,36,891,5,no
15872,29,358,5,no
41997,66,747,1,no
20118,42,687,2,no
38824,30,769,4,no
35393,51,-1944,1,yes
27976,45,47,2,no
37507,29,-7,3,yes
13817,43,177,1,no
28285,32,634,1,yes
4950,31,525,1,no
14138,56,40,2,no
34687,43,-111,7,no
17116,37,5024,4,yes
38189,29,368,1,no
14972,48,151,1,no
32548,37,0,3,no
21572,41,240,2,no
20745,45,6542,4,no
27552,43,3288,3,yes
40738,63,5112,3,no
26596,59,2396,1,yes
37885,56,48,2,no
28610,27,1049,3,no
6238,56,-676,1,no
20135,55,462,2,no
3525,40,902,4,no
43005,71,1712,1,yes
44800,43,445,1,no
39336,48,-314,5,no
31907,55,271,4,no
43511,31,2980,4,no
39438,31,554,3,no
27586,34,731,4,no
6606,38,35,2,no
29590,51,605,2,no
33064,32,49,4,no
37786,43,275,2,no
37604,39,133,4,no
22648,31,4028,5,no
31703,47,817,4,yes
32228,39,467,1,no
40763,33,95,1,no
3720,36,0,1,no
6356,34,763,1,no
13279,45,-243,2,no
27393,31,95,6,no
26086,31,217,4,no
33305,36,0,1,no
29859,47,274,2,no
19243,33,580,2,no
20997,43,244,2,no
10340,57,657,1,no
13427,44,266,1,no
4181,30,134,1,no
44292,28,313,2,no
32389,36,4596,2,yes
2285,34,1504,3,no
27892,53,554,1,no
36472,36,543,3,no
16191,43,1119,2,no
27423,36,72,7,no
15634,41,525,1,no
8275,42,-887,4,no
3504,50,4904,2,no
42065,47,3663,2,yes
39470,34,11219,1,no
24173,32,700,1,yes
14074,60,58,2,no
16574,50,503,2,no
34746,35,0,1,no
24706,55,1606,1,no
20113,56,705,2,no
23497,57,561,8,no
19355,44,22,2,no
38781,34,-703,2,no
20346,31,2,4,no
40140,25,42,1,yes
16028,28,1285,16,no
10285,39,4800,3,no
29829,34,73,2,yes
44834,33,889,1,no
14546,35,3508,3,no
25854,35,866,1,no
3288,40,409,1,no
470,44,292,1,no
11635,41,2184,2,no
9725,57,93,2,no
6593,29,1615,1,no
4160,48,5057,2,no
1241,34,0,1,no
31094,25,2506,1,yes
15461,59,1637,7,no
34042,31,1599,1,no
36544,54,66,2,no
25130,32,1667,2,no
17087,42,1523,5,no
20484,32,2667,2,yes
24380,52,1262,1,no
4521,41,1629,1,no
36018,29,37,3,no
12351,40,72,3,no
38467,40,592,11,no
16823,49,2555,2,no
25267,36,521,2,no
28867,30,1454,3,no
16321,42,-426,7,no
37191,39,297,2,yes
22845,32,1882,5,yes
3793,32,1877,1,no
24472,58,16264,3,no
33464,32,1214,1,no
18456,51,106,2,no
18847,42,0,1,no
27557,33,-367,3,no
4904,35,1362,1,no
15827,30,0,1,no
4083,51,8806,1,no
35440,44,2386,2,no
43429,37,0,3,no
12728,42,213,3,yes
44811,29,247,2,yes
39265,58,76,4,no
16795,51,1565,3,no
28782,31,315,1,no
18743,42,372,8,no
34616,35,1239,2,no
26204,39,3294,1,no
15113,37,50,1,no
31488,45,396,4,no
27911,50,799,1,no
27721,22,760,1,no
17962,54,10621,2,no
19061,58,1257,1,yes
37457,42,47,2,no
16614,25,945,4,no
22418,35,3168,30,no
13998,44,284,5,no
30682,37,74,1,no
45022,37,209,3,no
33986,35,994,1,yes
14941,32,91,6,no
42407,28,339,1,yes
28222,53,388,1,no
18926,56,277,1,no
24115,38,2470,1,yes
32778,35,2200,1,no
1484,34,76,9,no
2352,37,166,3,no
20311,35,22,1,no
12232,40,925,8,no
5122,38,3732,2,no
8808,29,4281,2,no
4030,45,-183,3,no
12888,51,1392,3,no
34549,41,6,1,no
36307,39,381,1,no
27584,33,12704,2,no
20486,40,12409,2,no
17382,41,0,2,no
13257,43,328,1,no
28251,34,303,1,no
19850,34,101,2,no
28345,28,682,1,no
43767,30,499,1,no
11082,36,9231,3,no
29984,37,1032,1,no
15567,25,15,3,no
23501,30,0,6,no
14209,39,83,2,no
3834,30,236,1,no
36095,33,7,5,no
11179,60,1582,1,no
23016,45,512,2,no
10366,48,580,2,no
6748,50,1203,7,no
5824,34,-465,1,no
24826,39,283,1,no
17408,41,2125,4,no
42741,28,0,1,no
29647,28,642,2,no
18949,46,2533,1,no
41468,25,490,1,no
19671,33,584,3,no
25778,53,2818,1,no
20089,56,750,3,no
33866,41,2226,1,no
2375,46,91,1,no
14757,36,0,4,no
17365,59,824,3,no
11628,37,5700,2,no
12896,30,85,1,no
35085,36,4,4,no
13042,53,66,1,no
44242,31,756,2,yes
13173,52,786,1,no
21994,30,2403,2,no
41916,69,473,1,no
34724,46,342,1,no
44681,27,560,9,no
4765,30,1445,1,no
12429,38,116,1,no
38833,23,-229,1,no
36184,46,5130,1,no
38838,31,-449,1,no
15158,38,922,2,no
24546,46,0,1,no
7577,45,840,3,no
13127,41,26,1,no
40910,23,1502,1,no
5873,34,200,6,no
227,58,1065,3,no
15571,44,242,4,no
39386,43,3274,1,no
18028,47,0,2,no
36153,29,0,6,no
33717,29,123,2,yes
5129,32,255,2,no
2146,33,395,8,no
30299,37,123,1,no
29043,35,2823,1,no
18248,30,394,3,no
20627,54,1173,8,no
44118,43,2501,2,no
32297,49,2416,1,yes
17343,39,1373,5,no
2950,53,193,2,no
1175,36,83,1,no
14174,26,93,3,no
32566,52,1374,2,no
39318,24,5482,2,no
38477,39,315,3,no
41157,67,6320,2,no
36106,47,298,1,no
36787,29,-70,1,no
22897,54,1451,7,no
16326,44,23,1,no
2892,40,1522,2,no
19877,53,0,2,no
8172,50,0,2,no
39998,54,200,1,yes
18143,57,4664,1,no
35227,26,114,1,yes
11399,41,1,1,no
29682,56,802,2,no
10841,38,175,2,no
986,40,350,1,no
12895,31,78,1,no
44046,77,1047,5,no
33797,49,493,1,no
24840,41,16517,2,no
36889,56,550,2,no
40262,33,3335,1,no
27318,44,1138,2,no
11683,39,490,3,no
42106,32,9317,3,no
32365,36,2511,5,yes
25127,55,3546,1,no
13950,34,80,1,no
941,40,61,3,no
4773,42,2309,3,no
41836,37,1960,5,no
8107,34,0,1,no
6552,34,122,5,no
18452,45,4105,2,no
6947,32,73,1,no
9591,49,1632,1,no
37970,33,24,1,no
38834,23,349,1,no
12141,40,10786,3,no
40369,73,448,1,no
579,53,25,3,no
44031,33,718,1,yes
5550,29,0,2,no
22622,33,635,1,no
35547,55,608,2,no
41739,42,849,1,yes
38410,54,582,5,yes
18829,36,3007,1,no
19413,40,713,3,no
19471,45,2603,2,no
37594,36,3988,1,no
22846,33,130,8,no
3946,49,259,2,no
15336,27,-124,1,no
29545,41,2081,3,no
3282,54,950,2,no
1600,33,310,4,no
40206,34,294,3,yes
32838,30,2025,1,no
34154,32,1388,1,yes
7129,44,72,1,no
10744,57,987,2,no
20336,38,-3,3,no
40510,27,111,2,yes
29117,42,336,6,no
40160,31,516,1,no
21999,44,5004,2,no
13296,32,-1,2,no
6037,31,3201,5,no
32288,46,96,1,no
29608,36,221,4,no
3733,40,257,4,no
28268,35,1239,1,no
26848,33,3379,3,no
15225,40,0,3,no
41155,49,629,4,no
44953,73,2850,1,no
19169,58,332,3,no
26281,51,294,1,no
37648,36,307,1,no
40067,34,613,1,no
33000,38,69,2,no
76,53,384,1,no
30627,34,37,1,no
15012,39,0,1,no
36588,38,-90,1,no
14367,49,784,4,no
34453,30,0,1,no
40889,32,1331,1,no
13611,32,0,1,no
24422,43,0,2,no
43830,26,4613,3,yes
23296,52,470,8,no
41244,64,14170,2,no
15031,32,710,2,no
43746,84,639,3,yes
41206,34,197,3,yes
21211,49,687,6,no
7970,36,-559,2,no
312,54,851,2,no
37274,59,771,2,no
43886,34,592,1,no
17952,43,-1,2,no
24535,52,4504,2,no
3540,53,2925,4,no
6937,54,24,1,no
28720,32,1630,1,no
32720,42,115,1,no
15136,31,-453,1,no
27943,52,199,2,no
1697,31,355,1,no
6216,58,-71,1,no
43921,31,938,1,no
6525,34,906,3,no
21187,45,0,2,no
12371,53,0,1,no
17314,43,150,7,no
7488,27,-181,4,no
10269,40,181,6,no
9952,41,0,3,no
25845,45,1009,2,no
28079,39,14,2,no
13119,48,1106,1,no
20415,31,826,2,no
16937,28,1466,1,no
3169,36,-406,3,no
24357,54,14107,1,no
25036,47,12845,1,no
25562,35,859,1,yes
19757,30,1785,2,no
43100,35,1380,1,yes
7056,51,329,5,no
29556,39,710,6,no
25701,39,1444,1,no
10594,48,3229,1,yes
14828,28,0,2,no
16930,51,74,2,no
19013,60,2879,1,no
11125,48,1096,5,no
32766,33,3669,1,no
29500,56,0,1,yes
29357,35,342,4,no
28126,31,86,1,no
4594,40,3559,8,no
33686,38,8669,3,no
14749,52,82,4,no
10308,44,1671,1,no
19111,53,879,1,no
5757,35,947,2,no
12302,58,314,2,no
25813,45,2926,3,no
38907,29,248,1,no
8843,57,-226,1,no
28112,37,4721,1,no
22080,34,0,2,no
3351,34,298,1,no
18784,56,2796,3,no
22189,47,509,4,no
11807,36,977,2,no
7902,25,155,4,no
439,58,469,1,no
9673,41,340,3,no
5327,28,59,2,no
15667,43,0,1,no
35321,47,477,1,no
30539,58,3342,5,yes
6741,45,-320,3,no
20357,30,8351,3,no
12154,39,0,4,no
44307,45,2776,2,yes
36233,24,1,2,no
39328,33,2955,2,no
28310,48,0,3,yes
28607,32,-460,2,no
7176,36,722,7,no
11666,49,912,2,no
27175,38,715,1,no
15962,29,210,1,no
9041,59,-88,2,yes
39212,49,3063,2,no
43635,26,440,1,no
29445,32,414,2,no
31910,34,1261,2,no
30039,36,627,3,no
41668,54,2081,2,no
32758,47,8148,1,no
12919,28,198,1,no
26939,46,2023,1,no
27325,30,581,3,no
26710,37,2814,3,no
14077,27,428,2,no
10454,32,-289,2,no
21276,36,127,3,no
6866,34,1246,3,no
43948,34,3301,2,yes
28666,30,6683,1,no
34361,53,2152,2,no
39639,25,3,1,yes
41311,66,2048,1,yes
35749,48,0,1,no
32832,30,1224,2,no
3057,44,2416,3,no
20508,50,5907,2,no
24587,33,2155,1,no
29309,36,601,2,no
35003,26,-295,1,no
20641,47,545,3,no
34782,27,2559,1,no
36360,48,0,3,no
26317,51,0,1,no
36534,46,98,1,no
44999,33,131,3,yes
26689,30,370,1,no
8394,26,92,4,no
35280,33,2179,1,no
2518,44,1362,1,no
35869,44,89,1,no
21262,51,193,5,no
7566,35,293,2,no
9739,45,1780,1,no
26492,32,4582,3,no
32302,54,0,1,no
15551,51,1752,8,no
42800,60,18967,2,yes
45100,30,985,1,yes
5810,28,48,3,no
18696,42,5331,3,no
32718,39,375,2,no
11197,59,0,1,no
11419,54,0,1,no
18960,31,859,3,no
44106,23,1809,2,yes
43754,61,1088,1,no
28028,28,102,2,no
13149,28,2322,4,no
6223,24,1954,1,no
7880,52,2439,3,no
19052,42,-356,1,no
42978,61,2557,2,yes
6737,27,3791,1,no
44104,29,502,1,yes
38165,34,-257,1,no
41134,37,3794,1,no
1427,32,644,2,no
929,52,-98,1,no
2755,27,-2,5,no
39832,27,0,1,no
25310,40,1411,3,no
44386,29,1377,1,yes
38704,28,1518,3,no
1181,27,96,1,no
17555,40,5483,2,no
36531,41,164,4,no
17006,56,871,1,no
32382,37,2848,2,no
31342,78,499,4,no
1764,32,-227,1,no
14234,59,1139,2,no
22396,32,334,14,no
15704,32,228,6,yes
1657,37,0,1,no
29342,45,1,2,no
2278,39,23,5,no
27577,48,1000,2,no
12784,35,12,1,no
43768,51,2635,3,yes
42600,27,302,1,no
34220,24,0,2,no
2681,54,2626,2,no
35848,48,1291,2,no
4560,34,458,1,no
34275,31,2083,3,no
25870,38,0,2,no
8195,48,749,3,no
16294,46,55,1,no
10013,35,3015,2,no
897,44,143,1,no
34038,32,4733,1,yes
9988,56,1016,5,no
34578,34,393,9,no
13459,52,0,1,yes
19114,48,1573,1,no
44507,34,2085,3,yes
19309,60,957,2,no
6562,28,4513,3,no
28609,37,796,3,no
31449,26,2855,3,no
42189,63,109,2,yes
28858,33,961,2,no
36616,48,1499,7,no
11636,57,789,3,no
24667,50,66,2,no
6402,35,-718,3,no
31334,58,5810,1,yes
31373,37,1730,1,yes
32860,25,1105,1,no
39690,30,5359,1,yes
38098,48,168,2,no
33553,28,1687,2,no
26960,49,436,1,no
32685,45,271,1,no
40162,42,8037,2,no
12284,29,214,5,no
39862,26,3178,1,no
13518,57,976,1,no
32130,57,12048,2,no
15619,46,399,1,no
24190,44,6203,1,no
32383,31,319,2,no
10386,40,8379,6,no
15500,58,237,3,no
4680,39,0,2,no
5772,58,0,1,no
12523,37,29,2,no
37160,33,350,1,no
3420,42,1323,5,no
22763,36,2397,9,no
38021,43,-418,2,no
27081,48,4265,1,no
20085,45,115,4,no
10629,46,993,1,no
2719,39,317,3,no
18495,41,0,2,no
21116,60,759,2,no
31577,41,902,1,no
2232,52,944,3,no
3569,52,1079,7,no
41991,38,0,1,yes
14876,39,50,2,no
12590,36,88,2,no
26578,35,3863,1,no
35023,23,834,3,no
13660,32,794,1,yes
14,58,71,1,no
40444,56,1044,2,yes
43936,48,1290,1,no
21866,37,1572,6,no
35028,37,0,2,no
14001,39,1220,20,no
29869,26,44,2,no
14741,54,765,3,no
9173,38,2600,2,no
22989,43,17555,14,no
21273,46,689,7,no
8474,48,4408,6,no
6683,32,284,2,no
24051,52,5303,1,yes
28911,29,536,5,no
27834,58,446,2,no
4531,38,4399,2,no
19342,31,200,2,no
33322,41,241,1,no
8953,38,625,2,no
32642,35,195,1,no
15869,49,-403,2,no
42923,49,171,6,no
15190,42,1699,2,no
13397,35,1994,1,no
6632,26,668,3,yes
24468,41,3029,2,no
31092,36,953,1,no
26653,38,1696,2,no
25681,44,688,1,no
27775,30,464,1,no
26535,38,0,1,no
14990,36,522,1,no
36555,35,211,1,no
8649,28,1582,2,no
16704,50,1679,2,no
16850,55,149,6,no
44775,33,2368,1,no
5854,33,2720,3,no
34846,32,6402,1,no
31480,54,1004,1,no
38283,33,1138,2,no
32533,64,493,1,no
31713,46,283,1,yes
1214,31,7444,1,no
5228,33,372,1,no
29552,36,587,2,no
19304,55,0,2,no
23273,38,-453,9,no
7380,45,594,2,yes
27061,42,0,1,yes
12661,31,19,2,no
24211,47,0,1,no
24874,35,153,2,no
12066,58,0,4,no
17240,48,759,5,no
35831,41,1717,2,no
2096,31,286,4,no
25378,30,1185,2,no
45128,67,16353,2,no
5237,35,994,8,yes
39605,21,360,2,yes
23188,35,0,4,no
43605,60,2389,1,no
8640,52,70,2,no
17642,36,125,4,no
41511,30,147,1,yes
7169,40,451,1,no
42792,66,1948,1,yes
42659,59,4198,1,yes
7457,59,9976,2,no
22625,32,2172,4,no
22184,30,423,2,no
37777,42,171,1,no
25002,55,5010,1,no
38916,31,224,1,no
32473,25,1312,1,no
442,34,242,1,no
9804,44,11016,3,no
40580,34,144,3,no
4105,32,132,2,no
18388,49,313,7,no
39258,32,1267,2,no
12663,28,-127,3,yes
5353,29,132,3,no
44952,48,973,1,yes
26304,34,3626,2,no
18193,49,769,4,no
26705,39,31,2,no
6677,53,45,6,no
6889,24,327,2,no
25403,55,1526,1,no
16636,32,0,6,no
10982,48,306,2,no
25498,52,488,3,no
31065,53,2152,3,yes
17004,34,318,5,no
36227,39,322,1,no
3443,42,1048,1,no
632,32,395,3,no
27840,58,374,1,no
22001,36,196,2,no
22005,33,106,3,no
45115,36,204,1,no
33677,34,151,4,no
11452,57,1795,1,no
23161,37,0,6,no
26101,40,3352,2,yes
14970,40,1206,5,no
39247,45,2394,12,no
3943,41,493,3,no
39091,27,409,4,no
30353,42,2037,1,no
33754,65,90,1,yes
11209,51,167,4,no
43291,77,29340,1,yes
7526,33,331,3,no
21340,55,1097,2,no
9325,39,1701,1,no
26195,34,296,1,no
39160,30,264,2,no
14144,30,35,2,no
29974,51,618,1,no
13227,38,1508,2,no
36602,58,670,1,yes
17736,50,2910,1,no
10049,57,964,5,no
25878,51,3,2,no
10017,39,1367,4,no
19292,40,0,6,yes
4220,42,1990,1,no
22126,32,0,2,no
33795,66,2883,1,yes
13366,57,10,3,no
38224,46,-816,1,no
39454,49,1843,1,no
22039,34,19,3,no
35875,46,-637,1,no
29156,36,131,1,no
19387,48,0,5,no
16214,33,0,13,no
5330,32,225,1,no
43130,78,3219,1,yes
28545,35,362,2,no
21522,53,210,2,no
28474,33,145,2,no
25741,53,3711,1,no
26044,50,1784,3,no
21965,38,3440,10,no
905,33,442,1,no
12430,34,0,3,no
8231,28,8263,1,no
17458,36,13315,8,no
8518,51,1291,2,no
25633,32,10218,2,no
41929,64,4688,1,yes
32824,48,266,2,no
41384,63,1849,2,no
14385,50,156,3,yes
1247,35,2151,1,no
36962,46,2381,3,no
44337,32,6138,2,yes
5271,30,3967,1,no
9698,37,-178,5,no
3319,51,154,1,no
32181,35,444,3,no
43397,46,2466,3,yes
14085,37,0,2,no
4326,30,0,3,no
20914,47,1803,7,no
40520,25,1129,2,no
18966,53,2578,2,no
22092,40,52527,11,no
5074,35,432,55,no
597,54,0,3,no
38380,29,6567,2,yes
26814,36,0,8,no
148,48,293,1,no
26923,37,1560,1,no
19604,38,112,4,no
11575,39,1986,1,no
5435,30,302,1,no
30480,48,426,2,no
24167,43,219,1,no
16918,39,355,1,no
17758,40,390,3,no
35242,40,-164,1,no
37371,23,292,2,no
1479,32,184,4,no
22592,45,1064,6,no
24271,37,5447,1,yes
43369,35,957,4,no
38202,31,291,1,no
18271,46,1114,8,no
22230,30,6619,8,no
12681,34,296,4,no
14286,45,706,2,no
30066,43,250,2,no
309,44,129,2,no
31133,32,2340,2,yes
472,39,109,3,no
31061,26,11862,1,yes
37694,39,3202,8,no
26777,52,7119,3,yes
34992,28,1010,1,no
28170,60,-79,1,no
31083,47,0,2,yes
9569,57,1114,2,no
28114,29,1027,3,no
35693,39,1965,1,no
28974,38,757,1,no
21374,59,3779,3,no
27482,31,307,2,no
20789,34,8463,2,no
1049,51,98,2,no
24955,36,0,1,no
28460,30,1009,1,no
9119,39,0,1,no
39563,37,11303,2,no
13907,27,87,1,no
33658,29,131,4,no
21199,32,303,3,no
31174,30,5561,1,yes
11437,42,283,1,no
33035,46,864,3,no
17782,55,0,2,no
19365,36,2660,2,no
25459,36,481,3,no
41817,62,0,1,no
10172,44,594,1,no
10254,37,-142,3,no
19786,56,66721,2,no
34291,45,1998,5,yes
24240,48,295,1,no
1271,48,4,1,no
24678,38,324,3,no
19244,34,2956,2,yes
19680,45,724,1,no
42146,36,7222,4,no
39309,24,183,4,no
1585,33,4012,4,no
34273,26,1153,3,no
43121,54,65,1,no
17251,39,366,5,no
39752,37,23,1,no
28371,26,1213,1,no
18738,41,0,10,no
33331,46,348,1,no
34457,30,-111,1,no
14502,44,58,3,no
13843,32,0,1,no
1340,43,186,1,no
40009,58,2261,1,no
36453,37,133,2,yes
22249,37,21,12,no
10193,36,9019,3,no
11462,56,101,1,no
7937,51,610,3,no
21217,51,47,4,no
40678,65,162,3,no
5663,42,-245,1,no
429,38,4325,1,no
39167,27,240,4,no
21533,39,285,2,no
15432,26,0,1,no
18058,50,1011,2,no
27007,30,1718,4,no
21423,58,1241,2,yes
5402,36,1109,5,no
16399,59,0,1,no
97,55,383,1,no
44191,66,2173,1,no
40562,79,4738,5,no
20764,56,0,4,no
12338,46,157,1,no
13264,30,307,2,no
4914,37,-954,3,no
11779,37,1038,3,no
506,45,1297,2,no
38174,33,849,2,no
18363,52,4358,7,no
5678,50,683,3,no
5719,32,86,1,no
3076,49,21,1,no
11282,52,0,12,no
32898,34,3986,2,no
6803,47,578,1,no
1772,31,1656,3,no
29888,39,43,1,no
18373,41,944,2,no
28939,46,700,1,no
39379,39,18,1,no
23580,44,0,10,no
8351,37,-165,2,no
12314,47,0,3,no
31614,46,1070,2,no
17169,37,0,8,no
6362,30,1359,1,no
27851,31,53,2,no
22284,47,11,3,no
23353,58,0,28,no
41868,70,3175,2,no
34594,45,-11,1,no
29587,29,18,3,no
42239,63,8044,1,no
1492,28,0,2,no
6574,56,292,9,no
44038,27,1423,1,no
15865,51,3926,2,no
3114,47,3630,4,no
4063,46,357,2,no
41850,27,893,2,yes
8279,41,1905,4,no
41988,57,254,1,yes
1414,30,178,1,no
30872,35,182,7,no
8475,57,519,3,no
26136,53,1034,2,no
37205,41,121,6,no
36479,46,124,4,no
19288,52,3151,2,no
38739,26,0,4,no
42057,28,2306,2,no
43133,61,6610,2,yes
42550,32,593,2,no
19591,32,150,2,no
22240,37,-18,4,no
33167,30,8304,1,no
3836,24,409,1,yes
13062,42,1322,1,no
11828,50,1098,3,no
17083,32,441,2,no
28760,39,1492,1,no
37206,36,1129,1,no
23969,59,418,4,no
26979,39,4619,1,no
34609,37,3043,1,no
24151,31,163,1,no
30820,37,688,2,no
11848,39,-251,6,no
448,50,-84,1,no
4292,36,2079,2,no
29473,29,307,1,no
22113,37,102,2,no
4827,39,597,2,no
40928,19,56,1,no
43165,30,5359,1,yes
26690,43,6424,1,no
40551,48,0,1,no
31715,31,1601,1,no
24048,50,12519,1,no
10379,37,693,1,no
45205,73,2850,1,yes
25124,32,27,1,no
22576,31,18,3,no
40381,66,1048,2,no
25049,44,3340,1,no
25864,37,523,1,no
7417,55,53,2,no
43403,53,459,1,yes
38684,43,-67,7,no
44765,39,300,6,no
34433,35,174,1,no
30790,33,17946,5,no
27614,41,1820,3,no
12460,29,33,1,no
30589,29,111,2,no
18516,35,0,4,no
31628,38,1997,10,no
4738,30,142,4,no
26964,52,1727,1,no
7325,33,127,2,yes
7050,35,120,2,no
3495,55,-171,2,no
2889,53,383,1,no
43667,78,832,3,no
15712,58,0,1,no
20514,53,-1,2,no
34886,34,-401,1,no
205,35,0,1,no
22428,58,0,2,no
43770,31,411,3,no
37715,48,214,1,yes
39079,30,726,1,no
38621,30,355,2,no
11473,38,62,1,no
36318,35,-367,1,no
40509,31,2093,1,no
20798,51,0,2,no
1563,53,468,5,no
27073,52,1837,1,no
34895,33,0,5,no
38923,31,360,1,yes
37841,50,2719,2,no
18680,47,94,19,no
27674,51,2937,3,no
42134,36,506,1,yes
20736,51,79,2,no
12378,58,65,1,no
34974,38,1016,2,no
1969,25,96,2,no
31445,32,2321,2,no
12377,55,2,4,no
18752,43,5048,3,no
22633,33,0,1,no
9909,44,20,1,no
24432,40,0,1,no
34834,44,1850,1,no
37984,36,1041,2,no
22110,48,492,2,no
36320,40,1011,2,no
725,36,688,2,no
31594,44,879,1,no
8257,29,2998,3,no
43923,62,1742,2,yes
30149,48,4803,6,no
13650,52,0,1,no
38276,31,4561,1,no
2490,44,0,2,no
26455,32,3201,1,no
27810,26,461,1,no
3923,45,4537,2,no
32745,41,475,1,no
21233,60,7,5,no
26875,44,0,3,no
18306,51,63,4,no
42477,57,1016,1,no
7933,27,-79,5,no
24383,51,1191,1,no
22159,56,502,2,no
34012,53,1624,3,yes
16358,38,1,1,no
26966,31,2589,1,yes
87,56,45,1,yes
33824,56,3287,1,yes
38314,45,5315,2,no
22168,35,8,2,no
39112,53,273,1,no
40828,33,661,1,no
26292,32,2085,1,no
25825,44,0,1,no
31870,57,1412,1,no
38532,34,390,2,no
1191,33,176,1,no
30093,49,171,3,no
43006,60,523,1,yes
45143,34,79,2,no
32646,40,190,1,no
44142,31,2907,1,yes
33473,37,250,3,no
25666,32,1923,1,no
41102,82,276,1,yes
7626,36,-260,2,no
7680,55,5,2,no
40222,50,151,4,no
40452,52,1524,6,yes
39703,44,7818,1,yes
10822,36,652,1,no
26613,37,2424,2,no
6691,33,855,5,no
34378,34,698,5,no
2716,51,330,4,no
40938,40,2064,1,no
14887,58,0,6,no
42282,61,3114,1,yes
18113,44,2023,21,no
22462,32,282,2,no
19493,58,2690,2,no
42316,62,135,13,no
37902,39,126,1,no
43798,66,2149,2,yes
22115,58,287,8,no
41170,44,10905,2,yes
35403,40,1938,1,no
13836,42,703,1,no
30639,33,802,1,no
19677,42,83,1,no
43986,37,16,1,no
43490,35,649,1,no
20871,32,90,2,no
32655,30,5,3,yes
15216,42,484,3,no
12830,33,149,1,no
22409,35,1048,2,no
21813,47,11,2,no
3623,43,7727,8,no
31491,49,20727,3,no
20091,54,221,2,no
42373,57,1299,2,no
32815,44,-372,3,no
22061,37,0,5,no
17407,34,64,2,no
39081,32,3540,1,no
7340,36,4585,3,no
33126,22,466,1,no
38125,47,175,4,no
39146,34,1158,7,no
15058,31,187,1,no
38588,39,1674,10,no
8469,37,907,1,no
40548,49,114,2,no
3201,30,678,4,no
39137,32,-454,5,yes
25543,32,964,1,no
5015,28,2034,1,no
26049,54,0,3,no
10878,38,246,2,no
23634,30,17,6,no
16529,47,30,2,no
5750,40,669,3,no
14737,33,-325,6,no
26806,35,1070,2,no
15057,30,4,1,no
34337,30,533,4,yes
20957,54,869,2,no
44588,30,28,1,no
40545,54,5084,1,no
28189,59,1857,1,no
23019,44,813,2,no
25277,34,932,2,no
29909,60,6132,2,no
40594,49,0,5,no
29762,45,305,1,no
27715,28,290,1,no
36074,35,4515,3,no
23517,53,42,4,no
2596,40,4436,2,no
1189,36,-206,2,no
20760,47,432,2,no
14947,55,-480,2,no
12099,54,901,3,no
35352,42,2348,2,no
6235,58,90,1,no
10348,50,260,1,no
40315,55,86,1,no
14129,56,-762,2,no
17307,27,0,2,no
23301,39,81,4,no
6119,49,489,4,no
18700,35,1078,4,no
12916,52,1023,6,no
17970,44,488,11,no
14849,36,324,1,yes
3877,50,363,1,yes
38289,31,154,1,no
35327,48,0,1,no
1304,40,121,1,no
12576,54,42,2,no
25433,31,202,1,no
31813,55,12,1,no
34775,53,81,5,no
17115,28,230,3,no
4538,33,7,1,no
2651,46,369,2,yes
14494,44,241,3,no
14553,45,557,4,no
2150,36,199,4,no
6687,41,-365,10,no
36729,32,1787,4,no
6347,56,-154,1,no
30241,58,1798,8,no
43208,42,144,1,yes
32673,37,9269,1,no
36397,47,373,2,no
3442,46,536,2,no
36234,40,-438,1,yes
35978,34,471,3,no
26730,43,14679,3,no
16657,56,0,1,no
41302,36,40,3,no
19810,47,902,3,no
19120,42,921,3,yes
40014,42,15445,2,no
31188,28,2489,2,yes
10174,51,13089,1,no
2134,26,288,2,no
9295,24,0,26,no
6731,28,115,4,no
2142,32,108,1,no
5118,46,0,10,no
14170,40,1225,2,no
37470,34,3778,3,no
32433,41,431,1,no
16722,45,2718,2,no
37108,39,462,1,yes
44514,24,1925,1,yes
4991,42,2974,5,no
6147,37,-24,1,no
29106,35,994,2,no
7341,40,223,1,no
34271,57,606,2,no
41796,23,107,1,yes
21604,32,10,2,no
36750,30,789,1,no
37089,38,354,1,no
10860,53,1060,4,no
18189,56,0,6,no
39685,60,2063,1,no
32830,46,1631,1,no
2259,31,286,2,no
10218,36,1766,2,yes
4352,27,-3,5,no
22733,40,214,6,no
31191,41,280,2,yes
4421,34,0,1,no
31425,50,0,2,no
37635,47,980,1,no
19028,48,202,1,no
34452,41,5766,1,no
23163,39,46,10,no
25976,41,4903,2,no
17213,58,331,3,no
36422,37,0,6,no
16072,32,423,17,no
27853,48,0,1,no
32101,52,1944,3,no
24389,33,685,1,no
26840,53,2679,3,yes
16116,31,-81,1,no
22751,45,309,4,no
21442,52,-644,3,no
264,42,742,3,no
14723,37,20,4,no
29748,30,1028,2,yes
33145,57,3082,2,no
15470,36,370,6,no
17990,44,2439,2,no
6341,27,1391,1,no
10870,58,592,1,no
5153,34,245,3,no
26935,52,0,1,no
21536,48,-95,9,no
1195,43,870,1,no
39970,41,140,1,no
9596,35,640,2,no
6112,38,508,2,no
16343,38,-1038,1,no
7801,35,-257,7,no
3595,55,874,11,no
3178,26,-219,5,no
44509,29,464,2,yes
11922,53,6859,27,no
40131,57,1227,1,yes
31551,44,887,2,no
20773,49,2765,4,no
35219,26,-295,1,no
11900,37,3876,12,no
20411,60,2722,2,yes
6522,34,-259,2,no
14287,60,1130,2,no
15014,31,0,1,no
6557,38,199,4,no
5573,33,0,5,no
33347,35,-291,3,no
13656,52,350,1,no
28884,44,780,2,no
24929,53,53,1,no
20737,31,-405,2,yes
23583,50,6288,14,no
29621,54,175,4,no
6014,49,365,2,no
6120,43,-124,5,no
25721,33,0,2,no
8597,34,912,1,no
20713,37,137,6,no
8921,36,138,3,no
14277,33,179,7,no
18578,36,2547,1,no
1508,44,365,2,no
1742,29,0,1,no
7365,39,3032,1,no
19327,54,320,4,no
6749,44,72,2,no
17354,59,0,2,no
13063,42,-272,1,no
3887,27,-308,16,no
42201,61,4162,1,no
32800,45,2348,1,no
495,30,-209,2,no
42582,27,1595,2,yes
33870,30,213,1,no
42002,80,87,2,no
5254,36,711,2,no
40446,26,1393,1,no
36839,28,197,1,no
28044,27,760,2,no
8593,27,6010,1,no
42705,28,3053,4,no
22679,58,9,23,no
39666,34,1406,1,yes
18790,36,306,3,no
42666,32,51,1,yes
40702,41,1536,1,yes
25454,35,12256,4,no
6425,53,351,4,no
13971,51,126,1,no
33637,35,129,3,no
39602,28,336,1,no
23337,48,164,4,no
31255,60,404,2,yes
27403,39,137,9,no
10601,49,1381,2,no
29680,42,725,3,no
19724,41,768,3,no
31292,52,0,1,no
40908,69,324,1,no
14351,47,-331,4,no
2742,48,9004,3,no
5036,34,603,3,no
18727,50,2725,4,no
4440,38,3750,1,no
23618,55,879,8,no
16427,47,1101,3,yes
33345,34,1183,2,no
28737,54,1555,5,no
15608,32,1806,4,no
43742,53,53,1,yes
811,36,-251,1,no
37567,42,325,4,no
36910,31,2592,2,no
7415,40,100,2,no
2309,41,171,4,no
32486,33,148,1,no
40395,44,2383,2,yes
30273,38,65,1,no
15270,55,0,2,yes
29157,40,504,1,no
5219,33,3132,5,no
4234,52,-346,3,no
14783,52,92,7,no
518,44,148,1,no
5796,45,18,2,no
14647,39,0,4,no
30492,57,3754,2,yes
28217,48,717,1,no
35856,50,300,1,no
13675,44,0,1,no
9521,38,3598,1,no
28096,31,1709,3,yes
17379,38,-275,3,no
24423,55,1730,2,no
32918,37,752,3,no
3947,25,304,3,no
16248,46,2166,1,yes
30378,29,4,1,no
6050,33,-271,2,no
25632,32,360,2,no
5389,25,51,2,no
42273,75,2199,1,no
37333,37,0,1,no
18577,36,2706,3,no
27808,29,187,1,no
28510,30,9,2,no
2899,43,887,1,no
10167,38,433,1,no
35424,30,492,1,no
34814,24,27,1,no
39000,33,48,5,no
42736,45,2556,2,no
32950,53,778,2,no
34627,39,224,1,no
10051,41,0,9,no
23086,41,236,4,no
41647,25,5,1,no
11595,39,2453,2,no
37533,45,1501,3,no
3616,61,280,3,no
24994,51,532,1,no
1053,27,671,2,no
42363,28,1925,1,yes
31764,42,233,1,no
26993,42,-1085,1,no
44552,67,5275,4,yes
38195,38,4312,4,no
15076,48,461,1,no
16382,26,33,1,no
42124,35,1133,1,yes
24849,35,0,1,no
30158,50,-111,11,no
14738,52,497,5,no
36236,29,31,1,no
19589,35,176,2,no
6810,32,642,2,no
20022,54,196,4,no
10970,36,99,9,no
19937,38,-1,4,no
35049,41,2470,2,no
31902,47,0,1,no
3198,43,56831,1,no
22285,31,4,3,no
28727,27,92,4,no
3392,26,192,1,no
12059,41,1147,10,no
25223,33,244,2,no
18799,56,-6,16,no
13489,60,19447,1,no
26365,56,424,5,no
28818,31,1400,2,no
3781,26,241,1,no
32180,38,6158,5,yes
34072,50,938,1,yes
11105,29,1104,9,no
31682,46,1198,1,no
4150,31,0,1,no
5190,35,0,5,no
23658,34,4348,8,no
31784,39,217,1,no
30310,33,10600,1,no
6543,24,2278,4,no
5990,33,0,2,no
34867,43,9,1,no
20140,39,394,2,no
38147,28,916,1,no
24082,57,19268,1,yes
36009,42,256,1,no
23315,31,1788,15,no
18996,60,546,2,no
38053,37,987,2,no
26726,53,7724,2,no
44422,60,0,1,no
6071,32,6471,4,no
31193,42,576,1,yes
14580,40,0,4,no
38952,29,1856,1,no
40820,37,789,1,no
25451,39,4,5,no
30866,28,313,2,yes
14704,49,4177,4,no
26644,34,5039,6,no
35871,26,0,1,no
35121,35,802,2,yes
43228,54,2473,2,yes
12894,40,193,1,no
32196,39,937,4,yes
32990,36,157,2,no
26523,48,2675,1,no
40475,47,4879,3,no
13099,32,-197,1,no
26861,41,769,4,no
20780,50,36,10,no
31562,31,695,1,no
36451,31,2377,3,no
510,26,712,1,no
4417,35,0,1,yes
18201,43,2682,8,no
20491,31,438,2,no
37580,34,529,1,no
108,34,61,1,no
38723,32,329,4,no
31591,37,749,2,no
26208,30,196,1,no
29343,39,588,2,no
967,49,1496,4,no
1449,29,607,3,no
32852,30,939,1,no
21256,43,1413,9,no
21935,32,0,4,no
22106,45,0,2,no
24391,53,2228,1,yes
24570,55,0,1,no
15074,34,3064,1,no
15412,39,241,2,no
16600,40,416,2,no
12655,53,207,1,no
4609,37,660,2,no
4658,46,477,6,no
38802,33,2533,6,no
35018,33,289,1,no
2549,55,789,2,no
13291,30,137,2,no
25067,30,0,1,no
44869,31,2590,2,no
16786,37,3226,3,no
11276,45,2571,2,no
41239,32,227,2,no
31489,41,0,2,no
29636,33,289,3,no
20371,55,2120,3,no
20748,49,640,4,no
7587,26,686,2,no
37956,23,1587,2,no
44468,42,1536,1,no
38992,42,-376,1,no
15220,50,246,2,no
1517,40,118,3,no
10714,49,3096,2,no
11360,44,2524,1,no
20802,33,763,8,no
25318,32,6188,1,no
7238,39,185,3,no
23843,51,255,2,no
13392,37,1003,3,no
31677,38,2012,3,no
29332,46,977,3,yes
42962,35,-32,4,yes
22542,31,354,2,no
5942,31,1032,6,no
2985,34,577,1,no
27063,31,159,1,no
4845,31,109,1,no
11752,51,0,3,no
20878,59,1393,1,no
378,43,98,1,no
26482,33,-281,1,no
30385,32,-149,1,no
19349,49,322,4,no
6483,30,-27,2,no
11394,58,1463,1,no
15055,42,138,1,no
38424,26,2138,8,no
40445,27,302,1,yes
30973,51,285,2,no
8125,56,-1,1,no
39974,52,2104,2,yes
11885,50,2812,37,no
42757,44,2776,1,yes
2868,53,5700,1,no
9787,44,2876,1,no
15963,43,788,3,no
32680,31,985,1,yes
19068,31,2388,1,no
4423,31,1222,1,no
29013,49,-367,1,no
17783,30,92,5,no
3075,44,1945,1,no
45113,24,1234,2,no
29231,57,567,2,no
22723,49,112,10,no
1398,30,70,3,no
28913,36,115,1,no
19793,32,1388,6,no
31497,54,5399,3,no
22050,31,36,3,no
20041,31,3897,3,no
31203,33,218,4,no
2241,35,538,4,no
17589,51,5,2,yes
23775,45,265,3,no
20254,37,801,7,no
6234,34,13,2,no
41772,51,2109,2,yes
1107,47,145,6,no
6113,59,351,5,yes
24665,31,1354,2,no
181,31,37,1,no
42779,42,7560,1,yes
13688,38,-2093,3,no
5713,35,103,2,no
7780,29,200,2,no
1535,33,832,3,no
24776,48,1741,1,no
19588,46,1175,2,no
33571,36,-289,2,no
37557,40,131,3,no
15768,48,0,1,no
28701,27,261,2,no
43744,38,4321,1,no
11225,50,753,2,no
2256,25,-76,3,no
28071,37,37,2,no
33856,25,0,7,no
5090,34,293,3,no
12729,33,170,1,yes
23757,35,-30,2,no
1802,29,262,1,no
16809,40,191,5,no
8358,47,344,1,no
17164,40,0,11,no
10312,47,440,1,no
34738,37,0,1,no
7887,41,568,2,no
40666,65,1176,1,no
30766,46,22,10,no
37351,36,702,4,no
6700,54,1865,2,no
14816,29,465,1,no
12571,51,60,1,no
15732,45,210,1,no
8201,36,0,3,no
33855,29,7707,2,yes
14979,58,91,2,no
28051,45,-33,3,no
517,44,40,2,no
27347,48,-552,2,no
2044,50,103,6,no
31952,35,327,3,no
38803,35,305,7,no
1244,45,1381,1,no
19991,47,131,1,no
19809,48,0,9,no
39025,27,438,5,no
16596,51,603,2,yes
1842,32,708,1,no
8403,25,-589,1,no
42688,40,226,2,no
43214,73,1050,3,yes
43284,61,4608,1,yes
17673,45,2690,4,no
2859,48,584,1,no
12277,25,52,2,yes
6977,51,0,2,no
18447,58,3648,4,no
16853,50,619,2,no
13064,34,-133,1,no
9294,39,2805,2,no
27340,38,5293,3,no
36242,29,415,3,no
29986,29,697,1,yes
20465,49,1269,9,no
629,34,2434,4,no
1347,28,6,1,no
1180,42,420,1,no
38360,33,-198,1,no
24136,48,15,1,no
32764,33,5833,1,no
3103,41,343,7,no
5614,37,13849,5,no
1428,60,0,1,no
27989,32,787,1,no
17747,57,132,3,no
6374,32,223,4,no
31874,53,1090,1,no
33051,37,235,4,no
11099,37,1736,1,no
12241,42,-1613,18,no
17340,29,361,3,no
39564,30,938,2,no
43473,38,497,1,yes
38513,58,66,4,no
7134,41,3279,1,no
37424,37,-308,4,no
26756,42,8899,2,no
5054,28,264,2,no
12991,28,-228,3,no
19425,46,1085,8,no
25938,56,444,1,no
42587,30,2907,2,no
22235,56,1694,10,yes
39356,38,976,8,no
17699,49,7254,4,no
40084,41,3426,2,yes
3004,54,1480,1,no
8909,37,311,1,no
6137,52,876,3,no
22047,53,913,3,no
14122,47,-226,2,no
43589,33,952,5,yes
5289,32,-32,1,no
35217,32,514,1,no
30588,53,287,5,no
22494,46,144,4,no
32807,39,5873,1,no
35698,46,716,1,no
31243,46,0,13,yes
5274,33,6227,2,no
7654,29,239,4,no
33968,33,4401,1,yes
24732,55,0,3,no
11070,48,734,3,no
8569,39,208,2,no
19653,46,22,4,no
3228,44,1033,1,no
24107,59,258,1,yes
19218,51,1178,2,no
12249,29,1661,2,no
28167,36,36,1,no
41841,57,1318,1,yes
30358,37,7433,3,yes
16257,41,0,3,no
8871,26,-147,2,no
44228,58,1299,2,no
27088,34,3679,1,no
2936,56,1412,1,no
13168,59,3540,1,no
13706,42,-274,1,no
2233,36,134,2,no
11193,42,4930,1,yes
38859,26,3519,1,no
37429,37,1328,2,no
16367,40,294,5,no
22810,30,73,6,no
39795,55,0,1,no
37412,26,96,2,no
42163,73,19,2,no
31998,37,897,2,no
4217,28,1306,3,no
15335,47,-185,2,no
14710,54,126,4,no
317,36,539,2,no
22352,32,522,2,yes
9862,36,2054,1,no
37184,35,34,2,no
10325,36,2880,1,no
31772,65,20806,2,yes
36096,39,-404,1,no
29213,43,257,2,no
36727,39,607,2,yes
33374,42,2717,2,no
15365,44,3286,1,no
19335,47,3973,2,no
38229,34,787,1,no
1333,34,177,1,no
12115,37,-456,7,no
43912,27,861,4,yes
12385,33,837,8,no
15171,44,0,17,no
279,38,570,2,no
6647,28,802,3,no
37620,31,1270,1,no
32632,36,302,1,no
43829,39,108,3,no
29668,58,0,3,no
44793,40,3585,3,yes
15615,42,156,4,no
6276,36,474,1,no
37353,40,147,1,no
25525,30,4319,1,no
6537,35,424,2,no
40383,63,2747,1,no
43259,19,108,2,yes
375,48,131,1,no
41297,60,108,1,yes
2088,26,-402,2,no
15284,46,709,4,no
42476,22,1258,1,no
42382,58,4007,4,no
10956,40,-616,2,no
11016,28,0,27,no
36796,56,373,1,no
17984,38,105,2,no
14086,51,0,2,no
22274,55,644,3,no
18877,49,3348,1,no
13703,32,983,1,no
29938,38,-213,1,no
24822,48,6376,4,no
20418,51,1535,2,no
4901,37,178,1,no
6515,43,6,4,no
13684,50,1683,1,no
22942,51,87,7,no
1147,44,-30,5,no
24680,54,1162,2,no
24386,58,1573,1,no
24744,32,148,1,no
38593,34,-16,3,no
24329,50,4,3,no
20150,32,787,2,no
19328,32,560,4,yes
20130,35,14,2,no
9655,39,328,7,no
41737,34,1730,2,no
6794,38,-579,2,no
37416,27,265,2,yes
31168,38,807,2,no
40301,34,180,3,no
39721,32,312,2,no
20393,31,433,2,no
41928,76,2693,2,yes
9193,50,1659,2,no
16055,30,311,1,no
40718,32,697,1,no
22523,30,3,2,no
40837,24,125,1,no
20819,31,4,2,no
35936,41,752,4,no
43269,71,2171,4,no
29588,36,254,2,yes
23067,42,275,8,no
16222,30,98,5,no
10464,36,340,3,no
42591,32,14533,3,no
28979,31,118,1,no
32806,40,824,1,no
44786,43,408,1,no
7282,56,589,2,yes
2628,48,489,1,no
5138,31,664,3,no
397,40,263,1,no
32799,46,85,1,no
39039,27,2802,1,no
24865,38,1515,1,no
19053,57,657,1,no
12533,32,92,1,no
13006,31,-2,2,no
31209,55,0,1,yes
11918,34,0,29,no
40367,61,997,1,yes
41211,20,215,4,yes
45046,26,316,2,no
36180,31,2423,3,no
4149,30,392,1,no
44592,26,963,1,no
42751,20,829,3,yes
34348,36,3850,4,no
41088,32,551,3,no
42759,56,282,2,no
38985,23,4211,1,no
14301,31,6,2,no
27114,41,9935,1,no
33789,24,2022,4,yes
26792,30,392,3,no
34046,38,196,1,yes
7568,56,1877,1,no
45016,53,459,6,no
36947,43,-70,2,no
30431,31,573,1,no
27860,45,1526,1,no
42348,20,215,1,yes
25838,46,3317,2,no
5184,44,858,5,no
10521,29,510,15,no
17076,41,113,15,no
12513,38,70,1,no
9421,50,-294,3,no
14050,35,372,1,no
34067,33,1170,1,yes
6988,52,-211,2,no
14400,52,280,5,no
5501,30,6,2,no
4816,36,1053,1,no
32046,36,102,1,no
15177,33,94,1,no
14105,36,611,2,no
19546,58,13,4,no
4184,31,221,3,no
38718,27,4869,2,no
32434,50,469,1,yes
567,38,1759,1,no
44280,82,243,1,yes
13253,49,1838,1,no
41382,26,200,2,no
6248,33,-395,2,no
20217,52,5521,4,no
41294,64,34,2,yes
7606,52,1405,1,no
6025,32,1037,3,no
26815,38,77,4,no
38691,51,297,4,yes
1639,27,230,1,no
22490,31,2,4,no
30600,30,306,6,no
3389,43,293,1,no
26408,40,1604,1,no
30702,30,300,1,no
19101,51,227,1,no
35022,35,4401,2,no
15579,32,2551,3,yes
20291,48,794,6,no
42690,35,1830,4,no
43155,74,1413,2,yes
24172,32,62,1,no
24631,40,486,2,no
4049,38,660,2,no
25747,48,-285,1,no
35833,43,0,2,no
19399,46,363,3,no
9160,33,-18,8,no
21883,32,0,4,no
5816,28,102,2,no
29578,32,5874,1,no
7237,45,180,1,no
30515,27,2183,3,no
23506,34,3486,10,no
41953,69,4,4,no
23970,46,117,2,no
9662,36,0,4,no
36986,40,87,3,yes
2680,50,1300,2,no
8509,31,859,2,no
21162,39,2985,2,no
7376,34,10,3,no
15915,55,36,3,no
2506,52,11,1,no
14182,50,1840,2,no
37578,43,276,6,no
12278,31,1197,3,no
38931,38,378,1,no
37129,44,2108,2,no
34036,30,270,1,yes
12636,37,1210,1,no
44558,45,226,6,yes
28020,26,1095,2,no
33412,37,-296,1,no
21583,42,0,4,no
15843,43,8,2,no
41749,32,2983,1,no
9350,43,5506,1,no
22933,47,175,7,no
6376,52,246,1,no
39307,49,880,3,no
30060,54,688,2,no
42627,25,4859,1,yes
21279,49,1157,4,no
17903,33,775,3,no
438,35,560,1,no
13605,51,3180,1,no
7316,35,219,1,no
41113,26,948,1,no
13621,42,0,1,no
32811,30,134,1,no
42964,53,10541,2,yes
4472,59,-41,1,no
44392,56,1989,4,yes
8048,33,374,1,no
36937,35,-184,2,no
28052,28,78,2,no
15538,60,2047,3,no
24914,43,1375,1,no
14751,53,6258,5,no
10856,53,1238,3,no
4236,41,459,1,no
24960,47,829,1,no
21100,58,3,2,no
18124,44,221,13,no
26228,59,98417,5,no
18283,43,352,4,no
20125,31,0,2,no
19672,56,1214,1,no
21862,31,182,2,no
10099,51,1435,1,yes
5827,47,192,1,no
22859,30,4213,4,no
29396,31,112,2,no
15119,47,555,1,no
13498,25,0,1,no
41337,66,220,1,no
10922,46,0,5,no
12509,50,-15,1,no
20972,39,5574,2,no
20147,45,1410,2,no
19771,52,409,2,no
2623,43,576,1,no
6335,43,3257,2,no
30822,33,594,5,no
15189,35,-67,6,no
40610,25,219,1,yes
32030,59,0,1,no
25072,52,2717,1,no
20347,43,2411,7,no
7830,44,0,3,no
3109,43,-101,4,no
1417,43,388,2,yes
37028,40,82,6,no
18610,57,4929,4,no
41135,22,948,1,yes
12521,45,-25,3,no
32422,47,392,3,no
25239,45,5694,2,no
23218,31,917,9,no
9195,40,1038,1,no
35672,56,2313,3,no
31608,31,779,2,no
44623,60,315,1,yes
10045,47,1464,4,no
12104,36,622,5,no
43307,38,76,1,yes
9012,36,1772,1,yes
42167,60,6573,2,no
30125,46,96,2,no
32687,34,-44,2,no
38565,33,2044,3,no
18751,51,7,30,no
2497,49,159,3,no
33740,41,1757,1,yes
11887,30,685,3,no
27391,50,57435,3,no
8746,33,76,4,yes
5776,28,1107,1,no
39803,56,1407,1,no
42168,67,942,2,yes
31356,37,1000,1,yes
41283,28,730,6,no
40401,61,13164,1,no
5149,34,4170,1,no
6550,26,2005,3,no
18967,55,445,2,no
37819,46,312,2,no
21830,45,705,4,no
1110,32,81,5,no
13460,34,0,1,no
9723,56,992,1,no
12083,39,1022,3,no
7556,40,5637,3,yes
43359,26,8750,2,no
18399,48,105,2,no
1134,46,1045,1,no
23991,41,88,2,no
26170,44,0,6,no
26217,40,1547,1,yes
44202,35,2918,2,yes
27549,49,5711,3,no
22461,53,6,2,no
38764,48,142,10,no
32249,39,267,1,no
29904,41,548,1,no
14455,52,0,3,no
36525,45,627,1,no
40225,31,15187,2,no
31533,32,233,2,no
7641,34,457,2,no
14422,37,1328,3,no
17945,50,1367,2,no
2826,57,0,1,no
32835,27,-116,2,no
35687,30,194,3,no
4033,44,75,3,no
15487,36,18,2,no
36793,57,3551,1,yes
35727,49,4300,1,no
25941,42,515,2,no
10429,55,1433,3,no
34897,42,24,2,no
32518,44,566,1,no
2857,60,2639,2,no
5537,36,655,4,no
12415,41,509,3,no
36524,26,2182,1,no
4078,42,0,2,no
33247,31,88,5,no
23802,36,0,6,no
39981,37,865,1,no
31186,47,1147,1,no
26514,33,785,1,no
16115,35,219,6,no
30292,47,1565,1,no
35846,36,962,1,yes
480,39,1877,1,no
42236,29,1026,1,yes
24745,49,323,2,no
267,37,600,1,no
42285,74,0,2,no
1091,39,-33,5,no
38747,40,-21,2,no
18276,41,1138,18,no
15909,50,4315,11,no
23999,49,114,6,no
40086,35,563,1,yes
3194,46,556,3,yes
41500,58,1227,2,yes
2338,25,17,2,no
11097,45,231,3,no
7779,42,435,1,no
32187,31,407,3,no
31110,29,1135,1,yes
5135,32,43,2,no
40957,67,1146,2,no
33767,82,211,3,no
3008,30,128,1,no
21466,30,3045,7,no
21329,54,3797,2,no
24326,49,272,1,no
25025,37,54,2,no
23981,46,0,2,no
5511,33,1134,2,no
30344,30,566,1,no
6340,52,2001,4,no
34989,26,37,1,no
14184,35,0,2,no
6247,38,315,3,no
33245,36,139,1,no
37456,41,654,2,no
35105,43,0,3,no
3931,27,276,2,no
9572,49,-97,2,no
41747,66,0,2,no
7031,30,1780,12,no
29773,56,115,1,no
574,52,0,1,no
13910,59,454,1,no
22571,36,287,6,no
1466,37,121,2,no
29004,50,545,1,no
3368,41,38,7,no
44421,93,775,2,yes
3439,36,-318,2,no
33932,42,757,1,yes
19714,54,1059,3,no
8542,27,512,1,no
30128,32,322,2,no
22131,32,4,2,no
42997,75,6053,2,no
14223,53,257,2,yes
24899,30,3,1,no
23548,32,0,13,no
16165,43,189,15,no
34874,23,83,1,no
884,38,83,2,no
7304,43,799,3,no
875,55,552,2,no
12537,39,3,1,no
25263,37,712,2,no
33447,25,319,3,no
17042,26,144,1,no
3646,39,-176,13,no
27772,28,511,1,no
4524,31,1,3,no
7232,39,1270,4,no
43148,63,973,1,yes
43720,56,870,1,yes
27696,36,0,3,no
43645,56,2037,1,no
27931,26,340,1,no
34139,59,182,1,no
18107,44,-665,3,no
7529,36,604,1,no
23598,48,197,8,no
4757,26,972,10,no
1109,52,-57,3,no
38761,29,-79,4,no
39515,31,863,3,no
10455,24,-203,3,yes
8055,39,1802,1,no
5887,29,54,3,no
3543,55,2014,2,no
31330,31,71,1,yes
42012,60,182,2,no
9958,51,2717,2,no
15682,35,-86,1,no
2334,26,8,1,no
34147,38,565,1,yes
34166,32,1246,1,yes
12567,47,-187,1,no
18380,38,669,2,no
27854,44,8,1,no
12441,39,-54,4,no
5884,52,-99,3,no
16592,51,43,2,no
7003,49,457,2,no
16287,47,4101,1,no
29785,36,376,1,no
9021,30,2551,2,no
269,41,183,2,no
3143,42,1260,3,no
4801,34,558,1,no
11261,54,45,20,no
7423,39,835,4,no
17448,26,18,3,no
4397,54,2847,10,no
2157,48,194,6,no
36471,54,956,2,no
12758,43,29,8,no
1442,22,54,6,no
26255,34,6,2,no
13070,25,1098,1,no
40516,81,0,1,no
21298,52,52,4,no
20458,33,827,4,no
6528,35,914,9,no
33634,44,109,4,no
30573,39,0,8,no
28594,31,312,2,no
1497,50,704,2,no
734,34,105,3,no
44254,43,839,1,yes
11563,36,1923,1,no
24067,35,0,1,no
14750,43,326,8,no
26880,30,321,2,no
6329,36,-825,1,no
22684,43,676,4,no
2073,31,0,4,no
36147,29,9,3,no
24707,43,469,4,no
35024,37,509,1,no
14340,44,272,2,no
3220,43,56,1,no
16037,33,1924,1,no
15700,40,-65,2,no
31930,40,-318,1,no
4041,25,99,4,no
37059,33,139,1,no
21523,47,0,2,no
41232,43,733,1,yes
445,34,367,1,no
26713,58,6237,2,no
26012,50,-470,2,no
35608,28,26,2,no
21982,46,130,2,no
33569,38,387,3,no
1337,43,2331,4,no
36220,41,306,1,no
4958,32,1067,2,no
27525,32,392,2,no
3974,32,192,5,no
30930,29,176,2,no
9393,29,778,2,no
31496,34,13408,2,no
29471,47,152,3,no
41104,57,139,1,no
30389,29,476,1,no
6992,27,3104,2,no
21359,54,392,8,no
45112,64,445,3,no
1475,41,363,3,no
30662,47,1096,2,no
1554,35,69,3,no
25178,52,297,2,no
6044,34,6575,4,no
39367,31,2252,1,no
36663,30,8563,1,no
53,32,0,1,no
26322,32,574,1,no
275,37,190,2,no
39663,47,2232,1,yes
30570,39,211,2,no
31062,37,127,1,yes
39045,31,1129,3,no
15502,33,114,9,no
38436,37,-212,3,no
41571,37,99,1,no
15369,43,0,1,no
10394,45,0,1,no
41580,56,654,1,yes
28319,42,1152,1,no
29646,26,2353,2,no
35080,48,2,2,no
44825,28,127,2,yes
5031,33,239,1,no
19661,35,632,1,no
16156,26,-38,2,no
36863,52,555,2,no
14514,56,1631,3,no
32416,36,3350,1,no
22916,44,3674,3,no
27185,54,836,1,no
23108,51,10150,5,no
40170,55,9756,2,yes
19430,45,38,3,no
34462,37,0,1,no
9304,46,2093,2,no
29105,31,304,2,no
13963,30,-156,2,no
13361,32,4,1,no
11142,37,10721,3,no
21118,30,289,4,yes
13802,34,-33,1,yes
12316,40,0,2,no
23557,34,786,11,no
1879,56,420,1,no
19332,48,174,2,no
18440,47,2473,2,no
19610,51,0,6,no
8477,31,746,1,no
14608,36,0,3,no
19736,56,654,4,no
30452,30,79,2,no
35643,39,2749,1,no
6466,30,-397,3,no
29367,37,0,2,no
16069,29,0,6,no
2533,56,123,1,no
11639,49,226,5,no
19899,31,2744,2,no
16691,29,1022,1,no
31744,41,5,3,no
36202,27,536,3,no
8660,36,0,3,no
19322,60,1025,8,no
20839,51,317,4,no
34389,38,2443,8,no
36673,37,166,1,no
10238,38,797,4,no
24,25,50,1,no
44758,48,235,2,yes
43839,55,8304,1,yes
33387,32,3850,4,no
35796,29,234,1,no
28745,45,440,1,no
7329,34,1365,2,no
20818,39,8,2,no
29840,36,372,1,no
12726,53,243,2,no
15508,34,1927,2,no
38590,34,656,7,no
6135,31,0,2,no
5945,30,306,14,no
26312,40,214,4,no
32509,33,216,1,no
37815,43,533,2,no
29273,36,630,1,yes
28057,33,664,3,no
6443,38,5891,3,no
4509,35,1163,1,no
38308,29,710,1,no
29495,34,883,2,no
44566,61,523,3,yes
29503,48,1266,1,no
23142,54,1111,9,no
40607,37,115,1,no
22515,31,47,4,no
4739,56,530,7,no
1513,33,229,4,no
25760,39,6012,1,no
25743,47,0,1,no
34379,25,9154,5,no
24802,58,9339,3,no
961,36,301,2,no
43951,32,705,1,yes
34245,67,696,2,no
2307,35,-12,5,no
41167,38,407,1,no
42946,79,631,2,no
1840,26,57,2,no
8501,32,-107,2,no
12806,29,57,1,no
1564,41,639,2,no
15293,46,567,10,no
25637,40,4608,2,no
33917,59,1729,1,no
9289,28,731,13,no
22920,51,9864,4,no
25448,55,6043,3,no
22407,32,34,2,no
7326,39,0,2,no
32567,52,568,1,no
11869,39,4168,3,no
20746,36,59,2,yes
31057,43,36,1,no
28625,33,880,3,no
29729,52,330,1,no
2139,29,891,1,no
23364,31,347,6,no
9933,43,5571,1,no
19083,56,364,1,no
38961,32,7290,1,yes
33223,53,696,6,no
5644,32,41,2,no
35618,29,202,1,no
25045,41,2123,1,no
7381,38,381,2,no
31746,31,2484,1,no
20183,34,370,2,no
7581,32,1659,6,no
29713,54,1178,6,no
33011,36,928,3,no
11127,51,192,3,no
2274,49,783,4,no
31264,19,27,12,no
39011,34,243,1,yes
22833,51,1052,4,no
36444,39,763,7,yes
310,43,0,2,no
32259,35,-101,1,no
1349,34,142,4,no
42584,36,629,1,no
10090,44,0,2,no
22198,35,75,5,no
35416,49,-327,1,no
18274,59,80,21,no
40466,31,9629,2,no
4388,38,690,1,no
23688,34,33,1,no
37685,50,1629,1,no
21069,39,1387,2,no
16656,27,162,1,no
24713,54,1826,4,no
31653,44,545,3,no
1114,48,1230,3,no
37141,46,437,3,yes
39989,55,2383,2,yes
17920,54,898,2,no
38810,31,11,7,no
28122,38,2346,1,no
31563,34,-60,1,no
38576,40,-1212,2,no
40277,35,71,1,yes
10828,45,451,1,no
44763,69,426,2,yes
38616,27,54,3,no
7722,44,734,5,no
12124,45,1515,4,no
28487,42,227,3,no
9507,46,0,2,no
19007,41,515,2,yes
42926,33,2750,1,no
11100,40,256,1,no
25167,54,0,1,no
36841,54,143,2,no
34812,27,345,1,no
42871,39,2758,3,yes
34670,51,914,2,no
16837,44,0,2,no
4825,38,0,1,no
15316,56,-1,3,no
28596,48,998,3,no
17999,56,1340,6,no
14668,37,1775,5,yes
7580,49,130,2,no
24201,35,94,1,no
42856,34,0,1,no
4593,38,178,1,no
7389,42,0,3,no
6331,53,-120,1,no
8427,48,-154,3,no
769,29,110,3,no
17248,28,111,2,no
35020,32,557,2,no
10136,59,1150,1,no
36155,33,177,1,no
10055,38,4023,2,no
22573,42,2861,5,no
44928,21,57,1,no
41433,69,148,1,no
7721,32,883,1,no
33806,58,3027,1,yes
13610,36,6404,1,no
27120,40,72,1,yes
22214,40,278,7,no
13255,35,57,2,no
36425,32,271,2,no
27056,32,0,1,no
7756,35,361,3,no
22356,32,14,6,no
39360,38,710,2,no
14224,46,853,3,no
31951,29,18,3,no
39239,27,294,2,no
42243,32,1331,1,yes
19512,53,234,2,no
22371,35,308,2,no
12951,49,96,2,no
20403,59,636,4,no
24703,37,121,2,no
2409,20,-103,1,no
18514,57,3549,36,no
343,40,-333,2,no
20482,54,-777,2,no
34624,47,57,1,no
43084,44,622,1,no
35000,48,2597,2,no
13268,32,-299,2,no
7686,50,1158,1,no
26874,57,3499,4,no
19491,30,868,2,no
40077,43,2987,1,yes
23272,40,324,6,no
7666,58,590,2,no
33971,39,0,1,no
43766,46,706,1,yes
27102,34,3527,1,yes
23295,46,0,6,no
36521,40,768,3,no
30710,47,0,4,no
33300,38,-349,2,no
29435,31,8626,1,no
29294,26,15161,1,yes
11593,44,168,2,no
42949,36,1257,9,no
41251,58,1313,4,no
8468,46,572,2,no
32208,32,202,1,no
18686,45,72,5,no
44804,30,0,2,no
5861,32,494,2,no
43239,83,4761,1,yes
40888,18,608,1,yes
15911,33,-149,3,no
8900,35,162,4,no
8902,28,-380,4,no
3107,41,2157,2,no
2677,60,926,2,no
43571,30,697,2,yes
34366,25,203,1,no
9668,59,3237,3,no
15975,37,0,1,no
38934,25,148,1,no
35483,42,78,2,no
13913,30,1160,1,no
13758,42,1261,1,no
9744,48,1744,1,no
14241,55,935,2,no
35599,35,1615,2,no
24907,40,1217,1,no
7725,60,4120,2,no
1412,34,2211,1,no
28118,48,438,5,no
4640,32,1351,3,no
19241,36,163,2,no
24743,34,7673,1,no
19067,59,3400,3,yes
14626,37,0,6,no
24142,29,572,1,yes
41534,32,1954,1,no
41484,31,155,1,no
4527,31,2007,1,no
42410,29,1445,2,yes
9427,37,657,1,no
22527,57,318,4,no
32488,37,346,1,no
11248,60,1336,1,no
12424,28,-395,4,no
39281,34,18,4,no
29908,35,7990,1,no
32487,38,397,1,no
19306,35,249,2,no
17796,59,1558,3,no
25145,57,6362,1,no
10952,59,3,2,no
37828,26,864,1,no
34508,47,33,1,no
16802,42,0,2,no
7153,34,1242,3,no
26382,54,1691,1,no
35128,45,-206,2,no
38655,39,11971,10,no
21563,49,5,2,no
25699,33,-103,2,no
44914,29,1934,1,yes
32475,33,7048,2,no
4203,25,300,3,no
2240,24,94,2,no
20688,33,2695,3,no
14401,51,50,3,no
1413,40,87,1,no
24203,42,71,1,no
18961,47,600,2,no
6613,33,598,1,no
38656,32,574,4,no
5680,43,978,2,no
3561,57,1,10,no
6187,32,-11,1,no
19754,32,449,2,no
5879,30,529,3,no
10242,40,1248,2,yes
4098,40,3736,3,no
31858,29,23,2,no
21809,51,180,2,no
35138,56,151,5,no
29798,43,370,1,no
6872,50,-568,2,no
21007,54,0,7,no
8232,40,1937,1,no
21080,55,213,2,no
3636,58,2360,3,no
3097,45,137,1,no
44541,48,926,2,yes
29127,42,924,1,no
19747,48,2,6,no
30906,33,700,1,yes
17021,30,191,2,no
8451,36,13,1,no
42602,27,8,2,no
14624,42,1,1,no
6915,40,-89,4,no
26510,37,1060,3,no
21156,57,4597,4,no
32406,38,183,3,no
30521,50,1022,2,no
4343,54,7449,7,no
4999,35,71,12,no
28466,26,-101,1,no
6899,29,445,2,no
23792,37,4293,2,no
19823,31,1503,2,no
36611,39,1403,2,no
23624,56,1333,14,no
20904,30,717,3,no
26227,34,210,1,no
43523,64,4833,2,no
43910,30,2371,1,yes
36248,29,910,1,no
9479,55,653,1,no
7723,34,275,1,no
22320,44,38,5,no
1358,43,-77,1,no
2526,40,373,1,no
34416,35,-947,4,no
10815,52,2138,1,no
43820,60,1047,3,yes
41743,33,1781,2,yes
40414,33,73,1,yes
16715,37,352,2,no
29861,39,606,1,no
36287,56,966,2,no
20893,30,388,1,no
40361,54,6590,4,no
44878,28,6551,1,yes
16208,27,148,9,no
39867,40,7968,1,yes
16243,51,-709,1,no
5307,33,17946,1,no
2578,31,513,1,no
9184,36,1815,1,no
27487,56,386,4,no
7979,29,1097,3,no
17090,49,1644,4,no
5422,46,-267,3,no
34555,31,451,1,no
8983,39,835,1,no
13661,47,-380,17,no
7410,35,807,3,no
44900,77,0,4,no
252,53,0,1,no
32744,33,26,3,no
23789,31,0,2,no
35712,54,19,1,no
4820,32,0,1,no
39881,28,560,1,no
23576,46,1906,6,no
20629,31,297,1,no
12323,60,1349,2,no
20084,32,312,4,no
27985,33,0,1,no
16409,57,246,2,no
8861,33,1808,4,no
25926,32,550,1,yes
14428,33,0,3,no
28890,41,692,3,no
15957,26,47,1,no
38434,32,2198,1,no
543,50,249,1,no
3853,35,53,2,no
29095,45,1818,1,no
6003,46,25,2,no
5199,57,461,10,no
36897,31,241,5,no
39163,31,258,3,no
8355,46,43,5,no
39288,27,176,2,no
39485,40,312,7,yes
24922,41,8491,1,yes
12011,35,2672,10,no
30293,38,185,1,no
43043,45,226,4,yes
38353,46,51,1,no
15519,33,2617,2,no
13912,34,2378,1,no
27068,51,36935,1,no
6327,31,3052,2,no
12969,36,1346,7,no
2918,53,600,1,no
2230,31,387,3,no
42775,36,3949,2,yes
25254,36,2169,2,no
7964,58,25,2,no
42432,45,0,1,yes
31398,26,689,1,no
13354,47,1890,1,no
38733,32,217,3,yes
5655,52,0,1,no
3780,40,783,2,no
11678,37,2209,2,no
3345,41,849,1,no
17966,49,1415,2,no
18300,42,3842,4,no
10222,37,-119,11,no
32193,56,3498,2,yes
23099,39,3867,12,no
6634,30,849,6,no
314,37,398,2,no
12526,26,549,1,no
44314,55,1320,1,yes
5962,28,339,2,no
31709,44,522,1,no
27651,47,333,5,no
24729,48,0,1,no
4195,34,501,12,no
43946,63,23047,1,no
4498,39,0,1,no
17721,42,859,10,no
24697,43,2767,1,no
42320,35,3160,2,yes
27419,40,1584,1,no
24867,37,561,1,no
24243,43,3305,1,no
4651,59,0,4,no
8224,35,0,2,no
15240,60,-222,2,no
33505,45,1757,3,no
36963,40,56,3,no
10086,45,3007,1,no
35289,24,61,1,no
14364,44,3113,2,no
3064,42,1811,1,no
42211,49,3371,2,yes
2116,52,210,1,no
7881,44,946,4,no
44863,54,0,1,yes
32071,34,47,1,no
249,39,483,1,no
17228,40,-496,2,no
10881,58,544,1,no
7628,38,12855,1,no
35420,51,218,3,no
9626,45,22928,1,no
44746,62,2801,1,yes
9300,39,1646,2,no
29344,51,100,2,yes
5232,33,884,1,no
38990,31,1374,2,no
84,59,2343,1,yes
11926,33,13494,25,no
2054,45,101,5,yes
12751,46,2911,9,no
17941,53,235,2,no
18176,48,1015,3,no
43515,42,273,1,no
22394,53,0,9,no
10476,45,7811,2,no
29068,38,447,1,no
16157,61,50,5,no
32199,59,893,4,no
31545,57,1631,2,no
31960,30,1418,2,no
38232,32,15,1,no
19889,44,7138,2,yes
37313,31,951,1,no
15208,35,1016,2,no
26035,39,-982,3,no
16901,37,775,1,yes
41918,27,1134,1,yes
8714,41,-1136,1,no
15356,26,-384,1,no
4192,38,680,2,no
25196,39,11887,2,yes
15687,31,-537,7,yes
43509,74,4912,2,no
31732,24,5,1,no
18077,51,-160,4,no
20521,43,-526,2,no
35077,40,429,2,no
8344,28,5149,3,no
5961,32,782,4,no
30781,38,558,3,no
3854,56,82,1,no
34135,25,1105,1,no
40210,25,6246,3,no
28645,26,1200,3,no
20155,37,3043,4,no
28887,31,358,3,no
42747,55,831,1,no
35614,34,279,1,no
5173,37,1455,2,no
40244,47,1013,3,no
2296,46,0,9,no
24382,51,135,1,no
18642,53,514,3,no
4641,44,982,3,yes
34752,49,489,1,no
12436,55,0,2,no
42437,29,135,1,no
36917,44,492,2,no
37138,41,340,1,no
28500,47,-337,4,no
23474,36,2473,4,yes
25333,41,22,3,no
20053,43,2759,2,no
16197,42,-119,3,no
23167,32,127,17,no
5079,52,1933,4,no
42098,20,0,4,no
32286,47,327,1,no
22439,57,0,2,no
30745,49,-268,2,no
15521,32,2341,1,no
17484,25,218,4,no
9524,40,343,2,no
15653,44,1590,8,no
4975,27,1303,1,no
432,42,1680,1,no
11512,52,0,3,no
39546,30,411,1,no
40792,55,199,1,no
19086,55,5443,2,no
8314,43,498,5,no
28373,37,195,1,no
6325,48,108,2,no
23948,34,563,15,no
31733,49,1342,1,no
42334,71,5715,2,yes
31539,35,663,3,no
21040,52,51,2,no
43619,35,415,2,yes
35409,34,592,3,no
14873,56,23,2,no
12089,47,1105,6,no
11475,47,989,1,no
43170,67,8465,1,no
5322,25,1765,2,no
28692,46,2052,1,no
15243,40,500,3,no
32466,44,38,2,no
9163,38,10855,2,no
25356,33,10,5,no
22713,33,-2,6,no
34409,37,808,4,no
13619,51,1432,1,no
31736,36,356,3,no
10399,47,1405,1,no
26115,31,35,2,no
1556,43,0,2,no
21133,30,1384,2,no
16815,50,-54,3,no
33846,70,383,2,no
19923,31,37,2,yes
12712,41,841,2,no
16421,32,476,9,yes
30001,40,4126,2,no
19408,50,-70,2,no
12805,40,0,1,no
1998,34,9569,2,no
37687,35,-146,1,no
32948,35,451,6,no
34554,40,47,1,no
39192,43,-63,3,no
24655,49,652,2,no
21078,31,2916,2,no
17923,48,286,2,no
15292,34,652,4,no
1559,39,429,4,no
11571,57,2020,4,no
5082,26,186,3,no
8202,38,-239,2,no
15422,30,24,3,no
23029,49,1219,5,no
37699,38,1211,1,no
739,55,143,3,no
23785,35,634,2,no
710,33,372,2,no
36149,39,283,2,no
26415,47,-744,1,no
22304,35,0,1,no
5099,31,3298,2,no
43047,25,199,2,no
21467,37,453,4,no
10501,35,4723,8,no
32150,34,0,2,no
15727,32,2196,1,no
42918,43,0,2,no
16064,43,2309,1,no
17498,51,2130,8,no
41399,39,973,4,no
15745,60,161,3,no
34542,27,1996,1,no
11428,45,1381,2,no
14732,40,884,4,no
6825,40,-240,3,no
20233,46,159,4,no
13300,41,17,3,no
3117,31,0,2,no
29398,37,4089,2,yes
30892,27,317,3,no
15346,31,557,1,no
44298,69,0,1,yes
39266,31,1310,2,no
40148,24,1004,1,no
28651,29,475,2,no
41505,57,0,2,no
28673,44,1139,1,no
34032,29,719,1,no
29419,26,2803,7,no
39772,46,4629,1,no
16090,48,204,1,no
7163,48,1910,2,no
12268,36,20,5,no
28914,27,90,3,no
20241,30,1045,4,no
1550,50,72,2,no
10995,49,4110,2,no
35757,44,227,1,no
11894,37,3728,4,no
4069,58,196,1,no
36282,50,-458,2,no
33386,37,1127,2,no
17419,31,34,4,no
43339,35,5958,1,yes
34163,48,36686,1,no
36497,55,1649,3,no
42289,33,2465,2,no
34726,38,414,1,no
29823,32,1246,2,yes
25312,35,14232,2,no
3804,28,364,1,no
3567,55,1102,2,no
5175,32,783,3,yes
25446,51,-20,3,no
33564,38,304,2,no
6708,40,-279,2,no
24274,43,0,1,no
40650,25,557,2,no
30659,60,5798,2,no
6272,30,357,4,no
37378,59,2965,3,yes
43029,54,10185,1,yes
1430,47,116,2,no
20572,30,812,4,no
34,59,0,1,no
26085,31,283,2,no
5234,31,91,1,no
20639,33,87,1,yes
1551,53,175,4,no
1889,29,542,3,no
17241,56,1346,3,no
17521,30,4,21,no
41492,56,230,1,no
5222,37,363,3,no
42939,24,556,1,yes
39315,47,-121,4,no
42869,59,0,1,no
19699,48,127,5,no
24664,37,1988,2,no
2228,23,250,2,no
5472,35,-413,1,no
39374,31,12607,1,no
2208,48,396,3,no
9352,33,3704,2,no
26970,30,1395,1,no
9024,37,213,1,no
27662,32,4764,2,no
37331,48,-276,1,yes
11505,29,508,5,no
34893,31,209,1,no
6166,29,115,1,no
31856,35,1057,2,no
33808,35,183,2,no
18504,31,935,5,no
28192,30,1422,1,no
6053,35,229,3,no
240,49,-9,1,no
617,31,60,1,no
19950,59,0,4,no
8363,31,-446,1,no
3285,47,3216,2,no
19828,46,1808,2,no
3639,60,894,7,no
14559,38,0,3,no
33513,37,72,5,yes
13970,49,305,10,no
17012,43,1343,2,no
24315,40,856,1,no
7279,31,490,2,no
28628,31,0,3,no
30793,36,1102,4,no
44,54,529,1,no
42338,52,234,1,yes
11147,27,-97,2,yes
22378,44,267,2,yes
12958,51,720,5,no
35233,38,178,1,no
313,55,96,2,no
10425,38,10638,2,no
37341,30,236,1,no
7877,31,1,16,no
27837,31,804,1,no
26370,48,4906,1,no
38822,24,-1329,1,no
43892,31,877,1,yes
15611,39,1048,1,no
5279,31,-32,1,no
27661,37,3111,3,no
6063,30,3532,5,no
5695,46,1728,2,no
8911,26,3342,4,no
13054,55,150,1,no
39363,28,1113,1,no
10994,32,1364,5,no
15613,31,-64,1,no
2118,56,75,2,no
30505,38,333,2,no
4969,34,1191,2,no
832,42,19,1,no
36081,36,666,1,no
8575,44,8938,18,no
7987,48,771,1,no
17504,47,216,10,no
23432,45,534,6,no
1457,35,25,5,no
23515,52,-542,2,no
16080,52,105,4,no
42445,31,684,3,yes
15984,31,216,1,no
15979,60,-137,1,no
28518,29,370,2,no
12137,53,0,7,no
33492,45,21024,4,no
32698,36,1272,1,no
7002,47,-938,2,no
5220,32,-408,2,no
16986,47,2793,4,no
31024,31,373,6,yes
26949,30,5220,1,no
14321,32,210,3,no
16769,41,2717,2,no
26066,32,0,2,no
42409,72,1940,2,yes
41023,57,842,3,yes
29877,52,2338,1,no
42749,61,4629,1,yes
24689,54,2935,2,no
5733,40,193,1,no
3989,36,513,3,no
2829,40,3382,1,no
5227,54,462,3,no
197,38,155,1,no
25943,52,3204,1,no
32026,40,13669,7,no
27334,40,-616,1,no
2726,27,37,3,no
15947,27,1,1,no
18110,31,1302,3,no
29409,33,153,1,no
38086,42,191,3,no
23781,32,792,2,no
14654,33,71,4,no
33653,29,457,3,no
44487,57,2038,1,yes
2265,47,218,7,no
27559,37,807,4,no
35807,41,-170,1,no
21749,31,50,5,no
9932,41,1666,3,no
3531,56,2658,1,no
31757,45,317,2,no
41890,30,261,1,no
30525,40,0,6,no
31690,36,1588,1,no
10637,35,5270,8,no
43660,47,834,1,no
22202,31,26,4,no
14713,35,348,3,no
26179,30,809,5,no
828,35,527,1,no
2449,52,3241,1,no
44890,29,670,1,no
42213,35,5007,1,no
23154,38,-363,2,no
19224,43,5704,2,no
42280,61,2863,1,no
22296,30,69,1,no
16269,34,-451,1,no
15603,51,0,1,no
13261,38,0,1,yes
35572,32,516,8,no
18135,54,3721,1,no
13067,33,-627,1,yes
26818,35,-394,3,no
28439,53,945,2,no
20377,50,111,3,no
7707,45,820,2,no
23221,44,-84,6,no
4777,38,1663,1,no
39085,30,963,1,no
28654,29,115,2,no
37611,52,2216,1,no
13539,35,0,1,no
19843,52,135,9,no
22637,52,583,1,no
34214,49,1,3,yes
31995,50,-194,2,no
43784,28,1925,1,yes
31622,63,2030,6,no
23774,58,1326,1,no
9292,35,3279,2,no
37508,29,182,3,no
25787,36,0,3,no
43550,30,655,1,yes
34224,25,642,2,no
33288,24,0,3,no
3246,41,1172,1,no
39629,55,217,1,no
8115,31,15,1,no
20481,50,418,2,no
960,39,106,1,no
619,40,2880,2,no
24767,34,26575,1,no
4309,49,320,6,no
25133,32,2251,1,no
44206,64,588,1,yes
37540,51,934,3,no
24842,35,6,1,no
31147,28,1287,1,yes
23938,35,511,4,no
38175,57,334,2,no
19222,46,660,2,yes
34402,56,2086,8,no
24670,43,68,2,no
29436,53,5797,4,no
33055,34,241,2,no
17194,31,0,8,yes
18919,39,643,1,no
19228,49,178,2,no
36569,46,2,1,no
19884,32,3939,2,no
3338,40,3676,1,no
23569,60,486,4,no
11451,57,5768,1,yes
4772,39,5,1,no
11824,49,557,5,no
6400,29,156,5,no
42095,33,3301,2,no
37943,35,2432,2,no
38745,38,4335,7,no
36749,28,-31,1,no
12968,58,853,3,no
21398,31,11821,11,yes
755,37,569,2,no
21019,32,1038,4,no
9408,54,492,1,no
9926,40,88,2,no
43988,46,67,1,no
41391,36,1113,1,yes
33921,58,5701,1,yes
39126,27,2293,3,no
19861,31,311,2,no
38433,29,1388,3,no
23788,47,961,11,no
33491,30,8826,3,no
43752,30,3144,2,yes
38491,41,2540,2,no
39276,24,-73,2,no
7370,28,1180,3,no
36719,36,69,2,no
18770,49,4374,3,no
39940,49,5887,3,yes
11427,55,557,1,no
14356,32,240,3,no
7810,25,17,2,no
8296,30,500,2,no
22469,52,0,2,no
16735,46,145,5,no
2255,55,0,5,no
41971,40,1108,2,no
39207,34,4723,3,no
555,33,-10,1,no
43631,28,437,1,yes
12065,40,1400,7,no
20348,31,3739,3,no
34074,34,1228,2,yes
39665,27,80,2,no
11417,43,4324,1,no
20513,30,1038,2,no
23928,45,121,11,no
7760,43,6614,4,no
24012,46,46,2,no
6871,36,302,6,no
33633,46,131,2,no
5042,33,541,1,no
36914,46,984,4,no
5883,34,27,3,no
8736,44,924,3,no
5174,36,439,5,no
43992,57,1350,1,no
17618,29,402,5,no
38456,52,2396,7,no
21646,32,266,2,no
28054,51,2244,2,no
20835,30,0,4,no
18064,46,-363,11,no
24295,48,0,1,no
1733,31,535,3,no
26457,30,4888,2,no
15999,34,418,1,no
19537,50,4108,2,yes
12475,30,49,1,no
27881,55,512,1,no
25099,38,4,3,no
13634,33,437,1,no
18237,40,900,2,no
17203,35,5613,3,yes
33118,32,395,1,no
38077,33,686,6,no
15042,35,113,2,yes
15398,33,81,1,no
18857,52,742,1,no
794,31,53,1,no
16078,51,0,2,no
35859,34,49,1,no
31333,64,2923,1,no
44911,61,11,1,yes
17259,53,673,2,no
8022,41,143,2,yes
4922,40,1066,1,no
17665,35,-112,4,no
33176,34,550,3,no
31587,40,3164,2,no
13520,37,0,1,no
10277,35,728,16,no
992,33,436,1,no
19683,49,790,3,no
17290,26,0,2,no
15313,30,459,1,yes
26189,44,1766,1,no
5536,40,-306,1,no
24717,42,525,3,no
27750,26,2725,1,no
40214,31,816,2,no
1890,37,-175,1,no
31430,46,-522,3,yes
24569,59,34247,2,no
38675,45,1378,5,no
31448,73,2308,2,yes
28349,44,149,1,no
5019,43,-177,2,no
20995,55,64,6,no
8014,32,14,1,no
26770,52,234,1,no
5668,41,320,1,no
23540,32,2421,8,no
10060,48,11516,8,no
11569,59,1071,1,no
2975,53,694,1,no
1338,35,0,1,no
27779,53,392,1,no
41174,32,1270,3,yes
31909,35,-312,1,no
14650,51,-799,3,yes
22508,59,57,11,no
15501,33,272,2,no
4811,30,1168,1,no
7476,40,1576,3,no
34681,37,8564,2,no
40596,75,5491,6,no
20243,53,1869,4,no
1718,28,2831,3,no
43964,52,1708,1,no
4022,52,1066,3,no
952,51,220,2,no
1447,57,618,7,no
44215,37,0,2,yes
25301,31,0,2,no
26007,40,664,2,no
2181,34,187,2,no
38432,41,6000,6,no
22969,51,176,2,no
28679,36,583,1,no
7251,47,812,1,no
13502,39,416,1,no
23895,55,0,2,no
30096,58,0,2,no
4956,34,622,1,no
36214,41,1219,1,no
24634,50,-403,2,no
32742,29,191,1,no
14769,38,500,7,no
44199,24,3843,2,no
780,42,445,2,no
9811,38,2569,1,no
39645,29,795,1,no
24611,34,1049,2,no
25051,41,1954,1,no
25258,38,605,2,no
14362,49,280,3,no
9729,42,6250,3,no
8476,39,270,1,no
11808,45,0,2,no
44557,35,2717,6,yes
13371,32,611,1,no
41557,32,2,2,yes
15084,29,0,1,no
44009,55,976,1,yes
17568,51,-396,6,no
7794,31,646,3,no
978,33,54,2,no
41466,52,0,1,yes
22250,43,0,3,no
22522,35,1006,4,no
10558,36,638,2,yes
10710,41,389,2,no
21502,46,134,2,no
21996,39,0,3,no
32516,34,0,1,no
18874,49,3410,1,no
23201,37,487,15,no
18316,50,37,2,no
25031,45,1441,1,no
9592,23,150,5,no
41101,56,4623,1,yes
38028,43,0,4,no
13801,30,91,1,no
28955,37,941,1,no
13251,52,3554,1,no
42706,19,103,2,no
33889,51,618,1,no
16719,43,0,2,no
11328,54,1433,20,no
17669,47,736,2,no
13696,36,227,1,no
3762,45,9,6,no
44357,83,5944,3,no
38518,38,226,4,no
2364,21,99,1,no
242,43,100,1,no
22012,32,0,4,no
35699,32,747,2,no
27912,48,220,1,no
27935,37,0,1,no
30456,58,0,1,no
15539,34,6324,4,no
44743,64,2799,4,no
40699,32,6983,1,yes
45001,38,0,1,no
24170,59,0,1,yes
26829,51,5206,3,no
6026,41,-571,4,no
10082,38,2998,1,no
16461,51,0,2,no
10027,50,3056,3,no
28417,39,1889,2,no
11101,55,31,1,no
32438,27,639,1,no
40389,33,1363,1,no
34537,33,1022,1,no
21895,39,5060,4,no
539,34,245,1,no
4880,31,1343,1,no
7579,39,882,4,no
36900,40,129,3,no
9170,44,-389,1,no
12832,40,29,2,no
30237,58,1249,1,no
10080,59,712,1,no
22476,50,1052,4,no
34790,36,50,1,no
18624,35,-11,18,no
42414,43,11891,5,yes
17497,47,292,3,no
24837,53,4856,1,no
34646,48,-582,2,no
38295,29,10191,2,no
28234,54,294,1,no
17013,39,-709,6,no
31329,53,0,2,yes
36735,35,451,1,no
42294,61,209,1,no
34256,28,1842,2,no
29045,48,439,1,no
20074,35,0,3,no
2399,33,1309,1,no
30351,31,96,1,no
32402,49,2015,2,no
9987,52,-519,8,yes
34302,33,415,5,no
12493,47,47,2,no
1190,56,177,1,no
41469,34,268,1,yes
16752,28,169,2,no
928,55,1268,2,no
12291,58,2592,1,no
11579,48,3062,5,no
29212,34,7,2,no
19792,60,1361,2,no
13467,43,0,1,yes
12737,31,92,2,no
25375,50,2910,2,no
28689,29,1751,1,no
1,58,2143,1,no
35356,37,815,1,no
32087,33,549,2,no
9846,53,2096,1,no
16842,25,0,9,yes
37718,35,113,3,no
22675,34,47,6,no
20298,36,28,2,no
21917,39,35,3,no
25142,33,275,1,no
42628,28,168,1,yes
43753,58,1230,1,yes
18597,42,0,4,no
29589,36,1582,2,no
23251,32,1107,8,no
40915,49,5802,3,no
23423,37,430,4,no
43417,30,102,7,yes
40037,39,1293,2,yes
42030,65,1004,1,yes
30557,33,123,3,no
45106,36,2779,1,no
38784,54,4382,4,no
42343,37,0,2,no
30932,48,150,2,no
3835,24,3926,2,no
21195,60,97,4,no
36928,49,271,2,no
4529,35,-130,1,no
14604,53,1278,3,no
30926,34,764,2,no
4093,50,761,1,no
32905,48,0,2,no
38427,52,134,2,no
38977,35,1092,1,no
36795,32,641,1,no
21053,30,4022,2,no
44744,45,623,3,no
44078,28,198,2,yes
3227,42,2157,1,no
15540,28,319,2,no
11943,48,71,4,no
6482,36,1653,10,no
34111,58,919,2,no
13161,26,68,3,no
30672,31,140,8,no
36801,37,-38,1,no
8842,27,-247,2,no
43234,33,2240,2,yes
26166,35,-326,2,no
40284,46,3232,2,no
4944,39,855,2,no
24896,35,4463,1,no
31508,42,2772,1,no
18720,31,-547,10,no
13654,35,153,2,no
20851,43,2383,6,yes
20967,39,399,2,no
10440,46,675,2,no
43989,49,1167,6,yes
31395,46,11385,3,yes
32757,38,4771,1,no
826,36,-290,1,no
8601,49,0,9,no
16602,51,53,1,no
42347,24,1033,1,no
8500,46,243,4,no
37762,46,198,1,no
27312,47,1059,1,no
38640,31,165,4,no
35021,38,-1884,2,no
19600,56,1093,4,no
35432,51,753,2,no
7420,45,90,6,no
39090,33,315,3,no
28043,27,1013,3,no
19438,44,339,3,no
29563,55,964,3,no
21614,34,52,4,no
14645,29,153,2,no
20561,46,190,2,no
4891,33,2660,1,no
17037,27,0,3,no
5641,34,387,3,no
27626,47,6695,3,no
15839,26,223,3,yes
5293,37,4303,1,no
21907,50,-584,2,no
32048,29,690,2,no
33231,45,497,1,no
45144,28,970,1,no
36561,55,2102,4,no
11618,42,625,3,yes
9683,36,5521,1,no
9936,37,4997,2,no
919,38,5,2,no
23220,59,0,11,no
37964,30,1717,3,no
37417,39,9618,2,no
28493,31,137,2,no
17137,26,133,3,no
23442,50,715,13,no
42088,41,881,3,yes
16591,29,31,5,no
12600,31,223,1,no
4411,37,425,1,no
33836,35,506,1,no
30297,35,4564,1,no
41065,38,902,1,no
18254,27,0,6,no
22273,37,38,13,no
23214,38,3724,10,no
14958,37,61,3,no
15870,38,45789,31,no
29623,36,219,6,no
42187,45,160,2,yes
5524,40,395,1,no
41587,33,1323,2,no
5639,53,3316,6,no
19000,60,0,3,yes
40523,31,307,1,yes
6743,32,-160,1,no
16505,57,3382,2,no
8591,32,156,6,no
23633,34,0,6,no
22644,33,52,1,no
41826,47,2149,1,no
5180,31,540,3,no
345,34,46,4,no
6703,48,1150,1,no
34747,60,6271,2,no
38341,44,-179,1,no
44446,36,394,1,yes
12897,25,111,1,no
30321,30,40,1,no
28578,27,81,2,no
42748,71,353,1,no
34308,30,2666,3,yes
27502,41,1934,2,no
21044,31,2227,2,no
24583,43,572,2,no
37571,49,411,6,no
24781,35,618,1,no
24657,48,2707,2,no
30401,33,6106,1,no
8083,32,696,1,yes
20555,38,382,2,no
26758,52,361,1,no
13096,45,12389,1,no
43651,37,4596,2,no
30476,55,127,2,no
44474,62,1859,3,yes
42435,32,8626,1,no
44827,41,0,4,yes
39625,32,410,2,no
34668,48,2345,2,no
25006,50,1260,1,no
15598,25,2311,2,yes
20717,38,4723,2,no
32040,32,765,2,yes
1025,43,548,1,no
43171,60,211,2,no
39976,29,5,1,yes
18398,37,557,2,no
2648,30,623,2,no
28437,53,393,1,no
11348,57,7451,4,no
15023,27,180,1,no
17053,51,323,9,no
20195,43,0,2,no
3606,53,4541,6,no
19027,43,1283,1,no
20342,33,443,5,no
25872,35,244,1,no
30418,32,1661,1,no
28228,31,547,1,no
24101,34,1012,1,yes
38850,36,10773,1,no
23031,41,725,10,no
10446,40,991,2,no
11478,37,47,3,no
1093,37,42,3,no
16346,25,789,1,no
36196,55,2059,1,no
5647,30,2317,5,no
5086,30,-838,2,no
18492,55,3546,2,no
711,31,0,2,no
1973,35,73,3,no
16611,56,1654,2,no
26385,41,683,1,no
27920,59,524,2,no
2757,49,512,3,no
34931,33,1268,1,no
7310,39,556,1,no
41741,58,565,1,yes
35922,44,438,3,no
19248,49,739,2,no
31071,27,970,2,no
8890,35,437,1,yes
9321,58,-247,1,no
37390,33,5550,2,no
16234,49,702,1,no
12628,37,1265,1,no
14859,36,17,1,no
26788,53,10,3,no
25700,33,201,1,no
24699,56,1150,1,no
6671,30,0,1,no
21328,33,804,2,no
26753,30,19796,1,no
26454,55,10065,5,no
1589,30,-315,2,no
24839,42,-247,2,no
19633,56,4719,4,no
2376,32,-3,2,no
24626,47,0,2,no
28781,52,109,4,no
13658,31,498,2,no
15227,34,2126,2,no
37233,32,3,1,yes
41416,45,40,1,no
22953,30,10,8,no
44348,71,3020,1,yes
1838,31,0,1,no
15263,34,0,3,no
18004,54,273,3,no
31122,61,1263,4,no
25695,54,1239,1,no
16913,25,368,1,no
40630,29,382,4,yes
25697,41,36,3,no
40105,30,779,2,no
2438,47,955,1,no
42812,26,1972,2,no
4270,31,1629,2,no
44962,48,368,2,yes
9379,41,9059,1,no
32896,38,194,4,no
12731,54,1613,3,no
26660,38,789,4,no
19287,56,801,4,no
14674,32,142,5,no
1435,34,199,3,no
15419,25,0,1,no
33234,35,360,1,no
4405,38,171,1,no
44600,35,2374,1,no
38869,56,2959,1,no
44888,49,1167,1,yes
33669,35,407,6,no
38138,32,-538,1,no
3484,59,2319,32,no
22380,50,-195,4,no
44525,35,2374,2,yes
11495,38,338,2,no
38055,38,677,2,no
13906,58,11,5,no
24482,57,-24,1,no
39361,29,497,3,yes
9767,39,1530,1,no
40686,57,168,1,yes
25436,34,1368,2,no
19635,33,1308,6,no
25201,36,461,2,no
36651,43,-404,2,no
21202,45,147,3,no
19812,41,881,2,no
22295,36,0,1,no
28633,39,472,5,no
23130,31,1,5,no
19787,31,379,5,no
43691,34,2838,3,yes
35662,45,264,1,no
11998,43,-41,3,no
19918,37,478,2,no
41488,18,108,1,yes
8614,39,661,3,no
9930,45,276,2,no
14765,48,300,8,no
24413,40,0,2,no
26467,32,3651,3,no
27919,55,98,1,no
18588,44,879,1,no
23271,51,3726,12,no
1048,30,60,5,no
24754,44,756,1,no
41755,83,6236,1,no
7702,49,2343,2,no
37772,33,716,2,no
5495,33,1541,2,no
38604,43,7816,3,no
31781,54,377,1,yes
33550,28,49,3,no
31208,36,1381,1,no
16994,46,802,1,no
36574,44,1147,1,no
34976,37,1517,1,no
35040,37,828,2,no
31409,40,5,2,no
30075,44,61,3,no
36141,59,33,1,no
32454,42,734,2,no
29902,47,-75,1,no
994,52,297,1,no
26561,32,12686,1,no
327,40,436,3,no
23073,42,1243,4,yes
4919,39,774,1,no
44493,25,348,1,yes
25650,52,1810,1,no
44734,24,689,1,yes
20883,48,362,1,yes
8553,38,-93,1,no
25720,30,4896,1,no
11297,33,3160,13,no
20386,58,11,1,no
20788,41,1545,2,no
10014,32,2313,26,no
33008,34,846,2,no
3125,40,339,2,no
3028,36,998,2,no
40175,48,3570,2,no
35473,47,618,2,no
38580,45,-1621,2,no
16432,50,1130,2,no
5006,30,3100,4,no
26116,46,926,2,no
39183,36,23,2,no
33570,37,442,4,no
1322,42,555,2,no
12025,39,1062,4,no
43793,31,846,3,yes
39061,25,839,3,yes
35605,27,185,1,no
8167,25,229,2,no
25305,40,7313,2,no
19017,39,1069,1,no
38972,32,229,1,no
12007,31,1016,5,no
14476,37,0,4,no
42060,53,395,1,yes
40280,26,1595,1,yes
35800,40,109,1,no
41031,49,1235,3,yes
2858,42,1076,1,no
6481,24,-254,2,no
33208,61,267,1,yes
27620,33,3821,5,no
39903,53,55,1,no
28684,41,2007,1,no
32051,44,0,1,yes
19659,51,0,4,no
31807,57,1287,2,no
13425,50,1572,1,no
3939,48,1155,4,no
27416,30,294,1,no
3253,49,1530,1,no
11043,56,288,3,no
12508,45,-584,2,no
1511,38,0,3,no
7730,52,321,4,no
36418,35,6,2,no
31839,40,1832,2,no
28204,32,262,1,no
7336,49,367,6,no
29604,60,3461,2,no
44553,42,2129,1,yes
12855,31,-6,2,no
6934,35,137,3,no
25550,40,961,1,no
12001,47,1855,3,no
11949,52,649,20,no
3526,43,421,3,no
35991,42,3018,3,no
42681,37,0,2,yes
24889,49,-24,3,no
4881,51,44,2,no
24251,45,1477,1,no
40282,31,969,1,no
37329,52,306,5,yes
28750,42,473,1,no
32352,43,-932,1,no
26019,43,347,3,yes
23498,32,36,7,no
19986,40,84,3,no
39161,27,528,2,no
6290,47,-407,1,no
675,31,-173,2,no
4340,43,1147,7,no
3827,25,32,1,no
2884,47,2,1,no
8609,38,4630,3,no
16267,41,-98,1,no
15558,54,1295,10,no
36030,57,-34,6,no
2223,28,34,4,no
7941,50,2641,3,no
36455,36,2409,2,no
15389,32,95,2,no
22984,33,121,6,no
7981,31,-167,5,no
26530,32,514,1,no
29602,34,261,5,no
17857,25,35,29,no
4059,50,-6,2,no
5221,29,265,2,no
32939,27,2821,2,no
43954,71,29941,1,no
36498,30,297,2,no
40044,29,1739,1,no
21670,34,82,4,no
35611,36,195,2,no
6316,33,684,1,no
4046,47,584,19,no
8830,49,5380,4,no
31490,58,315,2,no
6040,31,-186,3,no
42151,69,482,1,no
23533,36,659,13,no
16387,57,101,2,no
44882,35,303,2,yes
18805,44,611,10,no
41595,76,242,3,no
25803,31,2004,1,no
8987,53,1903,1,no
31826,48,1234,1,no
7731,45,159,2,no
27367,49,6512,2,no
33500,31,-235,2,no
678,35,-131,2,no
44160,36,618,1,yes
6699,22,391,18,no
37796,42,2,5,no
39451,32,31,1,no
32903,33,-124,2,no
27270,45,-525,2,yes
19461,50,106,2,no
28202,26,252,1,no
40287,39,1048,1,no
8603,44,1066,1,no
37003,27,31,2,no
43952,52,955,2,yes
1724,28,3285,1,no
3590,58,714,6,no
44443,57,470,3,yes
19302,34,265,2,no
41672,31,2460,1,no
36843,48,89,4,no
12638,36,678,3,no
6973,35,4366,3,no
18401,42,260,2,no
13827,57,29,2,no
40646,75,6053,1,no
25905,57,1172,3,no
22237,37,292,2,no
39530,48,5689,2,no
39482,37,0,1,no
42404,39,2983,1,yes
3624,49,247,2,no
2351,28,216,1,no
23433,35,1194,10,no
7538,55,471,2,no
13329,25,224,4,no
15459,38,-61,2,no
27652,37,2173,3,no
24752,45,2269,1,no
18443,46,998,2,no
6556,55,10065,3,no
34479,43,130,1,no
26043,42,2036,2,no
23078,44,254,6,no
27364,56,445,6,no
24137,34,1770,1,no
41378,39,119,2,yes
7850,30,-849,2,no
25895,44,612,1,no
34054,55,0,3,no
2110,42,196,3,no
2055,44,304,2,no
1058,47,438,3,no
27949,34,371,1,no
3807,32,12269,1,no
12711,52,3369,2,no
12173,45,1783,11,no
40409,44,88,1,yes
33265,32,0,3,no
36844,57,785,1,no
17715,47,24312,3,no
39519,39,1179,1,yes
35374,41,5365,2,no
31245,49,523,2,yes
4563,33,89,1,no
2684,37,511,4,no
16158,49,635,8,no
20583,42,487,4,no
2282,34,714,4,no
43450,62,2917,1,no
9842,38,6975,3,no
41602,35,805,1,no
21610,39,0,4,no
10613,51,2007,1,no
70,35,12223,1,no
30157,44,641,2,no
12473,35,0,1,no
9852,40,10035,1,no
4004,55,2055,4,no
6663,25,4590,2,no
12946,39,0,5,no
19487,51,183,2,no
21267,34,96,4,no
40248,34,1539,1,yes
33418,28,1735,1,no
5512,31,426,7,no
28640,31,1724,2,no
32949,37,152,2,no
243,38,0,1,no
31,57,839,1,no
36118,40,4904,1,no
22827,35,-816,19,no
27932,40,529,1,no
12404,34,-478,4,no
19665,59,1002,2,no
23541,46,0,2,no
24348,45,30,1,no
6912,28,3331,2,no
42566,39,25,1,yes
11458,41,271,2,no
27832,52,20,1,no
31932,40,1554,2,no
16852,59,402,5,no
24780,41,4320,1,no
19348,46,3133,3,no
42475,47,4402,1,yes
30518,31,347,3,no
44382,38,1727,2,no
10126,51,819,1,no
8498,37,466,2,no
9045,47,0,1,yes
6551,32,3809,5,no
11479,38,2322,1,no
38273,32,1531,1,no
16962,38,294,2,no
30665,45,1265,2,no
13853,56,140,1,no
39213,33,139,2,yes
9212,39,-294,2,no
19679,52,-803,3,no
2593,41,641,1,no
31945,39,1161,1,no
3951,40,192,11,no
36156,51,3370,1,no
33048,46,6993,3,no
3791,30,677,1,no
39699,43,1336,2,no
24164,37,1016,1,no
6875,34,1058,2,yes
2276,45,27,5,no
30441,54,0,3,yes
1883,34,-312,1,no
8364,39,277,8,no
3287,50,2212,1,no
14501,29,2312,3,no
7999,39,756,1,no
35589,38,563,2,no
10592,42,2256,1,no
22386,50,0,4,no
34686,40,906,4,no
29995,28,458,4,no
36157,30,-1105,1,no
10823,50,2190,1,no
15855,34,5,4,no
44506,22,2138,1,yes
43555,34,607,1,no
13078,58,264,3,no
15816,46,201,1,no
9900,40,2946,2,no
37094,47,2785,1,yes
1010,53,46,1,no
9391,41,901,3,no
30239,30,1251,5,no
13298,27,-59,3,no
10018,61,173,2,no
15128,39,-99,1,no
2384,26,309,1,no
33105,36,733,1,no
17812,47,2,4,no
39124,26,154,2,no
44264,34,1313,2,no
18491,40,1954,2,yes
2267,40,867,4,no
27793,52,393,1,no
17691,44,0,6,no
7324,35,97,4,no
23513,33,0,2,no
40849,40,0,2,no
6049,34,1255,7,no
9286,26,512,3,no
1351,46,174,3,no
28123,43,595,1,no
24532,51,248,2,no
24573,39,2,1,no
3475,39,644,1,no
2313,37,336,5,no
28121,30,486,3,no
11920,49,3394,22,no
28293,58,499,1,no
32504,42,798,1,no
15484,40,-407,3,no
25859,47,351,1,no
28775,34,351,1,no
650,41,-366,3,no
38539,52,29,2,no
32085,36,325,2,no
41172,76,0,1,no
8967,35,182,1,no
11032,53,619,6,no
19396,32,2556,3,no
8241,36,4543,5,no
31990,41,5110,1,no
12592,44,1080,3,no
30611,28,2909,7,no
40303,33,379,2,yes
17714,43,731,4,no
23866,32,444,2,no
36135,51,726,1,no
44976,30,502,3,yes
36142,41,419,1,no
15715,58,1455,1,no
37148,49,119,1,no
13273,56,663,3,yes
36401,55,154,2,no
37112,31,131,1,no
765,42,239,3,no
9130,39,0,1,no
3848,24,0,1,no
23468,34,630,8,no
22682,33,161,9,no
28608,46,593,3,no
5874,54,-415,2,no
9949,36,3819,2,no
45069,26,108,1,no
25927,35,3187,2,no
17346,49,224,3,no
14512,52,25,3,no
30969,34,677,2,no
21682,39,1373,2,no
38888,33,2717,1,no
8926,50,42,3,no
36742,38,-367,1,no
18591,59,1040,1,no
34994,35,83,1,no
39898,55,1633,1,no
21534,38,103,4,no
32724,48,540,1,no
31216,26,1595,1,no
26696,56,285,1,no
11057,36,1981,2,no
166,26,82,1,no
33036,35,1295,2,no
14778,28,0,1,no
44803,31,3340,2,yes
20067,36,179,8,no
12849,30,-42,2,no
41750,47,2524,1,yes
11646,45,0,2,no
25163,48,484,1,no
39169,28,1072,2,no
21582,30,0,2,no
15556,37,-86,4,no
38652,29,7531,2,no
22446,32,0,2,no
32952,26,647,2,no
12365,30,1487,3,no
12789,53,0,1,no
43439,50,0,1,no
35345,31,504,2,no
26274,41,4711,2,no
27197,52,-332,1,no
6460,31,175,5,no
4446,35,4635,1,no
27478,47,912,2,no
8117,37,489,1,no
36634,31,1801,1,no
16753,28,214,3,no
10445,38,8,3,no
27240,36,708,1,no
26477,51,3185,2,no
27338,48,1385,1,no
404,50,206,1,no
41192,33,8514,1,no
14573,48,269,2,no
39571,54,1157,2,no
6814,25,3217,1,no
44856,43,0,2,yes
1348,41,225,2,no
2620,44,29312,1,no
159,52,782,3,no
9449,48,5462,4,no
8404,26,3070,1,no
10587,40,876,1,no
30671,31,2137,1,no
35106,53,-71,3,no
12574,31,0,3,no
14832,45,-55,1,no
25152,32,3107,2,no
39024,23,356,2,no
21503,60,10500,7,no
28395,43,620,1,no
14126,44,-146,2,no
31828,35,1725,2,no
1633,49,186,1,no
18542,32,347,13,no
30464,28,810,2,no
35503,42,0,2,no
18,57,52,1,no
42938,56,2038,1,no
10990,60,3301,3,yes
18308,23,1226,4,no
8278,31,1170,2,no
31072,54,1872,5,yes
26961,34,0,1,no
32930,37,860,2,no
17606,42,2130,2,no
7302,58,0,2,no
23258,51,16,2,no
2603,40,59,1,no
30919,28,659,2,no
40914,76,86,1,no
45066,30,2344,2,no
42215,26,943,1,yes
29644,42,-97,4,no
3068,45,864,2,no
40397,37,1649,3,yes
2344,26,24299,1,no
36098,49,-212,1,no
42836,30,4468,1,yes
10064,42,105,4,yes
18861,50,37,1,no
14058,33,32,1,no
38378,24,926,1,no
11397,39,16,1,no
22936,37,111,8,no
26678,37,315,1,no
22823,38,162,4,no
9470,56,763,2,no
14872,56,0,1,yes
42567,27,1347,1,yes
41373,21,557,2,no
21885,42,19,4,yes
23227,31,36,2,no
6469,34,-1725,2,no
23758,32,-213,7,no
45132,47,0,1,yes
2374,29,544,1,no
28579,47,613,3,no
37899,36,-267,7,no
40348,59,3648,3,yes
29027,35,278,1,no
36377,38,1370,2,no
18651,37,208,5,no
17412,44,5418,5,no
24740,40,3059,1,no
25582,34,360,1,no
34095,41,30,1,yes
20077,32,727,4,no
377,38,393,2,no
14565,56,105,2,no
36247,39,266,2,no
23107,42,0,10,no
16751,37,-59,1,no
9052,32,313,2,no
23061,35,0,2,no
14262,49,176,2,no
11576,55,202,1,no
42561,33,102,4,no
36686,45,0,3,no
38605,40,0,8,no
1299,38,1161,1,no
12548,56,20,1,no
26546,57,2236,8,no
11842,47,1694,3,yes
30610,55,312,8,no
43969,36,538,1,yes
2127,25,-439,1,no
12506,30,0,3,no
40319,27,2731,1,no
16964,53,1364,1,no
27828,50,378,1,no
25885,34,4943,2,no
33177,33,2502,1,no
7648,34,362,3,no
38927,31,239,1,yes
21334,57,1404,7,no
27746,36,167,1,no
41043,21,6844,3,no
29325,70,13297,2,no
33670,42,1686,4,no
42456,27,1623,1,no
5870,29,2,1,no
30331,57,7357,1,no
6621,37,-230,2,no
40270,36,4708,1,no
43817,27,1408,2,no
33924,33,5969,1,no
22979,54,446,6,no
9578,41,251,3,no
4603,34,500,1,no
33708,56,3391,1,yes
3956,36,1125,5,no
31845,42,3168,2,no
45168,48,178,1,no
419,52,55,1,no
29863,51,536,1,no
29508,56,5496,3,no
44048,32,4071,2,yes
24614,41,653,2,no
26943,34,4254,1,yes
40600,44,1646,6,no
36643,48,-440,1,no
1261,60,-2,1,no
21878,51,107,4,no
2565,49,358,3,no
8869,26,-82,2,no
33597,27,395,2,no
18160,44,1326,1,no
32396,35,1473,3,no
1384,34,163,1,no
26498,32,999,1,no
40521,55,865,1,no
43330,25,303,1,yes
30773,56,145,2,no
9297,34,125,31,no
26783,31,13711,3,yes
18195,46,37,4,no
2519,56,296,1,no
32243,29,13654,1,no
31166,43,477,2,no
32456,44,75,1,no
43112,40,0,2,yes
11036,59,0,2,no
43721,57,9367,4,yes
28587,38,99,2,no
21064,55,4263,2,no
8619,34,246,5,no
25662,43,1429,1,yes
7184,39,1099,6,no
41228,65,2326,1,yes
16050,30,3,9,no
41651,57,0,1,no
44806,24,119,1,no
1992,44,-407,2,no
39029,39,656,6,no
39211,46,148,3,no
9782,36,300,1,no
28668,31,297,1,no
943,31,-45,2,no
4213,49,354,3,no
41049,26,255,2,yes
43136,25,469,1,no
10072,54,2500,2,no
39120,28,385,5,no
42710,76,2991,1,no
13311,34,123,3,no
8825,60,387,1,no
5134,31,24870,2,no
8140,36,-78,1,yes
19115,33,2885,2,yes
45199,37,1428,2,no
44893,89,0,5,no
21429,35,0,5,no
23820,53,578,2,no
32115,33,1271,3,yes
8422,52,575,1,no
20238,32,344,15,no
16829,37,1514,3,no
3843,55,571,4,no
10287,46,6913,2,no
4373,48,490,2,no
42908,34,1778,1,no
24801,41,112,1,no
39335,33,-363,2,no
25572,32,1082,1,no
18561,52,171,1,no
42463,79,8304,2,yes
21881,38,565,2,no
39065,32,1670,1,no
627,35,533,1,no
19016,50,511,1,no
42974,42,94,1,no
14884,35,975,1,no
37971,33,2412,1,no
32205,72,4269,3,no
20874,30,877,5,no
26986,43,14144,1,yes
3101,41,574,2,no
23145,32,5910,3,no
5183,49,1568,6,no
1960,43,-178,2,no
43633,33,228,1,no
42235,33,386,1,yes
40708,26,390,1,yes
12972,27,1659,3,no
32457,33,818,3,no
22265,51,990,5,no
25425,51,106,3,no
953,33,198,2,no
19835,41,0,2,no
40211,28,1363,3,no
18839,38,0,1,no
31665,42,574,2,no
22958,47,32,2,no
32014,59,11066,6,no
37454,46,1103,2,no
13374,43,0,1,no
38963,28,402,1,no
5477,39,1222,4,no
43457,25,129,3,yes
31466,39,688,2,no
38722,33,-63,2,no
35,51,10635,1,no
45017,40,0,3,no
12629,59,-110,1,no
11221,59,5744,1,no
21671,30,5,6,no
43303,51,3844,2,no
6236,31,203,2,no
44037,44,276,1,no
4170,26,3,1,no
30983,41,5608,2,no
43193,40,7968,2,yes
29559,33,1724,6,no
44921,58,1333,1,no
10112,59,1986,1,no
3024,60,751,3,no
17681,58,19,2,no
39420,32,3993,2,yes
27493,39,566,7,no
37065,29,912,1,no
40977,66,4785,3,no
10850,38,250,1,no
3736,29,1,1,no
41927,51,371,1,yes
40843,23,480,1,no
7110,27,3083,2,no
22980,42,222,16,no
379,33,0,1,no
14037,54,95,1,no
12624,36,0,1,yes
23918,31,0,2,no
1794,35,108,4,no
42062,80,997,2,yes
2166,29,177,3,no
41871,62,1515,1,no
34704,28,75,2,no
21739,53,20,7,no
12408,37,597,3,no
28253,35,474,1,no
18481,38,-211,2,no
34344,29,369,5,no
22343,60,27,2,no
11911,52,2206,18,no
1762,31,1868,2,no
6427,49,-203,2,no
11181,49,997,1,no
39599,43,36,1,no
4061,26,379,3,no
33266,40,1386,3,no
21929,42,251,2,no
30692,60,1139,2,no
31999,28,631,1,no
23434,38,0,4,no
40746,39,172,1,no
21887,30,1390,4,no
21229,37,984,4,no
38067,34,97,3,no
12419,42,145,3,no
31197,33,1636,1,yes
24445,33,0,1,no
16546,40,471,4,yes
16954,41,0,2,no
19366,40,57,4,no
21633,31,0,4,no
38546,32,3387,5,yes
45103,31,410,1,yes
38110,38,195,2,no
6727,29,80,1,no
22666,50,0,3,no
26260,43,1998,4,no
24500,48,757,1,no
18866,52,-397,1,no
7570,38,4425,1,no
3044,58,1406,3,no
38272,35,1265,5,yes
40992,24,0,2,no
23225,58,2076,4,no
15960,37,0,1,no
3297,60,80,1,no
42450,42,254,7,yes
14291,31,393,2,no
4406,37,42,4,no
781,30,4,8,no
35707,48,313,1,no
43978,35,1870,1,no
8136,35,1088,2,no
2988,37,-113,2,no
14280,51,248,3,no
18095,35,217,11,no
36429,32,222,2,no
20526,34,2835,2,no
3187,42,259,6,no
1857,53,-135,2,no
23096,34,4687,19,no
32628,34,642,1,no
2589,57,0,1,no
38213,32,336,4,no
31915,29,332,1,yes
36328,42,352,3,no
39782,25,1116,1,no
8562,38,1602,3,no
40473,28,643,2,yes
43534,41,5037,9,yes
27236,34,5553,2,no
6602,44,449,4,no
10728,39,-1212,18,no
7572,35,512,1,no
38568,44,-2,5,no
45096,77,2693,2,no
9371,46,2505,2,no
30946,60,21,4,no
38017,50,622,3,no
30005,46,374,5,no
16182,26,1,2,no
17868,58,10628,4,no
17048,33,0,2,no
26118,45,3689,2,no
35337,44,191,1,no
40080,38,1130,2,yes
13105,26,551,1,yes
17895,58,0,2,no
25150,35,1309,3,no
33344,31,0,1,no
41160,43,132,1,yes
36831,33,-634,2,no
9189,50,1044,2,no
27394,32,1047,2,no
42390,28,520,1,no
1062,58,786,3,no
22777,50,3327,7,no
5385,32,0,1,no
15248,45,871,5,no
42416,33,711,2,no
17288,44,829,3,no
36648,39,476,1,no
44491,26,284,1,no
28168,36,313,2,no
7697,51,1440,1,no
26627,33,631,2,no
698,49,26,2,no
39733,26,2506,2,no
28151,46,120,1,no
5648,41,71,3,no
26517,53,3815,2,no
1289,26,85,2,no
7079,31,-495,2,no
26525,43,3550,1,yes
1335,49,230,1,no
39886,60,283,1,no
42063,61,477,1,yes
43054,61,52587,3,yes
3129,36,402,2,no
11029,50,1321,2,no
2897,47,3158,1,no
9001,51,0,1,no
44304,27,230,1,no
24774,35,1613,1,no
4342,45,1263,3,no
18465,54,532,2,no
13506,45,4693,2,no
43867,27,268,1,no
9919,55,2603,1,no
41562,74,1765,2,yes
30030,28,373,1,no
12247,45,112,4,no
35579,57,3071,3,no
8023,31,191,1,no
1087,44,2167,1,no
16229,48,4,5,no
19952,43,9304,4,no
34260,42,10907,3,no
39804,47,1819,1,no
25327,50,1477,2,no
15671,37,0,1,no
4293,37,1633,3,no
26096,33,516,4,no
19795,52,1493,2,no
29025,39,2103,1,yes
16948,33,91,3,no
37486,30,17,3,no
33248,47,0,1,no
11898,54,1241,5,no
20178,32,11797,2,no
32618,55,1187,1,no
33831,55,6770,1,no
14813,41,0,2,no
42483,30,517,2,yes
9641,57,2,4,no
7761,52,2255,2,no
36516,33,171,3,no
33602,32,1683,2,no
20483,54,2419,2,no
20215,42,-209,2,no
28453,31,326,1,no
14658,29,0,2,no
38520,31,527,2,no
24495,47,80,1,no
6493,34,0,2,no
7470,48,2201,2,no
34964,30,3,2,no
14342,50,1622,11,no
35486,50,162,3,no
40965,31,35,2,yes
21698,32,29,2,no
22963,33,-370,7,no
10851,42,231,1,no
13586,52,-1112,1,no
26065,44,16486,3,no
32932,44,797,2,no
45160,60,4428,1,no
38906,40,285,1,no
13615,59,-869,1,no
37487,35,-122,5,no
39687,32,10287,4,yes
29827,52,643,1,no
2895,41,1309,1,no
14826,58,2516,1,no
22072,43,253,5,no
25080,35,53,1,no
43640,53,4968,1,no
27977,36,0,1,no
24565,42,1143,1,no
20006,39,1190,1,no
31568,56,3948,1,no
6529,49,15,7,no
12930,58,916,4,no
43859,29,3310,2,no
12034,60,3895,8,no
26265,40,572,1,no
32945,46,3854,2,no
10372,43,0,1,no
37083,42,664,1,no
20124,34,4231,2,no
1205,28,134,1,no
6380,60,93,4,no
12300,47,-835,1,no
36621,33,1794,1,no
12950,50,387,8,no
4323,34,1710,3,no
3821,39,95,1,no
3615,41,768,4,no
34007,34,4859,1,no
20364,31,30,5,no
23039,33,0,2,no
27954,28,387,1,no
33993,38,1101,1,yes
19359,41,0,2,no
38839,28,1636,1,no
44768,83,4565,2,no
21795,47,677,8,no
11989,46,3390,3,no
37394,34,29,2,no
25221,54,3729,2,no
16202,28,2474,1,no
15123,32,348,1,yes
28195,47,47,1,no
45129,23,993,1,no
42329,63,708,2,no
33646,44,634,2,no
8171,34,986,11,no
8688,42,-409,3,no
44632,65,308,1,yes
3661,51,22,2,no
6226,23,-627,1,no
23349,32,1868,16,no
5917,42,-921,2,no
35663,39,3518,1,no
27866,31,20,1,no
5491,35,8,4,no
23924,40,56,2,no
42032,38,1727,2,no
39591,43,228,1,no
32702,60,0,3,no
36048,41,-217,1,no
14171,31,1661,2,no
6199,42,818,1,no
39233,33,219,4,no
43860,49,228,1,yes
40581,32,449,3,no
28494,26,252,2,no
36572,37,-487,1,no
18128,30,330,5,no
40163,21,361,1,no
9906,51,0,2,no
38573,44,-97,3,no
37882,32,499,1,no
40312,53,2009,1,no
33028,29,459,3,no
5027,39,1961,1,no
18470,46,389,4,no
1249,44,185,1,no
21221,57,2774,6,no
43333,86,1503,3,no
21188,58,-397,1,no
38161,33,433,4,no
12514,50,830,2,no
8050,37,741,2,no
13540,46,4,1,no
36971,28,100,5,no
19911,31,88,2,no
17737,53,8605,3,no
7949,36,80,3,no
15966,27,10,1,no
5372,51,-175,1,no
42408,29,19,1,yes
7776,40,2002,1,no
10733,41,0,2,no
6389,32,38,1,no
25304,34,353,3,no
28872,26,512,5,no
29083,27,921,1,no
36251,42,613,2,no
21648,33,808,16,no
7603,35,0,1,no
9565,53,12001,1,no
9577,35,11671,1,no
8440,37,1449,1,no
18330,47,1968,2,no
20218,45,2388,2,no
40480,23,870,4,yes
22359,36,366,6,no
36845,31,355,1,yes
8472,32,471,2,no
10332,51,2499,5,no
26264,33,0,1,no
25565,42,0,5,no
30752,42,769,2,no
44077,32,61,3,no
18168,37,892,17,no
14046,51,-192,1,no
16922,30,3195,1,no
10498,39,11787,4,no
27629,35,1183,3,no
10543,42,323,1,yes
40985,56,616,2,yes
24962,35,222,1,no
3156,49,953,2,no
29030,43,629,3,no
24070,58,26254,1,no
19682,34,2611,8,no
11681,51,37,2,no
29872,30,0,1,no
32881,33,91,2,no
9340,56,444,1,no
35811,52,372,1,no
42865,68,2812,2,yes
42709,42,383,1,no
5560,39,293,3,no
29069,37,708,1,no
1501,41,64,2,no
19775,55,2325,7,no
25068,32,11591,1,no
27562,33,558,2,no
23640,53,65,18,no
5781,37,3429,8,no
1759,33,-305,1,no
40969,36,341,1,yes
10947,50,6181,2,no
16249,59,2342,1,no
38846,34,3868,1,no
8796,25,493,1,no
14917,34,396,3,no
18905,57,999,1,no
26940,47,-813,2,no
5822,59,174,1,no
24425,42,4544,2,no
3482,43,92,2,no
41879,37,254,1,no
3704,31,146,1,no
36502,50,0,2,no
834,42,386,1,no
18554,34,27,3,no
1576,36,406,3,no
13153,44,26,1,no
36624,40,1194,1,no
34362,24,387,8,yes
35499,39,411,2,no
43173,38,0,1,no
28829,37,483,1,no
5342,34,1408,1,no
34358,30,476,4,no
19822,52,1209,4,no
40795,64,504,1,no
37183,35,260,6,no
36891,31,-199,5,no
30569,35,506,4,no
29565,46,-319,1,no
30012,45,7895,1,yes
23733,33,95,19,no
13421,41,0,1,no
3586,53,1074,2,no
38066,39,26,3,no
9420,36,1453,1,no
11798,36,0,3,no
21959,48,109,4,no
12745,45,1447,2,no
24478,56,13,1,no
9772,40,37,5,no
40310,25,548,1,no
30768,55,517,3,no
2961,57,-222,2,no
19820,33,530,2,no
7578,27,713,4,no
33859,26,6791,23,no
34563,39,0,2,yes
9976,36,136,3,no
3915,29,0,25,no
20402,40,1716,8,no
1182,42,271,4,no
6864,39,7304,1,no
33771,35,8,3,yes
8112,33,166,1,no
42039,36,203,1,yes
4429,33,622,1,no
1434,45,984,5,no
37521,52,3332,4,no
24105,39,3912,1,no
31294,47,2351,1,yes
3110,50,-52,4,no
41328,32,937,1,no
16095,26,-525,1,no
37027,56,1263,1,no
2880,40,874,1,no
10897,39,679,1,no
38178,52,1039,4,no
16812,28,340,2,yes
13308,60,164,1,no
42840,65,493,1,no
16884,39,13930,2,no
16405,57,65,1,no
1905,37,790,1,no
1198,51,57,1,no
37176,29,172,8,no
7770,39,564,2,no
33880,52,193,1,yes
15506,29,39,3,no
22604,51,79,7,no
33833,51,726,8,yes
17173,37,965,4,no
42796,82,1381,3,no
4700,33,876,2,no
24887,39,4646,1,yes
32716,40,1028,1,no
41877,46,3745,1,no
11196,60,0,1,no
8826,51,-553,8,no
3429,41,1278,2,no
39894,25,1628,1,no
41572,47,1013,1,yes
7327,40,0,3,no
8484,30,-366,1,no
33320,60,1914,1,no
25656,46,2520,1,no
24484,32,81,1,no
1183,29,1320,1,no
28376,37,-22,1,no
44273,36,1451,4,yes
26732,47,437,4,no
40780,30,697,3,yes
35066,32,25,2,no
30333,28,1364,2,no
2143,25,40,1,no
11053,38,7944,3,no
32226,46,624,1,no
15351,34,351,1,no
21209,35,51,5,no
36362,57,66,2,no
3851,40,2073,2,no
2848,48,468,1,no
1148,37,157,2,no
32854,37,146,1,no
33404,31,1660,1,no
43107,72,438,1,yes
31210,62,367,5,no
25942,38,5432,1,no
6890,34,1103,1,no
30259,56,3172,1,no
1252,58,44,2,no
13041,26,5,3,no
41719,29,172,2,no
32776,41,450,1,no
35218,33,381,1,no
18662,35,-172,32,no
11977,42,3253,7,no
36756,41,5548,2,no
16096,27,-1,2,no
3481,39,598,1,no
21115,49,1314,14,yes
13596,30,214,1,no
35524,31,1664,2,no
19636,37,5239,2,no
28506,43,3578,2,no
2855,31,0,1,no
30694,31,1134,2,no
19021,58,983,1,no
18210,36,0,12,no
15166,34,1784,2,no
14852,46,2987,1,no
17325,41,611,5,no
39196,32,2692,2,no
16813,54,148,3,no
34381,41,4047,5,no
27764,55,4,1,yes
21097,31,2344,6,no
18587,52,-1,1,no
32812,40,668,2,no
29327,29,-420,3,no
8088,31,4415,1,no
19974,35,254,7,no
8730,41,454,2,no
3452,47,357,1,no
31894,35,159,2,no
44535,75,291,1,yes
13733,35,1084,1,no
31016,43,40,1,yes
17624,41,510,2,no
23700,30,81,1,no
2450,49,2665,1,no
29393,37,751,4,no
15323,34,-102,1,no
20353,30,290,5,no
10246,36,1704,4,no
21420,50,-35,5,no
15604,53,0,1,no
7273,33,931,3,no
23578,40,1232,11,no
28060,53,811,3,no
3593,45,-237,3,no
13206,52,288,2,no
35987,39,324,2,no
38401,29,722,1,no
44315,24,822,2,no
37118,33,221,1,yes
2618,48,313,2,no
40615,29,451,1,no
20731,57,160,2,no
41364,49,5689,1,yes
44387,29,163,1,yes
34332,34,1076,3,no
27362,52,2428,1,no
20669,52,692,9,no
35581,44,0,4,no
27232,31,1166,2,no
34424,46,524,7,no
29805,53,289,1,no
9117,37,0,2,no
39954,34,978,2,yes
43765,47,368,1,yes
13601,40,252,3,no
40505,37,3737,1,yes
20047,47,254,3,no
13481,43,-754,3,yes
16029,55,1730,3,no
40622,78,220,1,no
30688,28,517,3,no
29940,37,236,1,no
3257,44,276,1,no
31714,50,1716,1,no
8587,35,692,1,no
2072,40,66,8,no
6198,26,1641,1,no
35174,31,1326,1,no
34969,55,663,1,no
9359,54,884,1,no
29581,36,13,4,no
3203,41,3291,4,no
2035,58,127,5,no
42701,37,539,2,no
265,41,236,1,no
19272,45,2433,2,no
41688,26,170,2,no
18069,50,230,4,yes
16467,41,846,3,no
38180,25,543,1,no
37811,24,456,2,no
7512,46,171,3,no
36256,46,1740,1,no
8726,49,308,3,no
9030,44,296,1,no
44251,24,1234,1,yes
25286,42,898,2,no
34935,27,0,1,no
742,53,115,3,no
4642,33,4963,2,no
44940,79,336,1,no
13001,43,1926,13,no
7106,31,3181,7,no
16160,34,0,2,no
32068,33,1254,1,no
37354,30,186,1,no
8483,37,0,1,no
23585,42,37,16,no
1720,31,11,3,no
22195,37,727,10,no
11246,52,1147,1,no
38148,34,0,2,no
6861,57,1502,2,no
10719,40,270,3,no
39967,29,3846,2,yes
1098,46,40,3,no
7120,42,130,1,no
41554,63,2747,1,no
4484,36,17983,1,no
40008,39,5142,1,no
4806,34,-167,1,no
26760,32,2696,2,no
16032,30,77,1,no
7118,57,630,1,no
6217,41,33,1,no
19104,58,571,3,no
43120,43,10072,1,no
28505,57,-676,2,no
17024,33,0,1,no
12933,38,433,3,no
40046,22,4132,2,no
31565,32,530,1,no
33959,33,956,1,no
41055,59,3368,1,no
25622,44,2878,3,no
43336,22,283,2,yes
23452,30,549,8,no
36772,34,210,2,no
6054,31,0,6,no
5891,35,291,1,no
6747,34,1182,1,no
19215,39,0,4,no
22087,36,1246,2,no
8389,41,-256,2,no
38218,32,388,1,no
39073,26,37,5,no
37116,39,157,1,no
4336,49,1854,5,no
27299,35,100,1,no
13848,55,645,1,no
10201,42,2821,2,no
32107,43,2557,2,yes
25566,58,60,2,no
12759,37,1633,2,yes
41627,52,118,1,no
31348,28,459,13,no
22564,36,156,1,no
37244,55,323,1,no
32260,38,904,1,no
121,56,56,1,no
26360,32,36,2,no
4635,31,431,1,yes
17281,48,0,2,yes
17988,41,1373,2,no
7439,58,4265,2,no
6880,26,407,2,no
20648,32,2414,4,no
31015,51,1347,1,yes
10985,30,4471,2,no
22163,34,-255,2,no
44004,31,334,1,no
10251,48,3304,3,no
33909,23,0,1,yes
42515,52,195,2,no
39983,25,1189,1,yes
29286,56,5838,2,no
4011,42,388,2,no
31730,33,0,1,no
43063,64,1612,1,no
27848,46,638,1,no
6150,32,-238,1,no
25430,42,681,1,no
29610,54,258,3,no
21780,34,396,3,no
21837,34,0,2,no
25776,45,997,1,no
29297,55,-185,2,no
6597,52,1964,1,no
21788,32,3345,3,no
30851,32,183,4,no
41696,30,158,1,yes
16967,29,410,2,no
26456,39,7,4,yes
38452,23,252,1,no
6273,46,-337,1,no
32792,61,876,9,no
15744,33,70,3,no
40559,67,1093,3,no
24855,46,7378,1,no
31906,42,0,1,yes
18968,44,945,1,no
6001,27,-220,2,no
182,35,787,2,no
28333,48,929,1,no
38503,27,20,1,no
42523,30,1307,6,no
31843,36,223,3,no
11258,38,446,4,no
6202,28,219,1,no
26562,40,60,2,no
1464,42,0,2,no
19259,39,94,2,no
23207,41,6563,8,no
44025,41,3126,1,yes
40415,45,1309,1,yes
17180,33,349,3,no
5141,38,745,15,no
19151,37,5953,1,no
18493,32,3036,5,no
9740,44,2135,1,no
21083,45,586,2,no
13905,44,2316,3,no
6897,50,330,1,no
40706,33,1211,1,yes
22957,43,1326,2,no
30136,52,941,2,no
36938,31,295,6,no
22817,32,776,8,no
40360,27,147,5,no
38843,27,3347,1,no
17835,31,566,8,no
4481,33,4958,1,no
12924,34,-72,5,no
6265,51,936,16,no
40589,44,323,2,yes
13060,26,122,1,no
7595,32,-63,1,no
37230,32,322,3,no
31564,38,275,2,no
23949,44,370,4,no
21497,47,17206,4,no
6815,28,1020,1,no
24815,48,16,1,no
11344,42,-303,3,no
5299,31,5889,1,no
11667,57,2266,5,no
32146,50,202,1,no
6726,26,876,1,no
36604,31,63,1,no
41536,38,1,2,no
28076,53,549,2,no
30080,55,818,2,no
24018,37,373,10,no
40125,28,171,1,yes
6004,31,0,2,no
10334,43,2478,1,no
19162,54,224,2,no
135,28,0,2,no
8133,34,-304,4,no
31670,41,270,1,no
25810,41,3700,1,no
28404,30,1018,1,no
9937,56,4309,6,no
13525,42,0,1,no
4228,48,456,1,no
24421,55,4230,3,no
28649,27,139,3,no
3407,56,334,2,no
32232,34,352,3,no
20814,55,-31,2,no
5558,32,1501,6,no
36206,51,602,1,no
9593,41,-204,1,no
38370,35,6781,6,no
6598,48,61,1,no
23463,60,1138,4,no
41706,70,8897,2,no
9239,39,323,3,no
4431,51,492,3,no
41100,73,2575,1,no
29734,29,336,1,no
8452,45,0,1,no
3166,43,123,2,no
8106,46,4780,3,no
18145,57,133,4,no
14069,39,710,2,no
43652,32,473,3,yes
35016,32,-360,2,no
14792,37,8,1,no
31684,33,387,2,no
38123,57,530,7,no
1391,28,21,3,no
42854,52,955,1,yes
20343,32,543,3,no
27246,47,333,1,no
34534,30,203,6,no
5825,48,0,1,no
9288,57,0,8,no
33472,36,99,3,no
30067,36,1023,2,no
44818,26,655,1,yes
42785,64,3951,1,yes
21675,45,451,2,no
27879,35,21,1,no
27548,33,2466,2,no
39456,60,439,1,yes
32963,70,1024,1,no
45000,63,0,2,no
42579,23,870,1,yes
19377,57,624,4,no
44959,32,491,2,yes
29158,46,216,1,no
19416,35,0,4,no
19346,42,9261,2,no
244,43,434,1,no
40645,39,160,1,no
27512,41,2125,3,no
44086,46,558,1,yes
24785,39,263,1,no
15258,29,-25,1,no
5863,44,476,2,no
41475,25,89,1,no
18433,52,-1076,2,no
12891,30,269,2,no
40682,66,3,1,yes
32559,38,3242,5,no
20500,45,328,4,no
41056,58,5701,3,no
2956,40,3652,2,yes
31232,27,1177,1,no
26031,39,12855,4,no
40076,26,523,1,no
35084,34,0,2,no
38183,35,85,1,no
1040,50,148,2,no
39836,40,1451,1,yes
18108,27,3,4,no
8538,40,1820,3,no
8007,33,-244,2,no
5977,30,1265,2,yes
1897,57,-3313,1,no
38342,24,3,1,no
31994,43,515,2,no
4255,23,525,1,no
42745,52,992,1,yes
1319,36,0,2,no
25407,32,1477,1,no
21366,41,139,2,no
5069,24,171,2,no
9754,35,-3,5,no
25273,31,874,2,no
853,54,-248,1,no
21437,33,173,5,no
29162,36,1366,1,no
20617,52,1579,2,no
43016,29,113,2,yes
8846,38,43,1,no
4470,34,759,1,no
13049,60,-85,2,no
12981,26,6,3,no
13005,33,-805,2,no
19236,46,398,2,no
21548,56,20,3,no
33615,55,617,3,no
44858,25,3902,1,yes
18454,42,176,2,no
24292,57,1694,1,no
23278,43,-414,4,no
28823,57,2549,3,no
7582,39,3246,1,no
3840,34,586,2,no
42981,35,7050,3,yes
20564,49,579,4,no
18811,48,0,11,no
2311,49,265,6,no
44580,53,1252,4,no
34527,32,0,1,no
10650,42,50,3,no
29003,43,576,1,no
40055,37,108,2,yes
14527,29,926,2,no
25777,40,315,1,no
10563,54,0,6,no
19183,51,1028,4,no
32247,52,3469,1,yes
34090,25,1608,2,yes
36326,33,-331,2,no
22628,41,46,1,no
23771,60,-50,12,no
33104,42,1156,1,no
12084,36,6,7,no
5262,37,6714,1,no
9998,40,48,5,no
624,59,-119,1,no
25577,57,1335,2,no
24106,60,1801,1,no
18777,35,2340,9,no
28502,46,2202,2,no
11905,38,155,26,no
44724,61,56,3,yes
9264,38,5,2,no
39327,24,1421,2,no
26152,33,1631,6,no
12031,43,-879,4,no
6605,32,719,6,no
13633,59,370,1,no
42845,30,4060,1,yes
20644,40,4396,3,yes
31311,24,-61,4,yes
1297,30,3,1,no
41356,63,243,1,no
21757,47,459,3,no
6043,33,61,3,no
20501,52,2347,3,no
587,55,840,2,no
43460,49,197,1,yes
39173,29,306,4,yes
1955,38,253,4,no
4668,35,1387,1,no
13456,42,634,1,no
1027,40,164,1,no
2579,55,6958,2,no
15169,32,231,2,no
16056,50,175,3,no
19594,56,317,7,no
3121,36,0,6,no
18425,46,1605,6,no
17776,26,165,4,no
17727,45,-158,1,no
6019,54,1464,4,no
14805,56,-563,1,no
8671,29,2083,2,no
27268,30,6432,2,no
5741,35,-197,1,no
27162,38,1514,3,no
33565,32,48,3,no
27230,49,249,1,no
2092,36,2167,2,no
2994,54,155,1,no
16228,30,126,10,no
14147,38,0,2,no
17463,60,3105,4,no
25862,32,444,1,no
5337,34,79,1,no
4718,29,68,3,no
18364,42,580,2,no
15179,32,0,5,no
38153,44,36,1,yes
32997,31,604,2,no
35083,40,326,2,no
18713,54,368,4,no
35448,43,1429,1,yes
42859,34,123,3,yes
28715,35,505,3,no
81,45,206,1,no
44259,38,536,1,yes
42472,61,421,2,no
16189,34,1650,11,no
19316,30,1119,7,no
25696,35,1531,1,no
42449,29,2489,3,no
19536,32,12,2,no
26908,35,356,5,no
34891,31,1016,1,no
27025,31,5,1,yes
5108,53,813,16,no
19539,45,-485,2,no
39821,38,804,1,yes
32790,38,884,2,no
17367,31,20,5,no
30658,33,882,1,no
30133,37,-24,2,no
38955,23,495,1,no
17657,39,64,3,no
6667,33,-403,1,no
17253,34,1655,2,no
4263,49,1536,2,no
8970,36,135,1,no
36854,40,1116,5,no
13131,51,564,2,no
8565,25,168,1,yes
33778,81,122,1,no
36676,47,-337,1,no
32781,39,186,1,no
16695,35,3,1,no
5395,46,0,2,no
35204,56,471,1,no
35292,32,-145,1,no
1565,53,2124,2,no
33475,28,293,1,no
13169,57,2137,7,no
36152,49,3652,1,no
27759,38,67,1,no
28365,41,386,1,no
14882,34,557,1,no
8332,43,4309,15,no
31067,63,133,2,no
15530,31,325,2,yes
15312,30,502,1,yes
28106,45,-96,2,no
25138,35,2928,1,no
29269,32,2004,1,no
19433,44,4333,6,no
31078,71,4657,5,yes
4362,47,-345,14,no
17829,41,2044,5,no
18116,43,-179,6,no
7269,26,8839,3,no
29914,32,322,1,no
42940,47,97,3,no
35844,50,709,1,no
21086,51,4455,4,no
23404,53,253,6,no
2002,36,95,2,no
32953,57,2326,1,yes
29298,67,2841,1,no
41882,30,648,1,no
7754,42,188,5,no
13399,28,25,1,no
25324,34,3244,2,no
4982,34,218,1,no
37194,29,0,1,no
2901,40,1010,1,no
36650,39,-96,6,no
41137,79,0,1,no
31064,45,2403,2,no
33874,59,363,1,yes
37792,33,245,2,no
23603,37,163,24,no
984,46,207,4,no
1388,40,-29,2,no
21759,36,85,3,no
35666,57,68,2,no
20511,44,614,4,no
17983,46,0,2,no
24375,43,463,2,no
6779,28,17,4,no
33790,19,96,3,no
44742,33,983,1,no
7286,28,1,3,no
29683,60,305,5,no
22738,35,2650,8,no
1816,33,33,1,no
30061,27,1601,2,no
140,46,265,1,no
43101,26,0,1,no
32660,33,1558,1,no
19303,48,483,2,no
9474,50,8001,1,no
9200,59,3694,10,no
33559,34,322,3,no
40857,37,393,2,no
18292,47,404,7,no
19977,35,213,2,no
32665,44,228,1,no
15072,29,727,1,no
32587,36,670,1,no
32998,36,0,2,no
44424,42,641,1,no
38559,27,7944,3,no
26181,46,5393,2,no
10780,39,2600,1,no
32541,38,245,2,no
27679,37,0,3,no
40845,57,2155,2,no
43907,36,495,1,yes
21093,61,1115,4,no
22850,40,24450,2,no
42733,56,0,2,no
6581,45,-54,2,no
28105,40,399,2,no
44226,34,806,3,yes
28003,43,117,2,no
5687,35,1098,17,no
10135,57,395,1,no
16135,44,318,2,no
15215,31,2,1,no
1795,42,479,2,no
32562,50,512,3,no
20419,33,685,2,no
5532,38,526,2,no
6312,39,1135,1,no
6200,48,154,3,no
29848,30,405,1,no
31611,29,1729,1,no
13543,52,0,1,no
14382,40,0,3,no
9088,46,849,2,yes
42697,64,588,1,yes
15278,31,1670,2,no
4621,33,1467,2,no
7644,36,1089,1,no
456,44,274,1,no
18088,33,328,9,no
42389,33,8023,1,no
39181,28,2528,8,no
30561,43,511,5,no
25639,35,2189,3,no
33965,51,1347,1,no
25148,32,519,1,no
22312,37,1580,12,no
27981,28,0,1,no
12572,47,-149,1,no
44174,86,1255,1,yes
16607,33,192,1,no
3034,50,-500,3,no
12595,48,-19,1,no
1614,47,162,4,no
11045,52,851,2,no
36215,28,117,1,no
6170,40,-335,1,no
120,57,0,1,no
14607,36,0,4,no
40149,34,215,1,no
15025,44,10,1,no
19538,60,0,3,yes
18998,37,676,2,no
22123,51,0,4,no
20445,35,100,2,no
2042,57,0,6,no
35182,38,887,1,no
42512,28,1705,2,yes
19201,33,0,8,no
28686,34,508,1,no
40711,77,638,1,yes
38306,49,169,3,no
37134,28,451,1,yes
32449,35,160,1,no
19354,31,8279,2,no
5629,29,1008,9,no
25528,35,315,1,no
42365,72,1129,1,yes
15812,29,1035,2,no
5765,44,902,1,no
23350,42,2517,17,no
26844,35,5639,2,yes
22905,39,0,9,no
12793,28,332,1,no
43261,28,187,1,yes
40251,51,19,1,no
43164,37,3654,1,no
35389,36,0,1,no
40567,34,79,4,yes
5706,44,1262,11,yes
11942,55,11,2,no
26389,38,4335,1,no
30082,30,357,3,no
7574,41,3950,2,no
40245,40,10346,2,yes
38994,35,57,1,no
7599,40,0,1,no
12286,49,57,1,no
30877,49,3103,5,no
4784,32,2976,1,no
8708,31,437,14,no
33581,34,0,2,no
27296,43,-150,2,no
19826,30,958,2,no
37279,34,-56,2,no
1276,35,1942,1,no
10355,47,456,2,no
24593,56,505,1,no
20156,46,405,3,no
4986,31,1583,1,no
2216,48,684,1,no
13197,33,1,1,no
31941,36,5396,2,no
12552,48,31,1,no
2010,27,133,4,no
30681,39,195,2,no
43792,33,2881,1,yes
18818,28,144,22,no
23204,49,-417,20,no
29077,37,174,1,no
39048,31,91,2,no
20255,33,540,4,no
11188,41,11008,1,yes
41169,59,1,1,yes
44655,27,1075,2,yes
30190,54,844,7,no
33820,53,122,1,no
34826,35,302,1,no
5163,38,622,2,yes
8833,30,543,6,yes
28864,47,1194,3,no
2435,57,0,1,no
37985,35,100,4,no
27723,32,2223,1,no
9649,27,1526,10,no
41496,28,1633,1,no
35482,26,5533,2,no
42205,27,4590,4,yes
34288,42,2,9,no
25255,36,5957,2,no
20586,31,350,2,no
15889,38,1437,11,no
21036,59,1857,4,no
34628,35,76,1,no
17519,60,879,8,no
37235,45,2813,1,no
8919,49,203,1,no
37169,35,88,2,no
13390,42,0,1,no
33197,38,797,4,no
17477,40,419,16,no
44689,83,2140,3,no
40605,26,125,1,no
44411,78,38,1,no
15354,30,114,10,no
42518,31,596,6,no
32110,51,726,2,no
35667,45,0,1,no
23882,56,628,2,no
28975,38,1198,1,no
4171,31,259,1,no
36551,32,169,4,no
38631,24,290,3,no
44293,44,8,4,yes
37583,43,1712,11,no
29707,33,640,3,no
18869,56,136,1,no
22848,41,1064,4,no
15833,29,57,9,no
11150,46,46,1,no
36230,48,583,1,no
25393,40,399,3,no
42598,50,315,1,no
2947,44,80,2,no
5552,32,415,2,no
34001,53,0,2,no
2639,58,193,3,no
37869,37,8821,1,no
44675,39,91,1,yes
24166,30,873,1,no
43040,37,197,1,yes
3883,41,356,2,no
18422,45,27,2,no
10384,40,1291,1,no
14540,47,0,4,no
39601,59,1831,2,no
12458,57,53,3,no
28062,42,583,3,no
14748,38,83,7,no
36859,54,-11,4,no
872,31,299,2,no
30809,52,289,5,no
26489,37,-272,3,no
3581,54,1439,3,no
22702,44,96,2,no
4710,30,5143,2,no
32658,52,383,2,no
22078,52,990,2,no
9094,42,1316,1,no
25488,38,11766,1,no
34426,35,1537,5,no
12956,30,101,3,no
991,37,849,1,no
32459,46,57,1,no
22374,52,189,2,no
987,50,159,2,no
18400,55,842,2,no
26305,50,1545,1,no
123,34,3,3,no
28930,44,294,1,no
29617,44,497,3,no
31314,52,2993,6,no
3209,51,0,1,no
8822,29,32,1,yes
25547,35,3547,1,no
15047,52,1426,1,no
2075,49,4785,4,no
9431,50,746,13,no
21049,31,10112,4,no
7965,39,280,3,no
42266,63,5112,2,yes
44036,32,3255,2,yes
22281,35,4144,3,no
23908,32,500,2,no
14711,35,2622,5,no
11904,39,3832,13,no
4305,28,350,2,no
24264,39,108,1,no
10497,36,274,11,yes
36139,41,-312,1,no
2500,43,-633,1,no
14207,25,184,7,no
39797,37,1352,1,no
11975,29,142,2,no
17049,59,377,4,no
44459,52,256,1,no
36300,58,2,3,no
23871,31,-2,2,no
27792,57,362,1,no
29701,51,5885,6,no
11502,56,411,4,no
12363,27,594,4,no
940,26,0,2,no
9837,58,1382,1,yes
28299,34,647,1,no
19595,45,970,4,no
24133,59,1026,1,yes
11850,47,1121,6,no
10179,49,1869,1,no
34672,25,703,3,no
10288,38,0,2,no
10844,44,460,1,no
18046,59,3414,6,no
28977,37,520,1,no
475,34,869,1,yes
5049,32,1156,1,no
1995,27,769,2,no
32595,31,314,1,no
38320,42,34,1,no
26779,31,297,2,no
29960,48,7408,2,no
10798,49,391,1,no
26834,34,4436,2,no
37729,39,1090,5,no
213,59,195,2,no
10651,39,15352,1,no
7590,42,1607,1,no
1663,49,470,2,no
41089,33,300,3,no
36995,39,800,5,no
12105,52,1860,3,no
9557,38,792,1,no
19189,30,1571,2,no
3494,26,2,1,no
34129,85,98,1,yes
28383,32,869,1,no
4037,51,83,4,no
21223,34,724,7,no
38078,32,344,11,no
41263,57,5631,1,no
6997,33,957,4,no
200,61,1428,2,no
43863,37,4708,1,yes
21397,53,4994,6,no
32028,36,15485,1,yes
29267,30,57,2,no
11902,45,1557,5,no
4381,34,-56,3,no
45059,36,521,3,yes
6082,36,3935,6,no
8100,31,334,2,no
19046,52,5361,3,yes
10128,43,5523,1,no
29154,55,621,1,no
19443,48,2850,3,no
13144,42,2699,2,no
36367,44,370,1,no
44826,66,388,2,no
40827,29,630,3,no
20356,47,-71,5,no
15815,42,55,1,no
17572,51,7225,2,no
37082,46,521,1,no
20987,47,6703,3,no
42207,52,1785,3,no
9843,45,2152,1,no
9098,59,495,2,no
34946,27,2,2,yes
1521,37,381,2,yes
34978,34,2640,1,no
9748,35,2518,1,no
14468,42,-249,3,no
25648,39,688,1,no
42522,50,5108,1,yes
30646,31,383,1,no
10604,49,3250,3,no
33424,43,3689,1,no
36730,45,266,1,no
42298,37,2987,8,no
26602,53,6503,1,no
38444,40,438,2,no
40728,33,1076,1,no
18045,44,1305,4,no
31167,41,144,3,no
29870,30,5,1,no
20365,55,1785,3,no
16065,58,2183,1,no
33328,50,881,1,no
38775,47,22,6,no
19270,43,385,2,no
30465,37,660,4,no
8271,53,-711,1,no
1872,33,687,1,no
26160,43,1337,2,no
14322,46,922,2,no
14075,42,128,2,no
17285,33,90,2,no
18130,53,0,1,no
20340,34,4676,3,no
31655,31,1062,1,no
8815,32,3756,3,no
27291,43,-88,2,no
3316,56,344,1,no
29619,28,3026,1,no
28292,35,285,1,no
9280,55,2171,2,no
34781,38,1019,1,no
6099,42,208,2,no
15510,46,-243,5,no
6253,42,-847,2,no
31550,38,-421,1,no
17726,29,59,4,no
11559,41,876,1,no
17910,51,390,3,no
8192,47,1208,7,no
3726,44,-972,2,no
15981,38,0,1,yes
41183,28,67,3,yes
29764,38,175,5,no
9920,44,1012,1,no
23559,32,632,7,no
28687,29,-205,1,no
15560,40,1893,16,no
43009,49,0,3,no
17025,33,-300,1,no
36931,25,53,6,no
14327,35,1140,2,no
3211,60,2537,1,no
22431,60,864,4,no
920,37,74,1,no
37038,32,481,3,no
20434,48,5904,2,no
10891,42,193,1,no
6149,31,557,1,no
10855,36,214,1,no
29130,34,1301,1,no
7842,55,420,3,no
26707,41,666,3,no
27596,45,86,5,no
6011,53,-421,4,no
4269,21,210,1,no
37071,31,1301,3,no
30300,36,467,2,no
21915,32,-22,2,no
37450,51,-491,2,no
36315,44,254,2,no
6978,37,223,1,no
39295,31,-422,2,no
34148,33,700,1,yes
12691,54,5253,19,no
13686,29,1,1,no
35110,34,1254,3,no
31887,53,2892,3,yes
1312,35,365,2,no
28848,32,198,2,no
36866,36,0,6,yes
3585,37,77,7,no
23147,36,608,2,no
39807,45,98,2,no
4131,45,970,5,no
7724,37,5115,4,no
30090,34,-30,2,no
20965,34,-324,4,no
41004,35,1368,2,no
44253,24,1295,2,yes
3490,33,893,9,no
8020,59,4,2,no
31579,32,824,1,no
13657,56,318,3,no
31519,48,0,1,no
20614,55,388,2,no
16073,27,9965,1,no
4953,32,1830,1,no
25431,56,1390,1,yes
36660,42,0,1,no
27404,35,817,5,no
38825,54,215,7,no
39017,29,-287,1,no
32572,33,202,1,no
35724,44,533,4,no
37177,53,-1601,2,no
24902,37,3770,1,no
3251,36,-175,2,no
24749,44,1240,1,no
14033,40,42,3,no
14055,34,1049,1,no
42328,62,298,2,yes
36557,37,1109,1,no
19534,36,1477,2,no
39732,29,3748,3,no
25719,31,252,1,no
32928,35,603,2,no
40815,60,6573,1,no
34973,34,991,1,no
36685,55,5709,1,no
14523,37,0,2,no
14175,33,212,2,no
32774,38,424,1,no
10046,38,4056,2,no
15600,36,600,1,no
43616,33,1697,1,yes
1306,40,697,1,no
3471,43,4004,2,no
9540,57,958,2,no
8854,35,300,1,no
1982,45,5694,2,no
28140,35,-259,1,no
30668,52,11,1,no
11166,57,773,8,no
6900,32,172,3,no
30087,33,335,2,yes
42670,33,133,2,yes
29779,41,201,1,no
34961,35,1416,1,no
43682,31,1282,1,no
28742,36,4148,3,no
23968,31,8312,13,no
2437,34,-185,1,no
23446,32,2629,4,no
19558,38,470,2,no
16947,25,59,1,no
12251,26,-122,3,yes
12074,44,-312,3,no
18701,28,189,2,no
41181,22,691,1,yes
2023,54,154,3,no
37623,26,1006,1,yes
10864,39,2910,5,no
39471,35,2486,1,no
2076,59,121,7,no
30196,26,1018,1,no
38611,48,1267,4,no
7531,36,1898,1,no
42291,33,920,1,yes
30127,48,955,2,no
4752,55,2144,8,no
12308,42,433,2,no
22923,39,807,6,no
4464,33,4434,1,no
3164,40,422,3,no
20857,30,635,8,yes
16357,28,-123,1,yes
34908,51,93,1,no
24823,33,196,1,no
16201,34,-7,5,no
38207,37,-59,1,no
39483,30,156,4,no
33944,29,314,1,yes
35453,53,26,1,no
21518,48,3,2,no
10578,38,298,1,no
12064,30,-1049,2,no
10184,48,155,3,no
3242,51,6659,1,no
2377,30,1374,1,no
1030,41,108,1,no
23943,31,4800,4,no
21136,48,300,4,no
22572,30,0,5,no
29145,34,182,1,no
44871,20,179,1,no
33560,45,675,2,no
39188,29,2637,3,no
14238,33,-406,2,no
23877,38,1314,2,no
37427,42,94,4,no
45073,54,5475,1,yes
16468,51,1463,1,no
16349,28,270,1,no
22327,33,516,7,no
1143,32,135,2,no
7360,37,21,2,no
7449,31,0,3,no
21048,48,1344,6,no
29852,36,449,2,no
25923,54,1180,2,no
26629,37,1184,2,no
28944,47,349,1,no
1919,32,59,2,no
29577,31,1214,1,no
25748,32,11281,1,no
38594,56,751,8,no
10139,31,-9,16,no
41533,32,889,1,yes
27103,44,1784,1,no
27817,52,-35,1,no
2009,56,2272,5,no
17548,58,0,2,no
41115,52,7,2,no
14496,38,-295,3,no
18245,44,3536,6,no
2900,55,23189,1,no
41119,39,763,1,no
24076,28,123,1,yes
12890,41,0,1,no
22893,48,4300,6,no
45139,30,500,1,no
40947,43,5805,5,no
13372,41,0,1,no
2169,32,5,2,no
1119,33,126,3,no
5130,34,3744,2,no
19829,46,1975,2,no
40536,63,3173,1,no
19517,60,804,2,no
41237,38,6728,4,yes
19807,34,370,2,no
42109,29,3054,1,no
30862,45,1134,4,no
12161,56,733,3,no
16531,32,93,2,no
4725,35,275,2,no
34349,43,0,4,no
18203,48,0,5,no
6604,30,311,3,no
122,51,26,1,no
9376,58,4150,1,no
24872,59,14,2,no
14701,28,317,2,no
17584,50,596,2,no
14595,42,-1386,4,no
38497,52,144,1,no
18161,40,819,3,no
1203,33,233,4,no
39476,28,0,1,yes
34753,53,-488,1,no
43654,77,397,3,yes
16051,30,676,1,no
31615,29,-547,1,no
18955,45,315,2,no
3199,57,2440,2,no
16888,37,4039,2,no
44371,76,1483,4,no
4916,57,1408,6,no
37555,34,183,4,no
14399,43,189,4,yes
26799,31,6290,2,no
6167,51,-26,1,no
35225,32,1291,1,no
40476,60,11904,3,no
7278,35,628,2,no
31495,37,457,3,no
14899,47,25,6,no
37102,38,447,1,no
34631,53,171,4,no
18339,39,124,5,no
25481,39,4278,1,no
383,40,8486,3,no
38146,31,0,1,no
43738,38,1276,2,yes
21611,56,982,6,no
2120,60,78,3,no
12630,32,-28,1,no
16538,51,22557,3,no
5624,44,-315,3,no
43796,33,9317,1,no
17905,47,-874,2,no
2885,47,829,1,no
29255,52,416,2,no
41700,39,168,1,no
5533,49,23,1,no
8313,59,104,5,no
26980,32,1261,1,no
16777,39,63,1,no
27376,36,3266,1,no
374,25,122,1,no
5192,30,1023,3,no
2387,45,66,3,no
15192,36,254,5,no
13241,58,279,5,no
3350,29,874,5,no
41233,59,474,1,yes
40174,31,389,2,no
6141,28,46,3,no
2654,55,0,2,no
35850,46,0,1,no
15144,27,5,2,no
43122,40,826,1,no
2734,57,0,2,no
7846,30,119,2,no
37873,43,2567,1,no
30998,41,819,3,no
838,45,68,1,no
9382,26,710,2,yes
2753,43,4998,4,no
19307,43,0,2,no
11879,55,2074,4,no
4606,33,3512,2,no
30295,27,11,1,no
24013,33,23,4,no
18359,48,884,2,no
4760,37,3044,1,no
19701,31,55,3,no
19490,47,3070,4,yes
25903,32,6449,1,no
20154,31,98,2,no
16793,57,224,4,no
12478,28,415,1,no
7404,39,94,1,no
37252,36,52,1,no
39927,43,2444,1,no
10009,35,859,3,no
20517,30,281,2,no
3387,47,39,1,no
33512,34,1782,6,no
37922,42,0,7,no
42622,47,1639,1,yes
2436,61,1060,1,no
34169,49,0,2,no
22807,46,1272,4,no
9411,53,2010,1,no
18572,36,29,1,no
18054,51,61,20,no
17517,41,354,5,no
13180,41,-692,2,no
24933,36,51,1,no
34685,24,805,2,no
21161,52,104,2,no
24895,35,3854,2,no
16648,34,0,1,no
30236,30,144,1,no
7155,46,1939,1,no
2345,27,181,1,no
17161,29,2063,3,no
33793,30,482,1,no
12825,45,-176,1,yes
32880,33,557,2,no
41791,27,132,2,no
15421,46,5442,4,no
12782,26,-236,1,no
15210,36,210,2,no
1514,37,22,1,no
33860,58,760,7,no
40107,29,261,1,no
25309,45,1550,2,no
9780,37,178,1,no
41441,30,2568,1,yes
23319,30,2,21,no
5093,27,-208,2,no
37037,38,7208,1,no
18138,43,34,1,no
39303,28,426,4,no
15020,26,-142,1,no
37672,34,2436,7,no
362,42,1263,2,no
28569,31,15,2,no
2634,47,2466,2,no
24217,56,5282,1,no
32645,45,976,1,no
461,58,-11,1,no
31033,69,2346,2,yes
7303,51,5801,2,no
31980,37,-961,1,no
31079,35,188,3,yes
16887,27,137,1,no
7321,41,2399,2,no
12884,47,333,1,no
16661,34,251,3,no
30903,40,16,4,no
13535,35,734,2,no
2347,32,175,1,no
4469,60,-14,3,no
4209,36,79,14,no
19864,60,1433,4,no
24607,38,821,2,no
13154,31,229,2,no
11765,43,584,1,no
5347,40,5745,1,no
4637,31,213,2,no
16759,29,223,1,no
6565,27,0,3,no
26233,36,270,2,no
25204,51,-516,2,no
19278,47,2480,2,yes
38962,40,247,3,no
29353,46,-221,2,no
13818,34,0,1,no
32779,38,382,1,no
40169,26,611,3,no
4473,31,78,1,no
21938,32,687,4,no
5158,44,779,3,no
32681,32,1912,1,no
44051,74,29080,5,yes
7715,44,2403,1,no
1411,29,2,1,no
28095,35,2,3,no
31793,42,363,2,no
41535,62,383,1,no
27900,56,3869,1,no
37668,31,17924,1,yes
28397,33,1590,1,no
5571,37,192,2,no
45019,38,276,1,no
33278,41,532,2,no
16799,53,290,3,no
14151,60,2222,2,yes
18870,31,2305,1,no
27275,31,11,9,no
41605,41,595,1,no
35566,32,2263,2,no
28693,26,49,1,no
6780,27,16173,1,no
6180,34,-61,1,no
33032,42,2003,3,no
8981,40,11,3,no
14454,55,204,13,no
16356,28,371,2,no
3955,49,327,2,no
5912,34,1928,2,no
24956,33,596,1,no
34047,52,6657,1,yes
31115,64,315,1,yes
44513,55,10185,1,no
10696,54,1725,3,no
30618,31,12857,1,yes
38472,30,340,2,no
23846,57,1218,7,no
37799,33,-149,1,no
43730,54,2152,3,no
39198,33,-371,2,no
6177,56,408,1,no
35814,37,638,1,no
10098,57,625,1,yes
40968,29,314,3,no
41025,30,3115,2,no
4572,29,0,9,no
42594,51,363,1,no
42223,20,801,2,yes
22529,40,1207,3,no
30717,46,-369,4,no
40116,27,587,3,no
9856,35,1012,1,no
43902,50,2,1,no
32961,34,-444,2,no
17236,57,592,5,no
10753,30,92,10,no
38550,27,362,2,no
42321,30,42,1,no
44225,39,2467,2,yes
38572,33,-204,3,no
40782,23,0,1,yes
37963,40,309,2,no
6536,27,349,3,no
31307,28,111,2,no
28148,31,92,1,no
22007,41,304,1,no
25570,35,771,1,no
32179,44,4581,3,no
41320,31,660,3,no
18208,40,89,6,no
11602,48,7,7,no
14311,28,7,4,no
27864,54,726,1,no
18795,58,-27,13,no
21258,46,1353,5,yes
31173,41,349,1,no
44187,60,979,1,yes
39427,53,2509,2,yes
5509,39,1951,2,no
11859,46,101,4,no
1678,52,146,1,no
24276,34,751,1,yes
93,60,290,1,no
3916,30,136,5,no
38932,30,1211,1,no
23587,44,217,4,no
42675,59,739,1,yes
12043,56,277,13,no
30033,53,2135,2,no
7092,53,1004,1,no
33943,29,3794,1,no
13858,37,227,1,no
26782,30,186,3,no
20758,34,4367,2,no
18164,46,0,3,no
11760,47,1917,2,no
18737,48,3644,9,yes
776,46,89,2,no
32804,36,92,1,no
3892,34,85,1,no
2253,42,470,1,no
15436,26,256,2,no
10138,40,0,1,no
38939,43,249,5,no
31130,59,1047,3,yes
17202,31,0,3,no
39023,33,1430,3,no
3782,46,245,10,no
20276,58,889,2,no
14444,43,615,4,no
4111,34,46,1,no
37782,29,111,1,no
32188,34,2660,2,no
9599,36,16430,3,no
5736,49,305,1,no
90,57,486,2,no
24049,32,9214,1,no
8029,35,-488,4,no
38407,26,626,2,no
42821,60,264,1,yes
14726,37,729,5,no
2468,43,3373,1,no
33071,26,181,2,yes
21998,47,665,3,no
15178,29,1,1,no
13915,30,1598,1,yes
43285,72,951,3,yes
21026,60,2858,2,no
54,42,-76,1,no
3161,20,79,3,no
20092,31,388,2,no
5485,38,630,3,no
5911,42,0,2,no
34734,49,8545,7,no
18184,29,1175,4,no
17113,33,980,3,no
964,48,852,1,no
5686,51,-380,1,no
15498,27,1,2,no
41303,51,2582,3,no
37757,41,580,1,yes
32219,41,1597,2,no
14230,33,162,2,no
27130,47,2944,7,no
44465,22,216,1,yes
8561,40,919,2,no
39990,51,102127,1,no
33693,35,1750,3,yes
17118,30,2371,5,no
26793,38,96,3,no
311,56,353,2,no
41773,48,1093,2,yes
4590,39,75,2,no
32001,29,84,2,yes
38331,39,197,1,no
33136,47,1122,5,no
43341,37,1458,1,no
1248,49,-8,1,yes
43491,22,104,3,yes
19842,32,5550,4,no
39771,60,1740,1,no
25078,32,48,1,no
38044,40,2805,6,no
2732,57,7,6,no
2710,35,300,2,yes
43578,39,5047,4,yes
38540,32,-34,2,no
21307,42,624,5,no
31088,64,0,1,no
19385,51,223,3,no
13965,29,8079,1,no
11278,45,1152,2,no
4645,33,0,3,no
13199,36,356,1,no
25517,37,2519,1,no
38051,41,315,5,no
5223,43,8541,9,no
4574,54,2177,5,no
18305,46,1139,4,no
1887,48,855,2,no
18343,55,603,2,no
9682,35,1017,2,no
21632,30,27,2,no
36417,30,0,3,no
3039,41,5426,2,no
33949,24,2845,2,yes
37290,49,112,1,no
13243,60,49,2,no
16335,45,88,4,no
17771,49,2,4,no
14618,45,0,4,no
8297,33,2364,2,no
32588,30,595,1,no
19026,50,805,1,no
13775,60,594,1,no
21333,49,1798,2,no
24222,57,1636,1,no
36826,36,129,4,no
28565,36,948,2,no
6006,59,-22,3,yes
19235,32,0,2,no
23608,32,-262,24,no
24554,50,4,1,no
39153,46,145,3,no
29175,36,0,2,no
34298,31,2480,4,no
38073,31,4687,4,no
4141,48,281,3,no
31039,26,1222,1,no
30346,59,2740,1,no
19531,53,-363,2,no
2715,50,419,4,no
8094,31,717,1,no
18579,56,728,15,no
29973,39,383,2,no
188,54,4080,1,no
14787,54,2761,1,no
3496,33,217,1,no
28276,52,-110,1,no
35071,37,146,2,no
39053,30,53,1,no
26411,30,1015,1,no
4639,33,0,2,no
36706,37,1543,4,no
2391,28,286,1,no
31518,39,508,2,no
41738,36,4596,2,yes
24359,46,46,1,no
36335,43,1579,1,no
7356,42,1123,3,no
39314,57,668,5,no
1713,37,253,1,no
11899,54,1323,4,no
2441,33,989,3,no
11182,39,2310,1,no
34518,37,658,1,yes
12910,26,-8019,3,no
27078,38,8,1,no
2903,54,918,1,no
5898,39,501,1,no
41799,33,1297,1,no
42103,70,3020,2,no
29351,47,186,2,no
22255,33,7621,1,no
16000,51,0,1,no
28702,59,879,5,no
26384,33,2339,1,no
16919,30,297,1,no
2237,45,0,2,no
40468,24,172,2,no
22901,48,44,3,no
15233,54,364,1,no
25207,35,646,2,no
2548,41,1135,1,no
10343,38,545,1,no
32426,38,4582,1,no
9633,36,231,6,no
1722,37,34,3,no
3306,53,-394,2,no
12918,46,3969,5,no
29526,44,6178,3,no
31159,43,983,1,yes
17854,50,3436,4,no
45002,25,1650,1,no
33800,43,-169,1,no
91,42,50,1,no
27093,58,183,5,no
16306,47,1115,9,no
43795,40,2266,3,yes
22815,34,15,7,no
33612,29,3331,4,no
8286,32,0,2,no
44213,41,4567,1,no
2511,47,521,1,no
26691,44,1397,1,no
20702,45,2476,2,no
30121,38,571,3,no
31198,30,6836,3,no
743,41,512,2,no
31353,43,132,1,yes
17256,26,37,2,no
22972,57,31,2,no
25496,52,299,4,no
20207,59,518,2,no
42644,31,330,1,yes
43440,29,218,1,no
17538,28,-513,8,no
22903,57,1303,4,no
27167,31,457,1,no
8102,37,410,6,no
26754,41,2585,2,no
17658,46,529,2,no
44294,32,457,3,no
18852,50,1591,1,no
40661,58,138,4,no
35417,34,-99,2,no
37479,38,0,2,yes
8945,26,127,2,no
41413,51,994,1,no
42890,35,415,1,yes
39621,34,0,2,no
335,45,24598,3,no
8409,44,646,4,no
42904,32,228,1,no
82,47,164,1,no
18354,35,108,3,no
12519,41,-81,3,no
7788,48,2005,1,no
6165,46,-268,1,no
40535,55,0,1,no
41185,25,347,1,yes
37774,36,-206,1,no
43281,27,948,2,no
41182,34,4859,2,no
7843,38,49,3,no
31798,37,2693,1,no
23274,56,605,6,no
34544,30,6392,1,no
39783,31,3652,1,no
12507,45,52,3,no
6139,28,8,1,no
9961,48,598,2,no
12909,42,473,5,no
11771,57,0,4,no
35638,39,2345,2,yes
7795,28,0,4,no
29663,59,705,4,no
36276,52,-178,2,no
1318,51,125,2,no
30738,47,917,3,no
4971,36,1869,2,no
29235,41,0,2,no
8858,41,4594,11,no
9023,40,440,2,no
21232,54,10,4,no
11552,57,461,2,no
38542,40,1145,4,no
13248,27,108,2,no
44737,37,292,1,no
131,55,1185,1,no
5188,27,1518,3,no
40218,50,3357,4,yes
18234,26,50,4,no
11467,40,1,3,no
23358,44,682,3,no
18149,51,0,3,no
35931,39,516,2,no
38082,30,326,4,no
38274,40,-450,1,no
18882,49,5223,1,no
21021,34,8029,4,yes
20101,35,106,2,no
8191,29,80,4,no
37330,29,0,4,no
42170,33,1699,2,yes
40593,50,769,2,no
30327,29,991,1,no
32436,45,2958,1,no
29815,48,343,1,no
16172,59,786,4,no
9847,50,3117,1,no
2835,53,8417,1,no
35564,27,130,3,no
36570,29,1697,4,no
37760,31,7567,1,no
3295,59,320,1,yes
19498,35,260,2,no
36726,58,624,1,no
34213,60,4519,1,no
931,55,-90,2,no
5562,30,-679,3,no
16110,34,1,7,no
34272,25,41,2,no
43145,27,195,3,yes
22904,59,0,5,no
14116,36,48,10,no
43385,44,558,2,yes
32633,36,953,1,no
36432,42,-523,2,no
35626,36,418,2,no
2932,49,11317,1,no
27336,39,158,1,no
12777,51,1327,2,no
18918,46,487,1,no
32012,33,91,2,no
195,34,243,1,no
30318,35,1557,1,no
34182,26,219,5,no
38633,36,185,4,no
44129,27,77,4,no
35296,25,0,1,no
13260,28,1252,4,no
32267,31,81,1,no
32606,33,289,1,no
23717,32,813,7,no
25259,51,2934,4,no
37891,34,109,2,no
9828,59,1173,2,no
42551,52,230,2,yes
4021,42,1932,32,no
22329,34,260,2,no
44019,67,2391,6,yes
13864,35,203,1,no
22716,32,1232,4,no
26005,30,913,2,no
465,36,58,1,no
19474,30,2283,2,no
35822,33,294,1,yes
39560,31,816,1,no
14068,50,-682,2,no
20571,33,209,4,no
15108,43,587,1,no
1730,32,123,1,no
39015,34,201,1,no
5932,28,1050,1,no
21506,31,6562,2,no
40113,57,126,2,yes
24179,32,2089,1,yes
21146,47,-150,4,no
33593,34,15841,5,no
16004,37,121,6,no
40563,40,1700,2,no
4182,61,625,2,no
24379,50,2668,1,no
32717,46,229,1,no
30402,40,265,3,no
32810,31,371,1,no
44967,28,1347,2,no
41545,30,440,2,no
39706,38,2442,1,no
6138,32,-124,1,no
31148,48,1808,1,yes
13317,30,77,4,no
25032,51,730,2,no
10528,41,1604,2,no
35617,28,805,5,no
14084,37,407,2,no
30920,26,477,2,no
4878,32,323,2,no
20900,59,474,3,no
7938,47,1092,8,no
28219,27,73,1,no
6982,30,179,1,no
19045,33,679,2,yes
25266,49,1430,2,no
44403,29,198,1,no
19146,30,66,1,no
3255,46,1934,1,no
15212,50,19,4,no
4911,34,0,1,no
20197,43,159,2,no
6594,37,1066,4,no
8371,31,-292,1,no
25590,30,-617,1,yes
37797,37,141,1,no
5860,29,354,1,no
31992,31,5467,1,no
28016,42,799,1,no
43587,48,2533,2,no
15719,52,29,1,no
36957,39,0,4,no
39209,30,48,2,no
11799,56,878,3,no
6279,25,2354,1,no
41506,76,802,5,yes
35716,48,1794,1,no
35866,40,280,2,no
26110,56,1933,2,no
21617,36,818,4,no
5514,34,1049,14,no
25128,40,1216,1,no
36380,32,0,3,no
33659,33,2202,2,no
21238,58,519,4,no
16342,30,163,2,no
42526,57,1841,2,no
867,49,3659,1,no
8672,48,183,9,no
26098,41,3123,2,no
41809,39,93,2,no
36761,40,1547,2,no
3181,32,0,4,no
18862,55,181,1,no
41308,36,40,3,yes
29047,31,256,1,no
14460,50,2,3,no
33931,54,1693,1,yes
24109,42,314,1,yes
14204,44,1074,2,yes
32493,33,110,4,no
25645,39,3373,5,no
21081,34,2929,2,yes
13735,38,-49,1,no
12311,45,400,5,no
10633,55,0,1,no
14160,41,488,2,no
12852,29,123,1,no
9332,37,2571,2,no
11271,60,3916,5,no
35654,57,75,1,no
33713,59,1080,2,no
35531,32,567,2,no
29479,32,4471,1,no
41400,34,528,3,yes
18192,25,-288,4,no
8924,40,2671,2,no
34811,33,281,1,no
40278,31,1776,1,yes
33101,32,-242,3,yes
665,41,89,2,no
485,30,209,2,no
40429,56,3562,1,no
5077,33,2308,2,no
28599,46,5,2,no
8691,50,3043,4,no
13083,34,-97,2,no
38957,31,493,1,no
35768,41,0,1,no
19870,47,74,2,no
16291,31,79,11,no
1739,31,375,1,no
10282,44,106,2,no
22623,31,34,1,no
35065,55,6205,2,no
22754,36,351,3,no
5468,30,3625,2,no
18559,40,87,4,no
31034,39,363,1,no
37460,35,445,2,no
1541,32,1,4,no
30761,27,1024,6,no
34730,39,-311,2,no
2959,52,2024,1,no
6701,28,448,1,no
30663,40,6695,1,no
1123,41,258,1,no
12511,41,0,1,no
37139,33,308,2,no
35885,59,-198,1,no
11257,45,1771,2,no
7101,43,-111,3,no
7653,57,2528,1,no
32151,28,152,2,no
8893,37,1354,4,no
3014,48,638,1,no
3654,46,35,2,no
24702,56,1092,3,no
43916,71,275,1,yes
25066,34,233,1,no
25658,38,4030,2,no
37898,41,427,2,no
12086,59,2443,8,no
44669,32,620,6,no
21667,40,409,2,no
33516,38,7255,2,no
17136,35,972,16,no
13921,33,1163,1,no
6944,27,648,3,no
25723,37,1092,3,no
17991,36,296,2,no
18139,41,97,3,no
7841,25,352,5,no
32711,32,1415,1,no
42655,29,270,7,no
28368,33,0,1,no
25350,47,153,2,no
34157,29,486,1,no
21242,45,419,4,no
39001,26,47,1,no
9053,26,682,2,no
23444,33,5943,8,no
16368,33,44,1,yes
35230,39,-219,1,no
37259,27,557,2,no
41453,36,1354,3,yes
25357,49,1432,3,no
42085,47,1725,2,no
29731,59,941,1,no
13811,29,-33,1,no
8426,41,2812,1,no
5292,31,680,1,no
38541,29,949,2,no
38702,34,11752,7,no
33733,31,2984,5,no
8544,43,2589,3,no
22022,51,7631,8,no
10324,45,29,1,no
10286,55,0,2,yes
35860,33,9449,1,no
23485,51,0,7,no
20400,44,-61,1,no
31768,54,3323,3,no
5358,50,247,1,no
38335,23,-295,1,no
37871,54,-449,1,yes
41539,61,1742,4,no
24404,40,1952,1,no
5332,32,390,1,no
30434,29,365,1,no
17005,25,1036,2,no
12866,43,-132,2,no
1167,29,247,1,no
34570,56,0,1,no
22820,31,0,6,no
40276,25,505,1,yes
30197,59,242,10,no
34010,37,630,1,yes
19713,56,3149,3,no
40879,41,27696,2,yes
27561,41,4418,3,no
12688,51,1421,5,no
13469,37,8,1,no
39094,25,1119,1,yes
42762,61,89,2,no
6188,36,-69,2,no
23306,60,0,9,no
10969,42,2374,2,no
41582,32,1855,2,yes
41812,64,2139,2,no
26787,41,3803,3,no
1367,51,0,1,no
44729,46,0,2,no
30487,30,285,2,no
12321,27,335,3,yes
30240,60,4,2,no
43985,37,450,1,no
41695,57,415,1,no
38861,25,845,1,no
981,42,803,2,no
6761,53,-905,1,no
13076,26,291,1,no
20872,58,2297,2,no
12915,31,49,1,no
42306,34,86,2,no
30220,31,554,1,no
31207,35,52,4,yes
18502,36,470,4,no
10875,38,5092,6,no
14886,28,1,2,no
17567,51,0,2,no
37122,57,1615,1,no
37228,33,107,6,no
18518,47,1077,4,no
31848,26,352,3,no
3059,26,277,2,no
9022,25,150,2,no
16417,26,321,2,no
35958,47,1374,2,yes
2736,46,120,11,no
29763,38,308,1,no
14304,46,2262,14,no
35405,38,0,2,no
24182,35,943,1,no
39634,56,23,4,no
31866,37,3315,2,no
15542,36,99,2,no
23416,37,206,5,no
18904,57,166,1,no
30098,33,1240,2,no
5161,39,568,3,no
8613,43,705,4,no
33881,28,113,1,no
24290,57,1469,1,no
1619,28,-9,5,no
23682,42,0,13,no
29696,30,62,2,no
16232,42,176,1,no
28472,26,826,1,no
31305,19,1803,1,no
31880,33,-329,1,no
19022,58,4725,1,no
18279,46,526,3,no
36694,55,859,6,no
29044,40,97,1,no
9004,49,9824,1,no
17268,26,-385,3,no
23982,34,0,4,no
5349,33,-355,2,no
11598,47,0,2,no
27551,50,36221,2,no
44927,34,20,1,no
36158,55,761,1,no
27603,37,22125,2,yes
8417,41,948,1,no
791,32,301,2,no
15850,57,688,2,no
29804,37,496,4,no
22509,34,857,6,no
29214,53,372,2,no
17841,35,3297,15,no
21836,33,7,2,no
33196,50,341,4,yes
22629,40,830,6,no
39643,26,255,2,no
32448,66,525,1,no
21480,35,2251,8,no
30322,52,-57,1,no
33953,52,2290,2,no
30027,41,546,2,no
14093,47,416,2,no
40064,29,572,1,yes
3070,41,744,1,no
18416,45,1239,4,no
3283,46,3714,1,no
41389,24,1298,1,no
17356,53,994,3,no
39062,34,138,5,no
18120,46,119,2,no
1885,32,2,2,no
43545,45,0,1,yes
19789,51,872,2,no
21096,37,896,2,no
34849,43,88,1,no
32883,41,1380,1,no
6753,44,-20,3,no
11700,37,847,1,no
27959,44,3463,2,no
44777,22,224,1,no
38699,26,177,3,no
43393,50,0,1,yes
19056,53,5094,1,no
1898,49,352,2,no
34255,35,5731,2,no
17440,39,823,2,no
24093,27,2329,1,yes
5583,32,38,5,no
41853,31,523,1,no
40524,38,0,1,yes
8142,35,1193,2,no
17663,58,673,4,no
39817,23,31,1,yes
43887,49,1405,1,no
42592,38,863,1,no
11514,48,13501,2,no
13100,25,0,3,no
12006,56,9246,3,no
5981,28,541,3,no
10031,38,157,5,no
44192,64,768,2,no
43763,61,1191,4,yes
774,39,20,2,no
5839,32,2619,14,no
5486,31,150,2,no
29422,36,5315,4,no
6898,55,284,3,no
22869,31,244,4,no
40825,42,994,1,yes
30779,28,247,3,no
17894,39,83,6,no
3663,41,2919,3,no
43944,24,6,1,no
32437,33,67,2,no
23492,52,168,4,no
36568,36,419,5,no
15298,52,0,1,no
14529,32,0,4,no
11515,37,0,2,no
35918,34,589,4,no
4108,42,830,1,no
38388,34,2994,1,no
33545,39,2298,2,no
11896,59,0,5,no
45130,46,3308,1,yes
2877,48,427,1,no
22178,34,0,2,no
38352,33,463,5,no
12515,35,-51,2,no
26090,53,32464,4,no
20945,50,171,3,no
29574,29,300,1,no
31254,27,0,3,yes
6118,58,-197,4,no
38317,26,-67,1,yes
6827,30,-171,2,no
43564,54,140,2,yes
14599,38,465,4,no
27672,46,0,5,no
42906,34,382,1,no
19435,46,0,4,no
17687,37,1236,2,no
28777,26,187,2,no
7882,27,2061,3,no
33815,23,577,3,no
4458,34,1042,1,no
26872,45,1752,2,no
32626,55,505,1,no
29654,41,0,3,no
38552,43,5997,3,no
13964,37,859,4,no
7955,35,573,3,no
18204,27,397,3,no
1112,57,2710,1,no
43169,48,3519,1,no
8448,53,358,1,no
27653,51,2235,3,no
16126,31,4331,1,no
36185,44,-210,4,no
35150,26,199,1,no
14305,44,476,6,no
7753,49,1216,2,no
5987,35,303,3,no
27440,32,874,3,no
1954,49,1387,2,no
5730,30,-170,1,no
19233,59,0,2,no
40352,23,1021,9,no
7363,33,16992,1,no
23157,44,7863,6,no
22086,36,35,4,no
1699,38,32,1,no
43408,44,2897,1,no
33600,50,2420,6,no
27342,57,7766,1,no
21004,37,131,2,no
822,33,404,1,no
40472,71,5946,7,no
25779,57,18268,1,no
29208,33,5437,1,no
42885,33,0,5,no
44784,41,3138,1,yes
19965,32,1190,4,no
89,46,16,2,no
16610,45,138,11,no
14829,45,512,1,no
15932,29,2,1,no
18620,50,235,20,no
40469,37,1824,2,no
28788,45,-28,1,no
37655,33,5145,1,no
43516,29,455,1,yes
17731,43,3664,1,no
44877,34,937,1,no
22828,31,105,4,no
18648,49,2677,3,no
20095,34,116,2,no
31939,46,952,4,no
44767,51,127,1,no
30323,36,417,5,no
32609,31,223,1,no
33578,30,275,2,no
26309,33,3214,1,no
15802,43,3,2,no
27516,46,1167,2,yes
15141,35,-35,2,no
23537,32,156,4,no
5930,46,494,1,no
25725,53,8093,1,no
36919,52,411,3,no
35179,24,-247,1,no
25376,41,1471,2,no
8841,28,0,6,no
40166,35,697,2,no
21880,32,11,2,no
29437,51,867,2,no
18482,42,2110,2,no
45181,66,3409,2,no
20714,46,3984,2,no
31527,47,1612,1,yes
21464,56,0,3,no
27345,30,1028,1,no
31036,40,4736,2,yes
16324,46,91,1,no
16285,35,505,1,no
21568,47,83,2,no
10437,36,6317,2,no
16186,42,41,3,no
12612,31,-322,1,no
37483,40,104,2,no
38716,34,190,3,no
40328,32,640,2,no
24325,46,1448,1,no
5067,34,0,2,no
38348,36,647,2,no
14500,55,284,4,no
8034,34,691,1,no
4654,36,774,1,no
21367,39,3575,3,no
34929,34,827,1,no
16263,38,1952,1,no
10545,41,902,6,no
10428,58,1761,4,no
86,51,173,2,no
7540,52,428,1,no
26159,47,6704,2,no
29194,38,489,1,no
32919,31,144,3,no
19765,37,980,5,yes
13278,37,89,4,no
36340,39,1005,1,no
13939,37,0,2,no
40496,37,981,2,yes
9642,45,4639,2,no
28172,27,50,1,no
36808,31,2581,1,no
8896,35,160,6,no
37125,42,2157,1,no
40127,25,295,1,no
3092,27,1150,1,no
41007,54,473,1,no
15062,38,151,1,no
3942,32,244,2,no
15752,35,187,1,no
580,46,216,2,no
16766,30,-224,3,no
41707,19,55,2,no
4215,45,2128,4,no
23250,58,-102,10,no
25195,52,507,2,no
17556,30,62,5,no
34141,30,1660,1,no
1636,45,-88,1,no
37531,35,78,3,no
37671,48,503,1,no
30146,32,1230,3,no
25871,38,884,1,no
13553,57,389,2,no
16170,26,97,1,no
10672,53,196,7,no
21861,31,111,2,no
18807,34,188,5,no
37321,34,0,4,no
44457,27,347,4,yes
19445,51,7098,7,yes
183,35,59,1,no
27909,57,297,2,no
41489,34,1022,1,no
38233,35,1849,1,no
1932,33,328,2,no
3265,50,605,1,no
37649,36,869,1,no
14837,59,3998,1,no
3920,34,978,2,no
25660,41,81,3,no
13102,34,-480,1,no
25947,37,3574,1,no
29968,28,6817,4,no
453,46,2,1,no
13967,35,501,8,no
35275,38,-786,1,no
19549,44,597,2,no
9580,54,218,2,no
38638,40,1841,4,yes
20932,42,1361,5,no
1230,36,5611,1,no
43010,75,291,1,yes
38826,29,-95,1,no
8652,30,432,3,no
7669,42,1713,2,yes
30896,32,-359,3,no
15005,42,0,1,no
7864,30,1,5,no
9775,49,-46,10,yes
19617,30,1,4,no
17805,33,235,6,no
36530,54,11686,1,no
9151,30,734,3,no
7081,28,2,2,no
21754,53,0,3,no
12163,35,883,5,no
19099,45,335,1,no
21318,56,3206,3,no
26308,33,2098,1,no
24807,54,2203,1,no
35899,46,-70,2,no
35780,36,138,3,no
18623,42,108,21,no
19603,35,753,4,no
33085,50,4121,2,no
24986,37,1316,1,no
4670,35,1423,1,no
34443,25,443,1,no
322,49,403,2,no
41486,22,2281,1,no
17639,26,-84,5,no
24212,43,1648,1,no
28513,44,-600,3,no
7011,45,935,7,no
44973,36,12264,1,yes
11049,25,1116,6,no
29364,31,40,2,no
24990,31,20,1,no
3384,34,1704,2,no
10960,38,3316,3,yes
37967,36,-296,3,no
21797,46,979,5,no
18146,44,0,3,no
23400,50,376,3,no
40078,30,419,1,yes
34898,42,-380,1,no
26127,49,0,2,no
32550,31,391,1,no
8611,40,1845,3,no
15460,49,201,2,no
9249,36,1357,5,no
26210,33,247,1,no
2141,46,997,1,no
17319,32,-173,2,no
7028,32,610,6,no
36239,45,102,1,no
21155,44,347,2,no
29515,30,1013,9,no
29789,40,69,1,no
7224,45,59,2,no
14656,27,454,2,no
31235,47,293,1,yes
41081,44,226,3,yes
16571,43,-183,1,no
13934,38,1722,1,yes
17192,25,155,3,no
17803,49,0,7,no
1531,31,-732,2,no
33868,46,526,1,yes
2930,60,1542,1,yes
5800,58,0,2,no
18569,58,1172,1,no
21845,31,310,2,no
15751,28,222,1,no
38374,32,2,9,no
6755,47,970,3,no
26487,47,3844,4,no
36601,53,-108,12,no
38767,35,13,8,no
12903,60,468,2,no
7306,41,943,3,no
37538,34,186,3,no
24860,36,454,1,no
14225,36,-318,2,no
20826,32,1047,6,no
10369,55,57,12,no
5359,41,16,1,no
17897,41,2646,2,no
25534,33,1082,1,no
10321,51,209,1,no
27807,43,-57,1,no
33240,39,2299,1,no
41746,64,2140,2,no
14112,33,1249,2,no
15938,30,32,1,no
3619,55,1092,4,no
21073,52,1949,2,no
29274,42,1523,1,no
9808,57,179,3,no
17828,39,9143,2,no
14193,45,0,2,no
34892,51,106,1,no
5995,43,87,2,no
25678,30,1622,1,no
29705,28,2000,2,no
37896,35,222,5,no
24309,33,326,1,no
40628,41,490,1,no
16496,37,1958,2,no
20069,30,58,2,no
34838,37,315,1,no
4109,26,75,1,no
21386,32,2481,11,no
11406,37,678,1,no
26932,54,760,1,no
22054,59,-23,7,no
12904,33,-15,2,no
21027,35,0,4,no
4062,43,8167,2,no
17395,55,141,5,no
20090,35,337,5,no
299,42,28,3,no
388,32,10,4,no
38924,29,305,4,no
2098,27,541,1,no
26616,59,1083,2,no
3752,34,1029,1,no
38150,28,511,1,no
12840,26,123,1,no
5628,31,9874,5,no
28435,40,4168,1,no
6282,44,1196,1,no
14463,35,0,4,no
15573,26,3,4,no
18342,33,0,23,no
2494,52,1635,1,no
7318,35,356,1,no
39969,42,2913,1,yes
22867,58,657,3,no
2499,48,189,1,no
9734,53,16,1,no
20833,36,9149,3,no
31795,28,11555,2,no
23153,45,10,7,no
36438,31,467,2,no
44102,31,2666,2,yes
41214,25,3090,1,no
1339,27,217,1,no
30296,32,205,4,no
9114,60,4820,1,no
35418,33,478,1,no
15666,50,120,1,no
35998,50,496,1,no
12529,58,166,1,no
26349,49,893,1,no
4073,54,8180,1,no
43013,66,780,4,no
26749,43,4581,2,no
43210,30,359,2,no
18607,29,-983,2,no
23776,39,-17,1,yes
36399,53,-233,3,no
37376,43,47,2,no
35471,38,1513,1,no
27699,42,5,2,no
9634,39,1005,2,no
11627,47,176,2,no
26883,36,0,3,no
14556,59,-90,5,no
10065,54,1379,1,no
16422,30,76,2,no
28749,31,288,1,no
43068,66,2326,1,yes
4917,37,1211,1,yes
33178,36,349,1,no
10547,37,57,1,no
34335,32,0,2,no
18155,58,128,5,no
3127,41,30,3,no
10553,41,2413,3,no
16615,41,0,1,no
25919,47,0,2,no
22849,36,1841,4,no
42341,53,163,1,no
31483,63,-39,2,yes
24050,31,79,1,no
25936,41,217,1,no
38742,56,6503,6,no
40926,34,1337,2,yes
11568,51,-267,2,no
7174,45,0,1,no
28463,38,560,1,no
9017,46,2800,1,no
381,38,757,1,no
7714,41,4539,3,no
12189,41,1309,4,no
28551,57,1016,2,no
10748,36,0,4,no
26055,56,196,3,no
9126,46,0,2,no
41660,41,3426,1,no
4444,38,0,1,no
6876,33,839,3,no
6096,43,429,4,no
45026,61,938,2,no
24073,36,2415,1,no
12955,47,1152,13,no
45114,26,222,1,yes
22782,55,740,3,no
11356,46,110,14,no
22455,32,0,2,no
13977,46,278,1,no
34669,35,738,9,no
8187,30,953,2,yes
31185,31,924,1,yes
12053,47,643,6,no
35390,44,3,1,no
44032,29,808,1,no
40007,28,3623,2,no
3290,57,2516,1,no
42418,28,78,3,yes
44774,31,147,3,no
22079,34,0,2,no
22180,30,0,4,no
28056,35,0,2,no
5408,25,-221,1,no
3317,44,641,1,no
44071,31,3511,1,yes
31247,28,126,1,no
22313,52,0,5,no
36857,40,327,2,no
9153,38,4458,1,no
5740,42,-68,1,no
34690,32,34,2,no
32959,29,1446,3,no
11463,41,256,1,no
24118,27,185,1,no
44663,22,549,1,no
16410,26,658,4,no
21414,45,-374,5,no
23966,30,1,21,no
4460,31,2089,1,no
12987,40,-23,3,no
38648,29,244,2,no
41093,39,11766,4,no
29315,33,617,2,no
9329,36,1328,4,no
8356,30,265,10,no
23453,59,1585,5,no
5492,42,687,1,no
34130,39,4539,1,no
4706,40,222,8,no
6344,41,348,3,no
38525,57,39,2,no
33207,43,266,1,no
17852,58,10,5,no
20054,33,862,3,no
35153,35,2777,1,no
6464,30,6164,11,no
25647,39,-233,1,no
29558,39,661,4,no
31164,27,1187,1,yes
2211,31,-464,4,no
25702,53,587,1,yes
9955,37,375,2,no
7793,48,7019,3,no
43584,63,12067,1,yes
37348,27,79,1,no
8979,46,198,1,no
29369,65,1948,2,no
19261,34,0,2,no
25353,37,960,3,no
16392,39,990,1,no
43607,38,238,1,no
18850,52,1571,1,no
40660,35,163,6,no
32899,38,76,2,no
33181,34,-362,6,no
6059,32,-331,3,no
39141,29,577,4,no
28548,30,112,2,no
22595,32,26,6,no
25979,33,1762,2,no
13624,43,13,4,no
3662,31,0,4,no
29042,30,503,1,no
25933,52,40,3,yes
18942,50,0,4,no
32771,29,1180,3,yes
18586,56,1362,1,no
18556,41,56,21,no
32289,25,3,1,yes
28388,27,10536,1,no
3999,53,2884,4,no
6220,24,-507,1,no
9975,59,5501,4,no
27030,32,5267,1,no
32795,32,801,1,no
22902,38,46,2,no
5815,40,277,2,no
17282,30,1399,6,no
21203,34,454,3,no
18471,45,-455,2,no
7219,31,2137,1,no
32023,36,1405,3,no
33499,35,1277,4,no
7543,33,923,6,no
36699,48,162,1,no
24318,54,209,1,no
12108,35,996,2,no
27698,49,1077,4,no
9057,36,0,1,no
36011,30,514,3,no
2698,44,617,2,no
21979,37,361,2,no
15710,47,2,15,no
29947,31,1214,1,yes
45072,27,771,1,yes
15126,28,3516,1,no
22318,38,664,2,no
6385,22,0,1,no
5642,40,33,3,no
40217,43,3780,2,no
39185,36,106,6,no
12448,41,75,9,yes
36278,59,0,1,no
7021,50,-160,2,no
16681,37,133,2,no
26122,50,4666,3,no
7983,36,596,2,no
12221,53,-491,4,no
460,35,89,2,no
10561,39,207,3,no
22879,32,1900,16,no
34241,45,4958,4,no
12947,47,-594,4,no
7075,43,-496,2,no
3083,28,246,4,no
41037,74,6027,2,no
12922,58,124,7,no
26600,40,452,1,no
27951,28,1055,1,no
2154,59,371,3,no
16750,52,134,3,no
6798,32,4307,3,no
31935,32,759,5,yes
24948,44,1880,1,no
43392,61,0,1,no
3509,36,1392,2,no
28962,50,-185,1,no
14479,31,23,3,no
22339,37,981,2,no
43845,65,1840,2,no
23606,42,59,13,no
45145,60,683,1,no
29833,31,406,1,yes
11240,51,440,1,no
5328,28,370,5,no
13607,45,942,1,no
14632,47,512,2,no
22603,53,1,10,no
25999,51,-56,3,no
13365,49,884,3,no
27360,59,261,1,no
3354,60,2667,1,no
28662,27,13,3,yes
7493,35,1253,2,no
22019,44,70,3,no
30542,26,690,3,no
1150,38,164,2,no
22918,30,1499,21,no
41027,30,877,1,no
39182,30,2017,4,no
27137,40,67,2,no
32177,27,484,2,no
12185,35,2316,3,no
1386,33,1713,1,no
9548,50,3503,2,no
5964,33,1050,4,no
11368,54,4112,1,no
44740,37,698,2,yes
15707,33,75,4,no
27321,31,6542,3,no
24530,37,22341,1,no
29347,38,581,2,no
8930,29,735,3,no
38287,32,38,1,yes
38431,29,339,3,no
12396,51,144,2,no
27358,53,1835,2,no
9009,52,8251,1,no
24557,44,1451,3,no
42169,24,556,2,yes
20545,54,1411,2,no
22104,33,51,2,no
24008,37,261,4,no
12833,56,977,1,no
41029,33,3363,1,no
14866,31,127,1,no
5071,40,558,3,no
39770,37,6968,1,no
34921,30,5903,1,no
8325,33,5234,3,no
8225,45,75,2,no
35497,54,1145,3,no
32059,61,6,2,yes
3411,45,1363,5,no
41952,76,2991,1,yes
40976,36,1109,2,no
30408,41,618,1,no
6778,40,-541,4,no
38120,27,-152,4,no
11785,46,0,2,no
10371,59,631,1,no
14772,57,-37,6,no
10513,58,116,3,no
7652,33,1002,4,no
40306,31,14533,2,yes
42153,42,520,1,no
3512,59,671,5,no
5490,30,590,3,no
26894,42,4014,4,no
23083,32,-5,4,no
28790,34,102,1,no
15772,34,382,7,no
40371,64,5966,1,yes
1401,47,1222,3,no
3120,44,-295,4,no
18717,58,8218,10,no
18105,58,591,3,no
21478,37,481,6,no
12619,36,59,1,no
35213,27,58,1,no
24293,51,0,1,no
24529,43,-259,1,no
8238,35,456,1,no
11965,37,146,8,no
1144,33,367,2,no
16040,44,342,1,no
2321,56,11,3,no
42828,65,1973,1,no
22021,35,80,5,no
12783,36,-274,1,no
3123,38,1442,3,no
35877,38,215,2,no
22401,38,0,6,no
6426,31,-360,2,no
23025,37,827,16,no
12435,33,276,2,no
6577,29,-218,1,no
33543,28,2925,4,no
4307,31,444,2,no
4866,34,1129,2,no
37978,31,392,2,no
38160,47,1480,1,no
34239,32,214,1,no
35291,58,138,1,no
914,34,627,2,no
10280,53,1841,5,no
34941,27,0,1,no
896,59,229,1,no
26937,58,5920,1,no
9129,49,787,1,no
40579,61,50,6,no
674,29,43,2,no
12488,31,84,1,no
10091,45,1273,3,no
1831,53,-133,2,no
18392,40,4853,2,no
30893,50,3690,6,no
7242,48,5241,1,no
41491,24,726,2,yes
26643,31,40,2,no
24782,34,65,1,no
6595,33,1973,8,no
44234,44,1090,4,yes
11857,47,33,25,no
26965,50,11998,1,no
44456,21,2077,1,yes
44349,49,18,1,no
41677,70,15834,1,no
27428,47,0,1,no
18249,34,244,4,no
437,45,39,1,no
29429,25,2305,1,no
42645,60,938,3,yes
32242,54,2110,1,no
44984,35,172,1,no
26295,41,-195,1,no
3922,27,194,1,no
17165,39,26,18,no
39093,27,381,1,no
28994,41,0,1,no
1275,30,131,1,no
13167,37,33,2,no
44551,29,814,1,yes
33135,28,2840,5,yes
12539,33,285,1,no
35737,32,1918,1,no
20563,41,1631,2,no
29540,34,427,1,no
1352,46,-768,3,no
1522,38,1147,5,no
40808,70,1311,1,yes
38265,57,-967,7,no
105,27,0,1,no
28527,28,203,2,no
28131,34,1988,1,no
14875,30,319,2,no
4826,35,470,1,no
31256,72,588,3,no
36249,34,0,1,no
32152,33,2173,1,no
12982,38,0,5,no
4973,32,1389,2,no
16729,45,59,8,yes
33861,73,542,5,no
21969,46,620,2,no
41983,81,243,1,yes
21926,45,-96,2,no
22292,42,37,1,no
27846,41,1088,1,no
17610,30,1161,3,no
40657,53,1624,1,yes
28157,35,2880,1,no
41955,60,10925,3,yes
3995,51,0,19,no
31374,55,9329,1,no
19194,31,7,6,no
7210,36,1286,1,no
8576,30,7845,1,no
41641,55,929,3,no
34607,35,0,1,no
30360,57,287,1,no
31014,38,380,1,no
41685,50,383,2,no
25954,41,2004,1,no
1495,31,186,3,no
8378,34,13683,3,no
42717,50,5969,1,yes
38268,32,-234,7,no
25125,35,87,2,no
9999,46,474,2,no
4273,24,76,1,no
41914,53,2581,1,yes
12045,32,1804,3,no
4930,45,373,7,no
8971,56,0,1,no
9428,39,-540,1,no
43463,25,1857,4,yes
19212,38,0,2,no
43686,28,4745,1,yes
3223,48,0,1,no
28846,54,0,3,no
38896,44,5757,1,no
36567,34,7,1,no
41803,30,5223,2,no
7357,55,856,4,no
30984,44,304,5,no
10021,53,2522,2,no
34655,32,4761,2,no
3612,52,395,3,no
21498,59,0,2,no
7175,56,1504,2,no
11490,47,0,1,no
5331,36,-118,2,no
18013,46,1203,8,no
12069,37,0,6,no
37471,31,143,2,no
43778,52,726,1,yes
463,43,-509,1,no
17936,45,0,2,no
25983,31,3361,2,no
21766,44,238,3,no
2085,54,113,3,no
8247,38,-537,1,no
24881,30,414,5,no
5428,39,2679,1,no
23726,58,6762,25,no
35091,31,-414,3,no
26552,32,5205,1,no
39871,34,2427,2,no
2319,46,250,2,no
354,36,0,2,no
4985,32,1721,2,no
33918,49,3608,1,yes
3701,31,0,1,no
22819,52,141,7,no
39595,36,15485,1,no
39541,30,1570,1,no
997,34,475,1,no
28407,28,959,2,no
32648,30,398,2,no
36560,38,199,1,yes
44222,51,423,5,no
30977,45,17609,6,no
15825,28,6567,1,no
7624,45,130,1,no
43038,75,7819,1,no
4503,37,427,1,no
26996,30,4642,1,yes
35421,59,-23,2,no
26896,48,485,5,no
31340,60,1740,2,yes
27582,33,744,3,no
42441,72,413,6,no
1101,30,145,2,no
2013,47,8,4,no
30939,48,861,6,no
42758,26,614,1,no
27744,27,-232,1,no
42267,81,5220,1,yes
30111,32,156,2,no
3363,41,665,1,no
15135,33,171,1,no
20202,46,942,4,no
18350,58,53,2,no
38787,27,0,5,no
29001,26,3244,1,no
28059,30,358,2,no
38925,24,135,1,no
44754,40,4675,1,no
18538,49,-736,6,no
11710,55,0,1,no
42770,38,6889,1,no
37078,39,1419,12,no
17184,25,616,4,no
8181,36,-435,8,no
16181,31,1981,2,no
5764,29,494,2,no
38072,49,137,7,no
44515,28,899,1,no
21350,58,796,7,no
43262,51,3764,3,yes
41720,70,3104,1,no
14303,51,30,2,no
39835,50,0,2,no
24635,52,2171,2,no
1282,39,481,1,no
12072,60,2058,10,no
1164,32,89,3,no
27575,46,4329,2,yes
5634,35,0,4,no
26135,53,2924,6,no
18068,48,-202,4,no
22939,46,22,6,yes
9254,55,0,2,no
13631,52,98,1,no
23886,55,430,4,no
9859,36,60,2,no
40455,31,873,2,no
6789,26,1624,1,no
7388,46,684,2,no
2955,46,243,2,no
37595,33,100,8,no
22520,41,0,2,no
37974,37,2079,1,no
42361,31,4198,1,yes
30642,70,5563,1,no
35550,59,417,2,no
21297,55,0,4,yes
36138,42,659,1,no
36007,34,140,2,no
40538,55,3122,1,yes
3702,33,273,1,yes
7,28,447,1,no
31859,25,1420,2,no
3273,47,106,1,no
8216,46,-59,2,no
42613,67,1430,2,yes
10414,48,916,3,no
43340,60,3735,1,yes
14199,36,756,3,no
28650,31,498,2,no
21842,58,1626,4,no
41472,27,1991,1,no
37593,26,619,1,no
10032,38,1076,6,no
24582,59,3552,1,no
6637,29,0,7,no
19144,44,421,1,no
28604,33,303,2,no
22588,35,94,3,no
42529,44,1025,2,no
26921,57,1433,1,no
4746,38,565,2,no
12136,51,6298,3,no
40919,33,4401,2,no
15885,47,393,2,no
44749,37,1978,1,yes
39109,24,-287,1,no
32579,38,0,1,no
24480,44,300,1,no
1104,52,133,8,no
40673,53,0,1,yes
8556,43,27733,7,no
30116,27,199,2,no
9899,47,-364,2,no
784,38,42,2,no
27097,34,4536,1,yes
30325,26,725,2,yes
41912,28,80,2,yes
28906,31,295,5,no
2522,54,1301,1,no
29641,44,3850,2,no
12754,36,776,3,yes
40854,60,631,2,yes
26155,30,458,7,no
28320,38,1927,1,no
6650,29,1386,1,no
9779,41,16431,1,no
5087,33,28,2,no
2933,42,-1300,1,no
7621,36,722,1,no
15695,56,334,1,no
40133,25,801,2,yes
24578,35,16,2,no
38951,32,211,1,no
34474,35,726,1,no
30791,32,4110,8,no
45092,61,2686,3,no
19420,38,180,7,no
30854,33,79,8,no
6463,30,-202,2,no
10491,38,213,15,no
1256,43,130,1,no
25171,52,207,1,no
26877,47,2475,4,no
12967,33,0,4,no
20846,36,274,2,no
13828,56,-890,1,no
39069,24,1354,2,no
39018,28,352,1,yes
19664,31,319,1,no
23937,55,771,19,no
2281,31,-474,2,no
34476,35,188,1,yes
12470,49,935,1,no
34924,47,31,1,no
13755,47,2,1,no
9705,39,75,1,no
5778,34,-287,1,no
25274,40,2854,2,no
25795,45,1066,2,no
27894,45,347,1,no
40582,57,1486,3,no
16231,25,2228,1,yes
14803,47,496,4,no
18938,54,537,1,no
12169,46,2944,5,no
37519,53,6831,2,yes
39329,26,23,6,no
28776,39,953,6,no
20368,40,3426,3,no
22256,55,196,1,yes
8319,55,1108,4,no
11685,41,3135,3,no
26162,41,927,2,no
11046,43,236,4,no
19032,59,460,1,no
35207,43,544,1,no
21513,30,-274,2,no
11599,38,1403,2,no
43110,37,7620,1,yes
29038,45,221,1,no
11103,28,-493,4,no
8761,38,5839,2,yes
9171,37,0,2,no
32169,54,2656,2,no
26847,56,1437,8,no
35705,39,299,2,no
19781,32,3333,4,no
36867,32,61,3,no
31475,37,1180,1,no
5748,47,191,1,no
40980,60,523,3,yes
22459,46,154,2,no
16724,38,69,2,no
11533,44,17,14,no
16086,50,0,1,no
845,37,-196,1,no
17637,38,4366,2,no
21444,32,20,5,no
41613,46,5993,1,no
32760,37,3154,1,yes
35770,37,180,2,no
27005,41,285,1,no
10588,38,1602,1,no
23112,33,469,9,no
25141,48,-1080,3,no
36151,36,0,1,no
34145,45,89,2,no
11310,40,2357,3,no
39449,32,8023,1,no
7520,40,-476,2,no
30422,32,182,1,no
8623,38,980,5,no
1331,31,491,1,no
26451,50,2590,2,no
9513,49,2754,2,no
24044,28,9,1,no
32225,28,577,1,no
7546,26,-599,3,no
37566,45,0,7,no
29015,57,5126,2,no
38867,29,543,1,no
37403,37,426,3,no
28497,30,1923,2,no
27313,39,529,1,no
39537,35,142,2,no
41864,40,2338,2,yes
29018,51,3962,1,no
24169,40,718,1,no
30673,55,698,1,no
19520,31,546,2,no
31426,27,213,1,yes
35582,25,933,2,no
26088,40,9110,3,no
18789,35,-215,34,no
34191,27,1511,1,no
17893,45,13265,2,no
38227,38,0,2,no
18499,39,375,2,no
26723,37,9895,3,no
35466,27,4,2,no
19496,47,3690,2,no
33902,42,3403,1,no
24342,54,865,1,no
23408,40,-1545,13,no
11776,54,1463,1,no
5576,31,2910,2,yes
32222,34,486,1,no
41888,30,1787,1,no
28359,59,499,1,no
40095,24,1957,1,no
29037,59,2,1,yes
35410,25,51,2,no
32933,38,4082,2,no
2751,46,1374,3,no
16063,33,149,1,no
10502,34,-62,3,no
12145,35,3083,9,no
19319,49,153,4,no
12601,49,-37,2,no
32936,28,230,2,no
39737,35,777,1,no
28284,47,440,1,no
2924,44,-101,1,no
13022,46,74,11,no
24398,47,33,1,no
39548,58,3399,1,yes
25484,38,10443,1,no
39426,28,1532,1,no
13992,26,235,3,no
23503,37,58,20,no
18580,50,6030,3,no
21871,53,1357,2,no
19873,39,947,2,no
44603,45,955,1,no
39556,40,1289,2,no
41223,18,35,2,no
40182,33,4713,2,no
13209,33,0,1,no
16299,53,84,1,no
24262,48,4656,1,no
15040,40,-769,1,no
1661,38,57,1,no
24302,38,0,1,no
16136,33,-130,2,no
8120,32,257,5,no
44383,37,62,2,yes
43712,37,393,3,yes
14495,29,428,4,no
2759,50,1917,2,no
37881,51,500,1,no
29601,46,863,3,no
3849,59,169,3,no
18526,53,3366,2,no
30209,32,1066,1,no
22342,43,0,2,no
5685,46,-454,1,no
31916,34,1235,1,no
4946,37,204,4,no
4267,45,1540,3,no
31012,37,248,1,no
40399,33,6281,1,no
16430,55,1150,3,no
27412,53,3036,2,no
13835,56,0,1,no
29860,31,1957,3,no
20718,32,163,2,no
13090,28,455,1,no
6128,33,-119,1,no
7865,31,-365,6,no
3688,27,66,1,no
23114,39,1092,7,no
15281,34,21,5,no
28058,39,0,2,no
22804,50,-300,4,no
13322,28,420,3,no
7124,35,404,1,yes
25287,44,13853,3,no
35907,30,268,5,no
8386,30,-938,1,no
34516,37,726,2,no
13155,56,51439,1,no
18379,40,1953,2,no
29405,39,-480,2,no
31444,22,114,1,yes
18650,56,1476,3,no
5795,37,695,2,no
10261,55,10957,4,no
29907,45,242,1,no
3048,29,6911,5,no
17457,50,0,8,no
20959,36,930,2,no
24714,36,6153,3,no
2442,27,232,1,no
28509,38,531,3,no
23588,47,0,22,no
6393,37,0,6,no
28098,31,-10,2,no
38285,26,641,1,no
12111,48,1401,3,no
12608,32,335,1,no
40790,71,13297,1,no
24517,56,0,1,no
35729,40,526,1,no
5017,38,1146,2,no
30828,28,-579,2,no
24725,58,2479,1,no
14442,55,541,3,no
36109,35,873,1,no
31050,22,33,1,yes
11238,55,0,2,no
14118,34,3814,2,no
44290,46,5511,2,yes
44164,26,2007,3,yes
9709,37,3574,1,no
16498,36,212,6,yes
27292,42,444,1,no
27099,53,1777,5,yes
34934,35,80,1,no
16378,25,99,2,no
38769,37,254,6,no
25314,51,974,1,no
42684,37,4803,2,yes
18921,44,810,1,no
42895,63,2,2,no
18576,58,18,1,no
15011,42,0,1,no
12373,21,820,2,no
15018,26,-11,3,yes
16414,43,62,3,no
20796,40,275,4,no
32530,28,378,1,no
16359,32,103,1,no
12844,35,63,2,no
28415,53,367,1,no
24322,58,7387,1,no
26827,31,314,3,yes
40740,47,0,2,no
128,34,-16,1,no
27064,33,695,1,no
34963,34,748,1,no
29420,36,774,2,no
38543,31,84,2,no
37607,32,159,1,no
1573,31,856,3,no
6658,24,8594,1,no
42656,35,0,7,yes
7119,42,1993,1,no
10360,44,1590,1,no
41275,34,745,1,no
24333,34,5827,2,no
29910,32,354,1,no
39636,28,0,1,no
42508,62,0,2,no
44838,35,151,1,no
24481,58,2747,2,no
30617,40,767,1,no
15275,34,39,3,no
25584,52,6286,1,no
39860,44,1954,1,yes
26831,41,650,3,yes
13109,38,-14,1,no
2679,44,9956,2,no
4978,37,3242,1,no
14596,43,348,3,no
30530,57,337,2,no
33737,41,942,1,yes
32938,32,28,1,no
4566,34,673,1,no
21702,33,18,18,no
31914,55,2408,2,no
44345,30,8,2,no
32080,34,395,8,no
36128,47,442,1,no
29679,32,41,4,no
22877,41,63,3,no
18645,49,11,8,no
13145,51,3604,1,no
15632,37,-1884,1,no
32212,67,2301,1,no
4407,36,806,1,no
44103,80,668,1,yes
10877,48,4961,1,no
3457,38,0,1,no
713,36,125,3,no
38949,47,179,1,no
9898,45,0,1,no
18177,36,0,6,no
30319,35,429,2,no
14895,48,-31,2,no
20536,30,1466,4,no
23932,33,-359,2,no
43200,34,5320,6,no
42162,55,12401,9,no
35379,50,5024,1,yes
36473,26,249,2,no
17929,53,93,2,no
18613,25,0,31,no
30475,33,1099,5,no
23824,33,452,2,no
21170,51,-892,2,no
14918,56,2629,2,no
31229,27,2033,2,no
22608,49,397,1,no
16805,33,791,2,no
33342,29,2378,1,no
34735,46,523,4,no
18238,29,345,13,no
18464,35,1662,2,no
1222,41,1715,1,no
23692,47,5,1,no
5039,31,428,1,no
19388,32,286,1,no
6680,35,1453,1,no
31020,38,0,3,no
23305,34,1057,10,no
39407,43,2145,1,yes
41020,30,499,2,no
35789,44,1343,2,no
40904,35,3636,1,no
16871,32,-220,2,no
24998,34,18777,1,no
29932,33,3,1,no
4912,30,546,1,no
22691,37,566,4,no
19762,51,507,2,no
40916,69,279,1,no
17396,35,1508,8,no
15854,57,177,4,no
36310,32,-84,1,no
43037,49,1830,1,yes
3177,50,2938,5,no
31230,54,602,2,yes
27787,37,-76,1,no
30701,41,0,4,no
2472,59,2376,1,no
27420,52,1065,2,no
33391,32,914,1,no
33843,60,2301,2,no
44770,52,1416,3,yes
41133,58,883,1,no
28498,32,2213,2,no
1456,27,417,2,no
34328,36,115,3,no
15032,35,0,5,no
22510,31,-201,4,no
26459,33,1434,1,no
27742,42,266,1,no
39210,34,-578,2,yes
16464,44,332,5,no
14712,33,0,6,no
11199,48,5173,8,no
43788,52,388,1,yes
10581,59,2722,1,no
24765,55,606,2,no
41816,48,1630,1,no
17785,41,91,3,no
18809,28,-42,4,no
29597,42,440,5,no
4462,36,412,1,no
16831,45,434,19,no
8388,43,-120,1,no
37489,34,113,2,no
10715,39,4166,3,no
23428,33,627,5,no
27157,31,804,2,no
3383,33,0,1,no
10081,27,555,9,no
8665,39,46,2,no
35146,26,1209,4,no
8689,49,387,5,no
17826,34,477,11,no
4321,57,8195,2,no
15218,26,5231,2,no
4223,51,824,2,no
20337,52,7742,3,no
40000,38,1442,1,no
22998,43,-166,2,no
645,43,0,2,no
41650,74,4286,1,no
37113,32,99,3,no
1202,36,157,1,no
16667,26,87,1,no
16163,32,663,3,no
39913,28,5215,1,no
23407,39,113,9,no
30904,30,15261,5,no
38235,27,484,1,no
8405,27,446,1,no
44355,22,1232,1,yes
2725,57,1352,2,no
19141,57,286,3,no
20966,48,732,2,no
31157,29,48,1,no
34513,39,579,4,no
2407,57,1052,4,no
29501,38,902,1,yes
34919,35,347,4,no
33988,54,0,3,no
5301,32,1883,1,no
31465,32,250,2,no
22199,34,5060,21,no
11216,58,0,2,no
37641,44,415,7,no
8899,37,6,9,no
5437,31,1611,2,no
32145,57,491,3,yes
5032,48,338,12,no
34577,33,12686,2,no
43031,29,1026,2,yes
8039,39,892,1,no
7347,38,1294,1,no
409,38,284,1,no
31351,30,739,2,no
7956,37,0,5,no
40074,40,17,1,no
39739,30,0,3,no
23678,45,240,4,no
17386,46,-204,15,no
28049,50,-70,2,no
24734,44,653,1,no
25384,45,-14,2,no
10773,50,0,3,no
34206,45,640,1,yes
10883,39,1191,1,no
36591,45,491,5,no
4351,38,91,9,no
33460,54,433,5,no
15986,37,0,1,no
19851,34,221,2,no
12305,40,0,2,no
30175,46,-191,3,no
9299,55,394,3,no
12158,43,1451,12,no
9537,58,52499,2,no
39445,38,110,1,no
21612,60,2149,4,no
5670,30,541,2,yes
6672,24,0,1,no
3656,53,1139,6,no
33019,32,923,4,no
39477,30,501,1,no
4870,31,1914,1,no
33061,33,-3,2,no
33863,28,104,1,no
33284,34,856,1,no
21740,57,81,3,no
2692,49,198,3,no
44470,35,-32,2,yes
16697,35,1001,2,no
8341,40,1960,6,yes
7923,29,0,12,yes
27396,32,11287,7,no
9290,47,3460,2,no
45011,86,1255,2,no
6685,34,-108,1,no
32839,54,641,1,no
23703,41,475,7,no
9654,38,1434,4,no
24317,48,32,2,no
12358,27,-413,6,yes
34986,35,1494,1,no
33089,42,732,1,no
38297,24,246,1,no
36997,29,154,6,no
28635,35,297,3,no
37793,47,3,15,no
20668,54,1037,4,no
14300,32,-230,2,no
23298,56,-1,23,no
27276,32,0,1,no
30290,29,767,1,no
34334,26,104,6,no
38847,32,33,1,no
18252,43,0,8,no
29885,27,77,1,no
4288,28,471,2,no
11966,43,-312,11,no
25166,39,173,2,no
8298,35,456,4,no
21440,34,0,16,no
12017,50,537,15,no
16052,26,1842,1,no
9165,36,130,2,no
19432,32,500,6,no
12235,47,0,2,no
27695,35,8883,3,no
9724,40,676,1,no
33380,32,2,3,no
12901,52,9444,3,no
27243,42,6080,3,no
17724,35,37,7,no
27669,53,173,2,no
27785,49,865,1,no
21485,31,0,2,no
27262,37,0,2,no
15201,53,-477,2,no
34827,53,380,1,no
31928,37,1590,5,no
22708,54,470,6,no
14464,31,0,4,no
39010,55,3917,1,yes
11811,56,665,2,no
15254,27,2323,1,no
42172,53,10541,1,yes
30182,36,277,2,no
33014,23,28,3,no
41598,34,417,2,no
41329,34,612,1,no
40603,45,106,1,no
16585,42,-14,2,no
35400,40,0,1,no
16167,36,286,9,no
18087,42,2374,2,no
32707,30,578,2,no
27352,39,1654,1,no
29395,37,318,1,no
44846,40,6403,2,yes
38829,36,145,2,no
6264,36,68,1,no
23480,39,-204,4,no
35546,36,-252,2,no
33479,43,5564,5,no
173,53,19,1,no
31517,36,0,1,no
32861,40,1802,1,no
11816,60,0,2,no
16159,26,238,3,no
44564,24,1719,4,no
6269,54,-288,2,no
7876,40,1538,2,no
19262,41,103,2,no
29183,40,543,2,no
38394,44,167,2,no
7607,60,2620,1,no
33706,32,462,1,no
15925,43,-496,3,no
17972,53,-440,33,no
33884,41,2767,1,no
35468,34,530,1,no
3449,46,1934,3,no
20334,32,1208,3,no
16254,34,0,1,no
11814,27,-48,2,no
4626,37,23867,3,no
13198,29,-478,2,no
27131,57,17118,1,no
41947,78,4807,4,yes
15122,59,-797,3,no
13341,55,859,1,no
11500,36,3972,1,no
39222,37,16,5,no
35675,38,0,1,no
12310,38,-140,3,no
34330,32,-148,3,no
11223,58,1274,7,no
16001,30,-346,1,no
29880,42,30,1,no
25828,56,33,1,no
29173,32,56,1,no
34364,34,315,4,no
30686,56,488,4,no
6858,40,557,1,no
8015,39,2763,2,yes
26670,32,5560,3,no
34612,43,-100,1,no
27018,48,7195,2,yes
42650,54,496,3,yes
26955,46,219,1,yes
22915,40,50,6,no
9398,40,-282,3,no
40018,33,16,1,no
41961,39,0,1,no
1616,32,264,2,no
35087,32,-166,3,no
24054,47,24556,1,no
6457,27,0,2,no
1852,41,184,2,no
27136,52,2289,1,no
40082,25,1871,1,yes
9938,57,3570,2,no
5982,44,3057,4,no
40918,43,2643,3,yes
20001,35,77,1,no
34597,42,0,1,no
22630,59,63,6,no
3998,26,-579,3,no
3398,41,-204,7,no
24836,42,257,2,no
6411,34,279,1,no
25892,53,6839,1,no
40896,35,2088,1,no
25095,36,149,2,no
990,36,91,2,no
35060,29,486,1,no
3695,45,-257,2,no
31788,36,1094,1,no
34005,32,696,2,no
2394,28,296,1,no
31261,59,8674,1,no
9982,37,427,3,no
17680,34,475,8,no
29465,68,250,1,yes
15485,47,-767,3,no
22883,30,420,3,no
27827,26,78,1,no
30765,46,1251,2,no
17456,50,133,4,yes
32349,27,274,2,no
18026,59,3831,4,no
30510,44,1451,7,no
30722,34,347,2,no
7165,56,249,2,yes
33102,30,138,1,no
43326,35,304,1,yes
20049,51,257,4,no
895,29,56,1,no
44381,33,7154,4,no
11001,43,1354,2,no
2904,46,1429,1,no
8311,41,-106,3,no
41105,77,0,1,yes
10453,52,-336,8,no
16540,28,1,4,no
13416,52,3440,1,no
21341,54,0,2,no
16099,50,2013,1,no
9840,54,0,1,no
1088,30,309,2,yes
44138,29,102,1,no
1371,28,785,2,yes
37080,33,1905,1,no
11244,53,235,3,no
31389,41,158,2,no
42240,72,4130,1,no
10918,51,1382,1,no
15081,27,65,1,no
39542,32,2340,1,no
8046,34,3487,1,no
29360,49,466,3,no
27986,55,3207,2,no
1216,46,45,1,no
5826,39,519,1,no
347,45,44,4,no
27536,52,4493,3,no
9397,38,3823,5,no
4419,35,274,1,no
29225,42,0,1,no
22225,40,700,6,no
24788,45,7108,1,no
40626,46,242,2,yes
17079,44,111,3,no
16931,42,5,2,no
37085,48,1394,10,no
38711,43,46,7,no
36264,33,2366,1,no
23049,59,2,2,no
26011,43,388,2,no
19856,55,6880,2,no
12261,43,149,2,yes
1232,27,181,2,no
39655,24,1234,2,no
4938,32,0,2,no
28567,48,101,2,no
21483,48,2214,7,no
26095,50,5296,7,no
31603,47,-521,2,no
21961,47,275,4,no
5811,48,569,1,no
10944,37,926,2,no
44997,75,1092,1,no
39140,36,-73,8,no
17437,56,4763,6,no
25945,48,1175,1,no
22383,46,-44,13,no
12914,39,27,1,no
40063,33,154,2,no
35742,43,489,1,no
43177,28,-46,1,yes
20319,30,2784,1,no
24518,54,2719,2,no
37817,52,482,4,no
37658,47,417,1,no
12557,44,222,1,no
15297,31,98,2,no
41544,72,17739,4,no
23007,59,0,2,no
14857,45,96,1,no
3809,29,105,1,no
10415,35,0,2,no
32035,31,609,1,no
41897,61,1541,1,no
5529,39,3643,3,no
37822,35,422,1,no
35457,45,54,1,no
20016,31,10088,6,no
35265,42,1435,1,yes
41340,62,13,1,no
37013,40,964,3,no
18431,31,-82,31,no
16042,50,-1,1,no
1165,30,442,2,no
2279,53,6386,8,no
29226,31,630,2,no
39611,31,2196,2,no
17040,29,158,2,no
20395,45,6753,9,no
4107,55,283,1,no
24058,34,882,1,no
32000,33,215,1,no
11528,55,868,1,no
10920,48,1437,2,no
37656,43,688,3,no
25117,30,460,1,no
2187,27,118,1,no
26311,45,96,1,no
10215,37,108,6,no
15393,41,138,3,yes
28623,31,10,3,no
43358,58,307,2,no
1061,46,442,2,no
5125,32,1756,3,no
16743,37,7612,4,no
39926,28,4987,2,yes
13475,49,0,1,yes
21746,47,497,3,no
19384,37,2401,7,no
18217,43,378,8,yes
6608,39,1427,1,no
134,55,802,2,no
30881,57,105,4,no
34649,50,716,2,no
9560,49,4830,1,no
20137,30,7513,2,no
12996,57,-40,1,no
28108,55,1161,2,no
24129,26,4683,1,no
34304,35,93,2,no
30439,33,56,2,no
25628,46,2421,1,yes
10063,44,13893,2,no
14554,50,-731,4,no
40279,27,20585,1,yes
37114,43,800,1,yes
33080,50,663,3,no
17522,56,467,8,no
25805,36,774,2,no
44706,38,1649,2,no
21213,52,576,3,yes
32167,47,2290,1,no
8467,34,6141,1,no
5260,33,392,1,no
8738,54,215,5,no
4121,37,398,1,no
12120,54,1033,3,no
39890,42,1376,2,yes
31283,23,1506,4,yes
23257,46,0,2,no
21150,60,3387,2,no
10449,50,1765,2,no
18170,48,305,3,no
16870,38,21,4,no
20444,30,220,2,no
12657,61,-492,1,no
40836,58,1013,1,yes
35408,32,489,2,no
380,55,224,1,no
5864,38,791,2,no
15453,39,738,3,no
5253,29,751,2,no
13402,28,150,2,no
43023,36,2843,1,no
40991,28,231,1,no
6813,38,61,5,no
8218,40,90,4,no
45191,32,136,1,yes
32385,44,2422,2,no
37909,35,246,2,no
33607,38,511,2,no
17312,46,-216,3,no
12152,33,-111,3,no
25812,46,1322,1,no
9839,45,-322,2,no
5283,34,84,1,no
22799,35,-995,4,no
1677,46,288,1,no
7474,39,0,5,no
14949,54,0,5,no
19894,38,1788,2,no
32095,57,1877,4,no
5690,48,238,2,no
36237,36,0,1,no
36607,50,173,5,no
5972,27,953,2,no
26541,51,575,1,no
18402,59,595,7,no
29480,33,390,1,no
19070,59,1541,1,no
28753,47,2500,1,no
4065,46,1497,6,no
29414,36,528,2,no
40901,58,1299,1,no
44760,28,1595,1,yes
19393,45,140,3,no
35335,58,2745,1,no
45173,30,2325,1,no
38523,31,2734,3,yes
18748,60,935,17,no
39399,31,658,1,no
42540,49,905,7,no
21896,33,0,4,no
2627,31,106,13,no
3911,29,782,1,no
9551,30,3653,4,no
6083,37,35,6,no
28169,47,1425,1,no
5346,36,520,2,no
38623,29,-349,4,no
25668,34,2311,1,no
10044,49,55,4,no
31276,30,2539,5,yes
33193,32,474,1,no
28582,33,56,4,no
15045,36,0,1,no
25574,39,3494,1,no
6396,58,-37,2,no
24514,38,0,2,no
34049,31,2915,1,no
39099,34,6013,1,yes
41032,29,453,2,no
41951,55,0,1,no
39884,56,935,1,no
44939,47,3232,1,no
42104,39,508,3,no
21028,36,306,2,no
33461,33,6807,1,yes
9877,36,669,1,no
9526,52,1956,2,no
11301,53,694,6,no
9073,46,743,2,no
20229,57,2785,4,yes
7901,51,1069,2,no
7342,33,254,13,no
18286,37,417,5,no
2406,55,39,1,no
31371,41,-675,4,yes
32325,42,1598,2,yes
38936,31,255,1,no
33507,33,4790,1,no
8212,47,60,7,no
2493,44,6203,1,no
28154,36,-290,1,no
18218,53,2047,6,no
36480,33,-253,3,no
9050,58,853,2,yes
41761,30,1646,3,no
44373,65,300,2,no
36243,36,1615,1,no
15562,48,1152,5,no
10354,36,753,1,no
2415,28,-185,1,no
28034,42,429,2,no
28658,29,1218,2,no
25149,34,11,1,no
9536,58,935,2,no
39644,60,3461,2,no
13695,56,1560,1,no
5276,35,394,1,no
21470,45,2359,7,no
25900,33,1998,1,no
26508,44,3812,2,no
28713,26,3154,3,no
7145,43,5172,3,no
35043,35,355,2,no
16484,59,1449,2,no
30846,36,106,5,no
16426,43,1387,2,no
38911,44,343,7,no
38143,60,496,2,yes
16732,57,-64,1,no
21127,49,0,4,no
29055,34,186,1,no
14959,27,119,2,yes
33656,38,7303,6,no
20686,44,781,5,no
17632,42,2193,2,no
23336,49,24,3,no
21122,32,2349,5,no
9065,47,421,1,no
21460,58,451,5,no
8024,31,1358,1,no
8687,34,654,14,no
15898,51,907,3,no
2541,26,8,2,no
43823,29,8103,3,yes
44657,63,367,1,no
7515,45,561,7,no
33791,28,4099,4,yes
36226,40,0,1,no
42672,64,768,1,yes
18122,58,-1598,7,no
28840,36,133,3,no
17915,52,698,2,no
6526,39,169,2,no
15775,35,2123,3,no
8545,34,340,28,no
30156,28,0,8,no
43599,30,4328,3,yes
43344,72,4657,1,yes
24679,56,3337,3,no
17123,33,-74,4,no
36912,43,245,4,no
1569,52,-17,3,no
19893,34,1076,2,no
38644,25,366,2,no
17110,36,345,2,no
42313,37,197,1,yes
34406,55,233,2,no
37072,38,-87,1,no
8514,44,1588,15,no
35317,57,779,1,no
9675,40,1953,5,no
28529,30,24,2,no
40903,55,113,1,yes
27306,33,3269,1,no
2968,37,0,14,no
19891,31,1015,2,no
25165,41,6000,1,no
36474,34,4714,2,no
35310,44,4031,4,yes
28746,50,0,1,no
40177,25,1693,2,no
6353,33,220,1,no
11645,53,208,15,no
30037,28,725,2,no
15309,31,202,1,no
21713,56,0,1,no
11192,38,889,1,no
28163,48,133,1,no
34998,29,79,1,no
1673,34,-322,1,no
39059,32,3950,1,no
11959,52,64,5,no
14601,53,4143,3,no
33416,37,2317,1,no
2547,57,3571,2,no
20350,47,24,3,no
22397,31,10215,2,no
29148,41,-224,2,no
6957,58,255,3,no
9150,48,0,1,no
22023,37,247,6,yes
29988,29,53,1,no
17244,48,0,5,no
14855,57,975,1,no
7826,27,106,5,no
21851,32,2802,2,no
41698,26,125,1,no
20899,33,3,3,no
42841,56,1989,2,yes
31796,68,1759,1,no
44173,30,1112,3,no
2537,34,2,2,no
41568,20,29,2,no
3589,40,1231,2,no
29103,36,50,1,no
36261,38,154,1,no
21974,51,397,2,no
1938,29,608,2,no
20988,40,4610,2,no
14453,47,1875,3,no
550,56,473,1,no
1975,41,156,5,no
18924,51,2430,2,no
26512,33,557,1,no
1731,43,443,1,no
15082,25,453,1,no
38667,34,-297,4,no
27712,50,797,3,no
16731,33,930,2,no
5916,59,-247,1,no
26603,37,1624,2,no
42040,55,13578,2,no
17709,27,36,4,no
10466,29,573,4,no
16282,39,1508,1,no
20941,40,163,7,no
13016,25,-55,1,no
4646,40,486,8,no
44291,37,387,2,no
4679,32,196,6,no
39972,23,4545,1,no
15342,47,26,3,no
32866,34,879,1,yes
10889,35,507,6,no
38094,33,101,2,no
40887,61,2,1,yes
29653,34,586,5,no
26984,31,2198,2,no
42509,56,393,1,no
18037,44,51,4,no
12339,22,-295,2,no
39469,35,2988,1,no
11991,45,625,3,no
43258,44,282,2,yes
40317,22,1161,1,no
5653,50,199,1,no
34936,45,115,1,no
26143,40,6767,2,no
27890,42,578,1,no
19350,56,334,2,no
2943,52,618,2,no
30740,38,569,2,no
346,53,18,2,no
30147,36,110,1,no
31393,46,-130,2,yes
14613,47,683,12,no
41369,30,201,1,yes
23956,49,0,17,no
18628,45,847,3,no
38570,38,5774,4,yes
42364,38,6728,1,yes
25579,37,804,1,no
19023,59,1634,1,yes
12384,56,382,2,no
25024,33,1529,1,no
33727,30,1527,7,no
40200,46,3434,2,yes
10313,35,0,1,no
9335,41,-140,1,no
28844,56,1454,1,no
30585,52,4873,6,no
22784,46,-3,4,no
18760,54,1197,5,no
14443,50,2406,5,no
15114,39,0,1,no
6148,45,-302,1,no
37634,52,1135,1,no
43940,38,1630,3,no
26243,31,481,2,no
19601,51,15904,4,no
29136,31,5,1,no
30045,32,201,3,no
13015,25,3,1,no
4666,31,1787,4,no
2196,31,985,2,no
8291,27,1,8,no
3747,41,0,4,no
21753,53,2013,14,no
40300,37,189,2,yes
24758,36,15,2,no
30905,45,52,3,no
7689,40,-105,2,no
8583,35,0,3,no
31896,35,63,1,no
32291,34,1534,1,no
18118,35,0,3,no
28160,37,86,1,no
41942,32,643,1,no
22938,35,5535,15,no
23437,30,849,4,no
41446,32,2667,2,no
1756,34,354,1,no
23164,39,373,4,no
20205,34,259,2,no
2502,44,476,1,no
13020,49,4140,4,no
27671,57,4664,4,no
6292,29,715,1,no
10546,51,924,3,no
36370,37,622,1,no
20666,54,479,3,no
26107,49,0,2,no
19737,34,5334,4,no
25022,39,267,1,no
21057,54,345,6,no
27812,44,983,1,no
36145,35,240,2,no
20825,31,156,7,yes
22997,36,4644,12,no
23518,54,0,2,no
12234,45,736,2,no
6976,31,44,2,no
7786,42,4791,2,no
29373,35,287,3,no
38914,42,429,1,no
34772,24,1857,4,no
3487,47,10399,2,no
12822,28,909,1,yes
21452,44,366,12,no
15357,31,3142,1,no
41380,62,816,2,no
7250,47,7985,1,no
21179,58,584,3,no
28462,31,1015,1,no
35731,48,5078,1,no
19848,33,671,2,no
10862,37,1116,1,no
5461,37,603,2,no
35630,43,9,3,no
4681,38,273,2,no
36257,39,-106,2,no
12706,56,409,6,no
39899,51,4920,2,no
23042,60,11,10,no
43734,27,39,1,yes
16477,39,694,5,no
9331,32,21,15,no
42029,27,390,1,no
45120,47,1210,1,yes
4377,49,459,10,no
33772,53,1958,4,no
37980,40,8536,2,no
40553,24,9883,5,yes
39075,30,163,1,no
4331,45,9051,63,no
42142,62,2,1,yes
15770,31,1890,1,no
29639,62,3685,3,no
22965,34,436,2,no
12010,45,655,3,yes
16502,31,1014,4,no
11061,46,25,2,no
33110,34,2076,1,no
10631,50,887,1,no
41867,74,4079,3,yes
36904,28,159,2,no
32492,31,-170,1,no
36511,58,502,2,no
44634,65,1840,2,no
38278,30,413,1,no
38074,43,7973,2,no
44680,43,4945,3,yes
15182,54,-1818,2,no
26483,49,2143,3,no
38524,29,-114,2,no
389,56,830,1,yes
30567,26,116,2,no
24630,55,653,2,no
36535,34,165,1,no
40513,65,820,1,no
23910,39,36,2,no
41911,46,1693,1,yes
31244,56,281,2,yes
32347,38,614,2,no
14157,39,0,2,no
4451,32,93,2,no
138,43,0,1,no
37801,58,28318,2,no
1345,50,389,1,no
17320,47,20,5,no
23084,35,231,6,no
8019,46,3696,2,no
37294,30,341,1,no
5518,54,-239,1,no
12051,36,682,10,no
14700,39,1388,5,no
4144,32,1879,1,no
10582,46,6215,1,no
26186,39,5562,3,no
30079,56,856,4,no
11377,51,107,1,no
30468,55,956,4,no
7294,37,672,2,no
28591,28,203,3,no
8988,51,119,2,no
36679,34,151,1,yes
30214,38,1819,3,no
28632,26,211,3,no
5266,31,714,1,no
40675,74,7819,3,no
40488,34,-74,2,no
22753,34,11126,4,no
16493,51,0,3,no
1278,52,291,1,no
35261,39,3,1,no
33425,30,262,4,no
32735,38,165,1,yes
22898,54,1331,9,no
820,30,3,1,no
47,58,-364,1,no
20990,35,688,2,no
17793,42,826,3,no
26704,31,3052,2,no
32798,37,3977,1,no
15559,44,4842,4,no
8868,26,128,2,no
28714,34,975,2,no
21037,34,2205,2,no
31289,29,676,2,no
24234,50,4278,1,no
604,56,5,2,no
32418,32,5511,2,no
7103,45,31,1,no
5394,37,-332,2,no
30742,27,116,2,no
27331,41,39,2,yes
16675,31,-806,3,no
1066,41,72,3,no
2665,40,598,11,no
44728,31,1570,4,no
37311,55,276,1,no
10153,56,558,1,no
25873,55,540,2,no
1611,29,473,2,no
223,35,-69,1,no
27805,42,823,1,no
29230,38,1308,1,yes
19372,46,248,2,no
1945,31,68,2,no
18675,37,67,3,no
4990,37,547,1,no
21110,45,0,2,no
38783,26,141,4,no
18185,51,-437,3,no
9993,38,3289,2,no
18674,51,1990,5,no
28830,40,693,1,no
398,38,1,1,no
17968,51,1193,2,no
35993,26,354,5,no
2130,27,1,1,no
38844,33,7,1,no
36163,47,71,1,no
29684,57,192,4,no
6568,38,2849,3,no
39429,30,999,3,no
6485,34,3723,5,no
16928,29,5698,1,no
3505,48,0,2,no
10623,36,317,1,no
26574,51,7928,1,no
21800,52,264,8,no
4937,37,2032,2,no
2640,44,1340,1,no
23091,30,7,4,no
25867,30,2592,1,no
41626,80,2954,1,no
27689,38,1063,5,no
26306,51,500,6,no
27876,46,194,1,no
20744,39,28433,2,no
15969,33,85,2,no
19656,61,746,4,no
13014,36,-308,11,no
28656,29,-346,2,no
38606,60,14,4,no
8668,23,4084,7,no
8283,31,4040,2,no
34844,39,854,1,no
4005,35,568,2,no
43642,37,88,1,yes
16605,49,10350,1,no
40990,37,8066,1,no
42446,30,1681,2,yes
26693,40,2574,1,no
36827,36,75,2,no
25929,43,4844,1,no
6523,45,0,2,no
12561,57,47,1,no
29555,34,1295,1,no
30774,35,547,2,no
16114,50,34,2,no
32344,35,0,1,no
42224,28,3,2,no
42059,47,551,1,yes
11789,36,1355,8,no
36740,44,492,1,no
16727,43,0,12,no
20180,50,235,2,no
34184,37,6101,5,no
2457,59,5521,1,no
29633,34,99,2,no
15416,30,10,2,yes
41365,38,748,3,no
4813,35,0,1,no
10423,38,-363,2,no
33021,42,1673,3,yes
34404,46,148,4,no
14429,53,118,3,no
22068,40,-432,3,no
14470,36,1580,3,no
39412,36,332,7,no
34848,48,0,1,no
20791,38,3452,2,no
3395,46,1038,3,no
5804,37,125,2,yes
23652,52,1645,1,no
6975,56,442,3,no
28393,29,1258,1,no
23379,50,0,7,no
20886,36,114,1,no
17809,47,8106,3,no
12182,40,260,6,no
2221,37,454,1,no
42744,48,1180,1,yes
14266,41,201,8,no
28779,46,332,4,no
39423,32,23,2,no
28260,35,1385,1,no
14439,31,0,2,no
35433,23,231,3,no
12565,33,114,1,yes
21455,32,1966,3,no
17824,42,1508,3,no
30072,30,6825,2,no
27233,45,256,2,no
38382,55,1078,1,no
27194,36,3537,2,no
17278,48,917,5,no
16997,39,1444,8,yes
7248,50,7098,1,no
11073,24,2355,3,no
4506,37,398,1,no
34688,43,305,2,no
27918,28,264,1,no
33354,44,-43,1,no
13515,29,0,3,yes
7166,42,-972,1,no
39306,32,902,7,no
12236,57,274,3,no
25027,31,2603,1,no
30368,60,6684,1,no
29243,29,642,3,no
28861,28,442,2,no
6771,51,511,2,no
21441,33,12177,5,no
44945,24,368,2,no
43600,37,4017,2,yes
43971,59,5397,3,yes
9585,37,287,2,no
13842,56,1674,1,no
25111,49,1093,1,no
43051,28,1562,4,yes
24560,38,1012,1,no
17221,39,278,3,no
7187,51,-178,1,no
7600,46,1227,1,no
37643,38,66,1,no
30558,47,2,2,no
27311,32,253,1,no
30788,32,1879,8,yes
34613,33,415,1,no
7699,39,123,1,no
16373,41,1355,2,no
2976,31,303,1,no
4468,35,440,1,no
18467,52,668,4,no
29745,38,351,1,no
23899,60,219,2,no
34225,40,-388,3,no
29790,45,28,1,no
21418,52,2977,5,no
24003,33,125,2,no
36212,48,1080,2,no
14846,26,-188,1,no
38901,29,534,1,no
12149,37,-475,5,no
384,43,350,1,no
4086,33,0,2,no
38601,36,3551,9,no
20808,35,2453,2,no
33566,36,162,2,no
41925,57,375,1,yes
6563,36,8326,4,no
33887,58,1425,1,yes
14062,40,-83,2,no
45159,34,2321,2,no
24351,59,0,2,no
268,39,-349,2,no
34559,28,0,2,no
26761,33,2360,1,no
41704,57,854,1,yes
1153,35,788,3,no
35048,52,-334,2,no
1193,33,-81,1,no
39834,34,690,2,no
14413,52,279,3,no
25473,46,138,1,no
21400,46,473,4,no
20034,43,3003,3,no
41451,48,606,3,no
36327,38,2064,1,no
39827,27,1840,1,yes
42925,65,343,2,no
24394,51,0,1,no
41095,32,8023,1,no
37000,31,253,5,no
3380,60,79,1,no
11697,56,770,3,no
34996,29,305,2,no
16573,56,582,4,no
30560,32,158,4,no
13375,58,941,1,no
38096,30,317,3,no
32654,30,2,2,no
19389,47,324,1,no
18922,47,1452,2,no
36776,35,10,1,no
4294,27,1022,2,no
8732,24,-389,1,yes
23235,41,24,8,no
28102,35,-257,3,no
43387,47,288,1,yes
13125,25,1923,1,no
12990,31,-367,2,no
35398,32,-219,6,no
35125,31,-692,2,no
41388,82,103,1,no
32053,43,1159,2,no
17684,34,5284,5,no
40764,61,52587,1,yes
25669,31,849,1,no
17591,59,3390,2,no
12293,47,-468,1,no
15160,52,336,7,no
39748,32,604,3,no
6233,34,-139,2,no
33107,31,2289,1,no
29463,54,2749,2,no
18827,47,0,1,no
31681,35,744,1,no
273,57,1078,4,no
43541,31,3160,2,yes
10509,38,1627,9,yes
12139,50,901,6,no
814,29,0,2,no
28789,40,628,1,no
18144,31,-174,10,no
6196,34,256,2,no
7629,50,992,1,no
41208,61,967,1,no
4085,44,-848,1,no
33137,35,43,1,yes
13129,29,50,2,no
34640,47,769,1,no
40799,42,1559,1,no
27687,32,0,6,no
21167,46,0,8,no
13207,45,3493,1,no
1418,32,1,1,no
18182,59,123,6,no
17872,51,3560,6,no
42765,33,373,3,no
26665,44,3060,1,no
29092,32,6857,1,no
26188,31,713,1,no
35033,31,0,3,no
9060,55,1218,1,no
18944,47,194,1,no
31120,68,445,1,yes
35013,34,842,2,no
15552,44,6,2,no
3342,42,3405,2,no
25890,34,4958,1,no
34092,52,1319,2,no
35407,55,728,1,no
10803,47,3287,1,no
8904,30,4787,2,no
10799,39,1564,1,no
5551,33,-346,3,no
40540,52,1113,1,no
39176,47,-1730,3,no
43076,53,4807,3,no
36522,34,2,5,no
24923,34,1494,1,yes
16276,49,206,2,no
23495,33,264,4,no
25435,56,839,1,no
10671,37,12581,4,no
33892,48,344,1,no
31644,59,135,1,no
38748,34,-303,5,no
28353,56,84,2,no
34947,48,586,2,no
42961,32,1527,1,no
19008,30,1908,1,no
25030,40,326,1,no
3691,32,0,1,no
44875,36,17458,2,no
8887,44,-165,2,no
19358,59,638,2,no
22816,48,558,6,no
40332,24,987,4,no
28324,35,645,1,no
22377,44,0,2,no
30376,45,33,1,no
29599,38,655,3,no
1687,25,131,1,no
19547,30,-232,2,no
25708,30,2284,1,no
39147,41,1387,2,no
9221,45,1550,6,no
30459,40,665,3,no
12709,46,312,2,no
14015,40,352,1,no
30460,33,1,8,no
19273,50,1412,3,no
28543,48,657,2,no
40368,78,1016,1,no
25717,59,935,3,no
540,34,-144,2,no
31536,53,1409,1,no
43551,34,115,3,no
2686,53,599,3,no
45164,71,2064,2,no
538,45,-66,2,no
3814,30,299,17,no
12312,41,381,4,no
44894,81,949,2,yes
38919,33,-320,2,no
10661,35,4698,1,no
34369,32,202,5,no
4729,34,50,2,no
1007,40,-4,1,no
3230,57,3381,1,no
39284,51,636,6,no
20664,48,1355,7,no
40565,19,103,2,yes
27020,30,376,1,yes
4535,36,221,1,no
35925,38,566,2,no
25037,38,-288,1,no
8441,37,1534,4,no
19464,42,-323,2,no
38877,26,-130,1,no
15242,56,171,2,no
11343,57,4148,3,no
23752,30,1286,12,no
26684,52,3469,1,yes
43238,51,2635,2,no
24641,50,1241,2,no
19567,42,441,9,no
33304,57,2961,2,no
8114,32,1242,3,no
43646,60,182,1,no
39036,43,43,1,no
38845,22,344,1,yes
23030,31,798,10,no
39425,42,5310,2,yes
11792,38,1005,12,no
9703,39,1170,1,no
15952,46,942,2,no
13033,29,210,1,no
39984,34,3402,2,no
44880,30,655,4,yes
36483,29,0,2,no
6721,25,1966,1,no
5465,33,17455,4,no
10262,44,1454,2,no
37340,35,546,2,no
41072,33,271,2,yes
7997,29,291,3,no
36260,32,-23,1,no
26242,52,2708,1,no
33705,35,704,1,yes
44123,29,2229,1,no
35876,33,891,2,yes
5333,37,1379,3,no
19650,31,754,2,no
12746,43,27,4,no
3778,30,-306,1,no
33609,31,667,5,no
8810,26,581,3,no
31613,43,20,2,no
27490,36,6385,2,no
30301,26,101,1,yes
36309,35,0,1,no
22412,36,0,2,no
14045,38,1932,1,no
13638,37,512,4,no
30938,27,154,5,no
40390,80,3669,1,no
14357,37,41,3,no
25674,54,4475,1,no
42129,37,238,1,yes
9125,42,865,1,no
42174,24,235,1,yes
37180,27,268,1,no
30466,48,500,1,no
14730,35,0,5,no
18428,40,3165,2,no
6966,42,1134,3,no
21419,56,324,5,no
9845,55,776,1,no
25986,56,7396,2,no
32441,34,2720,2,no
14114,42,645,2,no
30976,31,153,3,no
35244,28,251,1,no
39633,53,655,2,no
39296,32,580,4,no
4231,51,467,1,no
32728,33,5,2,yes
23767,43,946,1,no
9500,53,480,2,yes
3358,42,-181,3,no
18660,52,0,3,no
13701,34,-319,4,no
34983,44,-225,2,no
16659,52,117,2,no
37859,55,1126,1,no
8277,31,2198,2,no
21642,39,-401,4,no
631,56,4246,2,no
26545,36,2032,1,yes
16791,54,1544,3,no
43364,39,393,1,yes
19574,58,641,2,no
38313,24,388,2,no
45088,31,845,2,no
35558,43,37,2,no
12582,57,253,3,no
1922,31,216,1,no
21240,40,193,6,no
41410,36,86,1,no
26245,51,2404,1,no
13331,26,158,4,no
9383,28,-156,5,no
24453,35,0,1,no
14491,34,0,4,no
30193,37,57,1,yes
26472,45,5769,3,no
3965,39,-388,2,no
2856,41,-68,2,no
6627,26,6840,2,yes
29486,27,1088,1,no
13792,30,211,1,no
28032,41,0,2,no
10199,36,336,7,no
41190,27,11862,1,yes
31865,54,546,1,no
17596,34,0,3,no
43740,33,2364,1,yes
22501,34,10,5,no
20738,32,34646,9,yes
31609,50,101,2,no
31181,25,1231,5,yes
15206,26,10005,2,no
11539,39,6495,3,no
13086,36,128,1,no
34723,56,505,1,no
11374,50,306,1,no
44857,26,1027,1,yes
26333,40,70,1,no
20815,58,0,4,yes
15221,42,301,2,yes
1528,36,504,2,no
13955,52,-517,1,no
8036,38,3249,1,no
14799,42,422,1,no
17760,48,1893,3,no
38796,29,9,5,no
33182,35,1924,1,no
4745,32,514,2,no
3611,42,2519,4,no
30151,40,6915,2,no
35628,44,135,3,no
31574,54,1150,1,no
11205,60,3,1,no
15489,25,51,4,no
22472,36,1898,4,no
21669,31,0,4,no
13640,32,57,2,no
9090,28,25,2,no
8881,29,130,2,no
19069,53,257,1,no
17609,53,4675,4,no
43182,38,91,1,yes
41943,29,123,1,yes
25132,34,2320,1,no
36363,45,462,2,no
33818,30,5836,2,no
13618,31,203,1,no
14944,41,2249,5,no
24373,49,6493,1,no
17266,48,-160,3,no
6240,30,-269,2,no
43151,30,48,1,yes
20260,51,0,2,no
16847,34,0,3,no
39490,31,117,1,no
30780,27,13,5,no
18872,46,783,1,no
10602,44,2351,2,no
2765,35,692,2,no
37741,46,431,4,no
31493,19,779,4,yes
34777,35,0,3,no
9027,55,282,2,no
28593,37,1120,3,no
32479,52,208,2,no
11449,41,3622,4,yes
34117,30,4389,6,no
7575,43,1559,1,no
18888,55,4493,1,no
44093,48,159,1,yes
7743,27,1341,2,no
11243,47,2443,1,no
19971,41,2300,6,no
41599,23,780,1,no
12886,57,-37,1,no
22544,36,433,3,no
16942,35,48,1,no
18766,46,4917,2,no
7994,48,323,2,no
43142,25,94,1,no
3571,30,271,1,no
6157,33,-1040,1,no
5712,34,241,1,no
25046,50,155,1,no
16824,37,0,6,no
27649,45,1971,3,no
17017,43,1424,3,no
44841,35,1120,1,no
36297,32,-616,1,no
32737,35,397,1,yes
28117,37,695,1,no
737,40,-7,2,no
27058,49,512,1,no
24361,41,-198,1,no
19275,52,1364,2,no
38814,31,1447,3,no
26001,35,376,4,no
37001,30,1352,4,no
35640,33,245,3,no
33796,28,1374,4,yes
10125,45,409,1,no
10187,38,464,2,no
37804,31,23,1,no
43565,30,915,1,yes
10813,57,7938,1,no
20232,30,671,2,no
23967,35,910,14,no
14590,53,0,4,no
25336,34,47,2,no
842,31,1415,1,no
38391,29,405,1,no
14628,32,217,5,no
22655,36,591,5,no
42204,47,0,1,yes
36848,35,194,3,no
6505,20,556,10,no
35357,40,1001,1,no
26369,38,215,1,no
3919,42,314,2,no
33084,39,1340,3,no
13333,27,-151,2,no
34060,23,314,1,no
28026,42,399,2,no
23702,38,0,12,no
4221,55,978,1,no
2546,37,175,6,yes
1483,37,48,2,no
18267,58,0,4,no
32828,32,391,1,no
18987,58,9683,2,no
17698,33,0,6,yes
41271,64,17875,1,no
10124,37,463,1,no
12617,35,0,3,no
11923,56,0,10,no
18684,33,608,4,no
27436,47,7708,5,no
38358,24,91,2,no
26969,41,1982,1,yes
4541,42,1059,2,no
2951,41,-198,1,no
7511,25,172,3,no
6805,33,7063,9,no
7835,27,430,3,no
43443,26,1646,4,yes
33762,34,0,1,no
34460,53,2894,1,no
17035,27,1359,1,no
34591,43,1133,1,no
30201,35,440,1,no
4497,33,2,1,no
45121,32,1547,1,yes
35344,29,2891,1,no
20541,48,148,2,no
22426,35,19,2,no
25083,33,454,1,no
30859,37,1290,2,no
30797,47,1279,2,no
41452,64,1644,4,yes
28508,32,317,2,no
32640,41,1010,1,no
32929,31,1207,2,no
1498,47,205,2,no
42950,53,1228,2,no
18555,40,488,4,no
3015,42,737,2,no
8635,36,27359,2,no
23330,37,39,3,no
34292,35,520,3,yes
763,57,402,3,no
39241,31,512,2,no
27285,32,1613,5,no
43815,60,162,1,no
27062,30,48,1,no
23630,40,84,8,no
1281,46,152,4,no
22090,51,-3,2,no
16179,31,322,3,no
31984,39,201,3,no
28642,37,-70,2,no
424,40,0,1,no
22009,47,1717,9,no
42467,41,1077,3,yes
16265,57,19,1,no
2105,47,304,1,no
2293,58,146,6,no
12354,47,0,8,no
36407,59,0,2,no
25019,31,32,4,no
25537,35,2801,2,no
2974,44,1944,5,no
23973,52,0,2,no
15266,31,71,2,no
37049,31,397,1,no
43363,60,2060,1,no
26176,31,461,1,no
25455,41,171,1,no
13071,34,191,1,no
38750,47,159,6,no
20349,31,762,3,no
15807,44,1037,1,no
1978,38,138,3,no
22207,31,28,2,no
35212,43,24,4,no
6046,55,39,5,no
2865,54,11,2,no
18786,56,2163,3,no
19663,31,53,3,no
36162,24,4500,2,yes
12080,49,-106,13,no
13850,38,219,1,no
34756,27,710,1,yes
20921,51,427,8,no
37879,52,633,1,no
23255,57,63,2,no
23710,39,295,2,no
36908,59,145,2,yes
9364,36,992,1,no
16398,40,111,1,no
35305,44,78,1,no
20083,46,1297,3,yes
43283,46,640,1,yes
11470,56,771,1,no
32393,32,5,2,no
40419,32,1411,1,no
1839,51,22,1,no
41166,25,3411,2,yes
2342,26,101,1,no
15866,45,-406,2,no
8185,52,19797,3,no
9351,39,401,1,no
34987,44,1872,1,no
13487,34,0,1,no
5528,33,0,3,no
26826,44,53,4,no
41045,29,486,1,no
8471,33,334,1,no
36811,47,668,1,no
8874,52,510,1,no
2928,43,16,2,no
18246,41,1500,6,no
3314,42,666,3,no
18198,56,1939,3,no
31773,35,126,1,no
41515,51,1416,1,yes
42514,57,2986,2,yes
17363,40,1616,7,yes
27036,44,3959,1,no
14885,32,219,1,no
15491,31,24,2,no
44327,29,135,4,no
26392,34,262,1,no
35728,40,-163,1,no
3428,30,1534,1,no
27215,37,11,1,no
18854,35,211,1,no
9684,40,3234,1,no
32362,53,-2,2,no
7396,52,963,2,no
1459,35,398,1,no
575,54,193,1,no
35536,55,1,2,no
22940,41,2251,9,no
9621,36,0,1,no
36911,45,677,3,no
31752,51,984,4,no
28066,55,1470,2,no
32958,40,96,2,no
17767,52,247,6,no
18608,43,186,21,no
41175,30,5359,1,yes
29131,35,723,1,no
12094,50,536,3,no
35746,36,0,1,no
12262,46,1400,2,no
23641,31,0,16,no
876,32,473,2,no
13941,59,0,1,no
40325,26,2363,2,no
6070,46,1,3,no
34043,38,0,1,no
17296,36,-1629,2,no
28552,49,518,2,yes
31202,42,1376,4,yes
28261,36,0,1,no
42489,19,526,3,no
32512,34,528,2,no
11431,40,1358,1,no
16843,28,497,6,yes
4499,35,47,1,no
40432,27,565,1,no
29596,39,295,1,no
6495,24,111,4,no
3235,46,244,1,no
31530,35,4348,3,no
17223,42,345,3,no
44808,33,611,2,yes
22803,43,275,6,no
20358,50,0,5,no
27636,41,4063,2,no
1067,44,58,3,no
6716,28,0,1,no
4197,54,477,4,no
28290,40,94,1,no
6849,33,-366,4,no
1004,44,-79,2,no
14350,33,0,3,no
15520,36,0,8,no
4775,32,641,1,no
23357,36,54,3,yes
17820,32,2664,7,no
3875,54,3343,1,no
25618,40,2977,1,no
13288,33,969,3,no
23279,57,104,5,no
40705,45,171,1,no
20098,34,50,3,no
19294,52,2079,2,no
6286,40,290,1,no
31406,21,242,4,no
32043,54,3136,1,no
10698,28,235,46,no
28361,28,255,2,no
20756,45,6691,2,no
32368,29,300,3,no
7571,30,-430,5,no
1818,50,218,2,no
10605,55,461,3,no
29615,24,172,1,no
20994,56,2065,2,no
31789,45,31,2,no
10456,47,2576,4,no
32916,42,705,2,no
7890,42,1037,2,no
9401,47,750,1,no
38475,34,1614,2,no
6420,31,-325,2,no
21335,60,0,2,no
34521,35,2311,1,no
40478,62,2785,3,yes
29407,29,286,2,no
3501,29,10576,2,yes
16730,50,201,1,no
37452,36,330,2,no
8423,40,-605,1,no
31142,21,164,5,no
6935,25,2428,4,no
1460,49,1164,1,no
19266,37,4965,2,no
14130,43,0,2,no
5338,31,0,1,no
16134,52,4306,2,no
42578,32,914,1,no
5541,33,67,4,no
17114,32,252,4,no
1806,37,1113,1,no
27675,34,6808,3,no
26534,30,7773,1,yes
29759,27,-437,1,no
6250,38,145,2,no
26601,31,8460,1,no
8592,33,170,1,no
12134,50,570,3,no
22791,59,0,4,no
32569,43,-88,1,no
31163,54,258,1,no
11078,57,873,3,no
11235,32,7419,29,no
39930,35,444,2,no
29971,36,0,2,no
25729,58,8218,2,no
44128,74,5539,2,no
18907,45,2,1,no
12520,33,288,2,no
41138,30,136,1,no
15878,44,26,10,no
10866,56,0,2,no
24568,53,350,3,no
2708,41,3140,9,no
32117,30,4,1,no
23644,34,6766,5,no
2128,31,37,1,no
4253,32,101,4,no
26352,52,10021,1,no
39384,55,1504,2,yes
6129,58,92,1,no
8052,55,3948,2,no
20605,60,1141,4,no
2573,54,51,1,no
13462,40,0,1,no
7935,39,123,3,no
34697,31,4888,4,no
8380,46,231,1,no
9406,47,1060,3,no
37652,44,2999,1,yes
8152,31,-581,3,no
31647,44,8262,1,no
2053,47,15,4,no
19049,43,187,1,no
14845,57,29,1,no
18393,51,-168,3,no
8166,24,147,2,no
8399,28,1323,1,no
44699,34,384,2,no
22778,30,144,17,no
25453,31,1200,1,no
8147,60,2525,4,no
17748,45,114,4,no
5169,27,-147,4,no
7179,31,1017,3,no
22793,39,0,10,no
4185,28,-31,1,no
42473,32,883,1,yes
21177,50,1200,3,yes
16512,49,-57,2,no
12494,55,-180,2,no
10722,37,0,6,yes
24042,43,0,1,no
35801,37,6815,2,no
33385,31,631,2,no
38400,32,435,3,no
45151,65,2352,3,no
44045,49,360,1,no
41665,36,202,1,no
17135,27,-646,8,no
33528,53,352,5,no
2477,45,639,1,no
31547,26,193,2,no
33042,47,1203,2,no
44237,57,3738,2,yes
24608,31,0,2,no
9253,39,1820,2,no
25944,56,0,1,no
42649,40,5142,2,no
27283,32,6710,1,no
19108,32,127,3,no
37961,44,466,5,no
6364,36,-611,1,no
43939,30,572,3,yes
10507,35,1279,5,no
19805,34,-218,2,no
11936,51,-265,4,no
19641,36,333,2,no
29279,35,1526,2,no
23521,34,-6,8,no
8813,27,1103,1,no
26362,50,808,3,no
29786,46,345,1,no
21230,49,271,4,no
36041,45,0,1,no
8433,46,596,13,no
21011,59,316,4,no
356,31,12,2,no
30268,42,-34,1,no
41531,67,1979,2,no
38571,26,0,8,no
26950,47,3723,1,no
9106,44,1151,2,no
39067,30,219,6,no
26795,40,1527,2,no
37399,22,374,5,no
14698,38,340,5,no
9419,51,1521,1,no
39308,27,1842,2,no
22673,52,967,10,no
12250,27,-27,2,yes
41885,47,1784,2,yes
32025,41,-456,4,no
7012,27,731,2,no
31937,25,565,1,no
17250,38,1066,2,no
23627,38,173,8,no
32667,34,747,2,no
4823,38,-530,1,no
44823,27,821,1,no
43374,31,4319,2,no
42975,55,3450,1,yes
12650,37,60,3,no
10357,39,292,1,no
28250,39,263,1,no
22662,51,-3,9,no
8980,39,9121,1,no
7064,44,3753,4,no
35835,49,1499,1,no
34517,30,572,1,no
41759,77,989,2,no
27100,56,22196,1,no
26064,57,3875,2,no
7285,40,2715,2,no
23731,35,353,9,no
10837,46,5837,1,no
41323,36,289,3,no
28592,32,2291,3,no
35956,40,498,2,no
9091,35,227,1,no
32400,33,1036,2,no
31301,34,1674,1,no
21822,50,30,2,no
35319,51,6,1,no
17204,27,72,7,no
40987,33,2859,1,no
7899,31,292,18,no
40098,34,2918,1,yes
24450,44,4826,1,no
41124,67,585,1,no
6127,37,132,2,no
8460,43,0,7,yes
20165,50,2167,2,no
21431,35,548,11,no
26800,39,889,2,no
31675,65,3713,3,no
38294,53,210,1,no
43217,26,5296,1,yes
14446,34,0,3,no
20587,34,0,4,no
15633,39,230,1,no
26938,33,0,1,no
18787,50,4440,3,no
12014,52,765,3,no
5787,26,245,11,no
30526,30,436,3,no
42402,27,-46,3,no
43843,33,272,1,yes
23876,33,118,2,no
8134,30,667,2,no
2516,36,125,1,no
7205,39,1749,1,no
408,46,1927,3,no
42641,64,2139,1,no
25063,36,6172,2,no
23995,49,1683,4,no
25253,32,357,2,no
44934,33,1278,1,yes
16643,31,296,1,no
15028,32,958,1,no
31237,38,2549,1,no
41415,27,313,1,no
32513,35,232,1,no
23593,46,568,4,no
3640,52,108,12,no
14982,37,764,5,no
6503,47,362,5,no
27831,53,1672,1,no
32209,29,1232,1,no
6910,48,134,2,no
23856,36,0,2,no
16438,48,-470,11,no
11544,52,1282,5,no
1515,40,570,2,no
32863,28,254,3,no
39187,27,2752,2,no
35192,27,245,1,no
36989,48,709,2,no
27937,33,215,1,no
27647,57,6056,5,no
29978,42,1133,4,no
9155,37,351,3,no
7980,37,89,4,no
10926,42,753,1,no
25235,32,0,2,no
38425,39,-650,2,no
42832,33,62,1,no
26882,32,502,4,no
12872,39,-241,4,no
24132,44,706,1,yes
1819,26,102,1,no
33484,38,1205,4,no
33782,39,722,1,no
21764,43,174,2,no
7172,46,176,1,no
576,61,195,1,no
7349,30,873,3,yes
4190,38,889,4,no
24442,54,380,2,yes
34455,36,206,6,no
29533,33,546,2,no
20262,33,752,4,no
34014,53,341,2,yes
3037,41,450,2,no
5605,50,1605,2,no
15896,50,421,4,no
6907,36,10,2,no
30894,33,1029,5,no
23183,48,567,34,no
40231,30,601,3,no
9708,52,547,2,no
38081,42,154,5,no
21061,58,361,2,no
22353,31,94,2,yes
9168,48,460,3,no
10089,35,234,5,no
9043,38,13,1,no
42562,47,3519,1,no
30901,32,183,10,no
30583,49,1145,4,no
4210,44,87,3,no
29065,43,51,1,yes
4476,38,732,1,no
14755,37,459,14,no
1031,37,308,3,no
35100,39,1147,2,no
18295,33,1636,25,no
14807,35,-273,3,no
35540,32,2626,2,no
4802,34,1701,1,no
22735,41,-68,22,no
42080,26,44,1,yes
12710,58,820,4,no
40532,63,262,1,no
21106,45,0,2,no
100,46,229,1,no
7860,35,674,2,no
21776,34,445,2,no
22947,53,18,4,no
42494,53,1961,1,yes
32097,41,875,2,no
36871,30,190,2,no
13651,38,633,3,no
4895,32,930,1,no
20153,44,1879,4,no
24483,48,361,1,no
9453,27,1029,2,no
24778,34,417,1,no
41366,25,1231,2,yes
8221,40,358,1,no
42309,26,203,1,no
41522,45,129,2,no
30245,34,404,6,no
25556,45,644,1,yes
27771,38,127,1,no
14244,43,500,2,no
44766,24,166,2,yes
41002,34,3160,1,no
9296,34,1848,10,no
18050,35,0,6,no
26636,33,4996,1,no
25085,43,17655,1,no
29066,34,-271,1,no
9803,50,1484,1,no
42994,31,533,1,yes
6868,51,271,3,no
27905,57,1316,2,no
3773,36,1343,1,no
9194,36,4579,1,no
5659,47,4063,1,no
10471,36,1521,2,no
40623,68,19317,1,yes
35360,39,741,1,no
3788,36,183,1,no
28008,49,177,1,no
40575,59,989,2,yes
4689,44,1081,2,no
10391,40,1041,1,no
20635,54,153,5,no
5156,36,0,2,no
22944,45,2,10,no
32220,49,-464,1,no
26769,57,4012,1,no
29635,50,458,3,no
23264,46,0,5,yes
4400,30,9,1,no
38956,27,513,1,yes
30496,46,157,2,no
13788,33,4054,1,no
40492,53,1958,2,no
38804,30,0,6,no
14655,45,24,3,no
44122,27,383,1,no
13446,53,-165,1,no
9154,60,71,1,no
43098,60,0,2,no
35152,54,3185,1,no
32878,28,19,1,yes
15711,44,316,3,no
16702,30,-68,1,no
36043,57,7400,2,no
26240,37,692,1,no
30235,42,1520,1,no
8867,28,1232,2,no
5478,43,150,2,no
36681,42,-411,5,no
30379,41,1143,1,no
27642,43,282,2,no
27537,43,738,4,no
25951,38,2240,1,no
14325,33,75,3,no
44095,29,1808,2,yes
34869,22,3,1,no
38591,54,-394,5,no
38250,28,221,1,no
44785,28,1720,1,yes
41219,64,630,1,no
42331,62,10373,3,no
44629,38,1704,1,no
14484,49,204,5,no
11340,42,3236,11,no
37809,44,1342,2,no
41136,30,48,1,yes
41033,49,1,2,yes
2257,42,1750,2,no
10711,46,1035,1,no
14021,48,-817,1,no
12431,49,230,1,no
24056,43,1258,1,yes
33355,54,1827,1,no
34048,38,613,1,yes
2949,32,2285,2,no
29728,48,2088,1,no
34473,55,2625,1,no
28488,27,834,2,no
26219,51,684,1,no
23869,33,176,2,no
41041,59,2026,3,no
31318,34,1085,7,yes
40382,71,1998,1,no
7925,36,71,5,no
34372,26,677,1,no
33030,34,3186,2,no
37551,35,568,2,no
18381,42,275,9,no
27668,49,0,2,no
31013,38,184,2,no
7873,55,0,2,no
19980,33,308,4,no
10595,36,3214,2,no
23873,48,16,2,no
3990,44,399,9,no
38033,31,1750,3,no
20431,49,1103,2,no
41851,50,3702,5,no
37631,44,500,2,no
10888,53,1653,2,no
18273,54,2061,7,no
39393,47,3519,1,no
13773,38,-475,1,no
43525,62,997,1,yes
5417,32,-274,2,no
28797,47,1692,1,no
42715,74,2575,2,no
14423,33,-110,3,no
7496,40,1100,2,no
7023,25,1025,2,no
12222,56,5769,3,no
7104,50,84,1,no
18340,41,799,6,no
3497,52,826,2,no
15407,48,1583,2,no
14883,29,2870,1,yes
20478,58,1472,2,no
34491,48,0,1,no
5548,38,1102,3,no
25205,59,26172,2,no
30844,38,452,4,no
35990,55,1569,4,no
44185,36,1830,5,no
5515,33,463,4,no
1874,38,-388,1,no
3638,52,409,7,no
29160,46,469,1,no
44089,33,688,1,no
32351,54,3170,2,no
28588,45,999,2,no
17725,47,1305,2,no
33821,24,3415,1,yes
5318,36,9068,1,no
33575,40,759,2,no
37449,58,4152,7,no
21841,40,4328,2,no
4717,34,1040,2,no
19379,57,163,3,no
5473,39,1202,2,no
14616,41,1838,1,no
34026,59,2381,2,no
7918,42,1307,3,no
41141,35,3751,2,no
17648,56,659,3,no
29585,30,72,2,no
10175,40,1780,1,no
20372,39,3663,3,no
33572,40,384,3,no
38544,33,855,3,no
36089,38,304,1,no
271,42,0,2,yes
28336,28,0,1,no
38807,57,151,4,no
38721,33,-258,2,no
19958,35,944,2,no
26372,32,5806,2,yes
29461,41,572,2,no
17073,44,3432,30,no
6456,41,-274,3,no
13403,35,332,2,no
1924,29,356,1,no
11511,55,2152,2,yes
42849,72,2600,2,yes
10643,38,439,1,no
28338,33,854,1,no
4110,54,158,1,no
14724,31,0,7,no
22601,50,321,11,no
44323,32,389,3,no
8214,42,443,5,yes
20228,33,1120,2,yes
20647,32,11431,5,no
37327,56,26,4,no
39235,29,1958,4,no
8293,38,1495,3,no
28561,29,536,2,no
29742,36,1855,1,no
6437,31,-133,2,no
39068,26,697,2,no
28660,28,1166,3,no
4122,32,2996,1,no
42360,53,65,1,no
14648,46,174,1,no
7076,50,-187,2,no
2034,32,85,9,no
686,54,510,2,no
4376,46,0,2,no
40240,23,1235,3,no
20680,55,568,10,yes
4003,40,0,2,no
22504,36,0,4,no
12362,44,-618,2,no
24139,36,3321,1,no
45147,49,780,1,no
27086,50,2410,1,no
9518,35,482,2,no
7137,54,-690,4,no
29236,45,3857,1,no
6249,21,223,1,no
41439,26,1231,1,yes
6745,28,916,1,no
7851,23,363,18,no
37465,32,271,2,no
4803,37,-898,1,no
3518,43,108,4,no
22599,51,130,3,no
39268,29,1387,2,yes
17817,26,0,23,no
23976,40,841,2,no
10161,50,676,1,no
2362,34,2146,1,no
3479,46,31,1,no
15504,29,-193,2,no
16740,47,2458,3,no
36939,41,0,4,no
5660,53,-372,1,no
2202,24,117,1,no
21394,55,0,2,no
10315,44,938,1,no
12347,55,43,3,no
26347,34,79,1,no
17453,26,1690,3,no
17121,49,1147,3,no
270,40,0,1,no
44840,26,1,1,no
32593,43,243,3,no
178,34,51,2,no
41394,25,162,2,yes
40721,26,0,1,no
21500,50,60,2,no
45140,44,839,1,no
26267,45,6993,1,yes
45067,29,1925,3,yes
26187,36,2426,1,no
20304,32,713,7,no
17162,52,4,9,no
4843,34,528,1,no
41716,30,873,1,no
26736,31,389,2,no
31660,40,2133,3,no
5136,33,1779,2,no
7769,32,-127,4,no
34371,33,0,7,no
18154,26,856,5,no
40097,38,5265,1,no
24224,55,199,1,no
913,47,34,1,no
22122,31,388,2,no
10062,45,13117,2,no
39452,33,2583,1,no
20198,47,4520,2,no
28289,46,660,1,no
39670,49,5038,1,no
15337,36,1584,1,no
6877,29,22008,2,no
12586,51,0,11,no
44539,25,1003,1,yes
623,40,109,2,no
31153,26,834,1,no
22858,31,518,2,no
44524,30,590,3,no
44433,34,0,2,yes
28827,26,370,1,no
2288,32,1097,2,no
41560,28,322,2,yes
30666,53,593,1,no
9704,34,291,5,no
42799,62,3904,2,yes
27972,33,726,1,no
8515,36,35,3,no
12585,27,-435,2,no
20880,43,666,3,no
23952,41,148,9,no
36296,46,186,2,no
21012,39,99,2,no
224,55,0,1,no
20770,37,4436,5,yes
24811,51,390,1,no
7554,34,68,6,no
2209,23,5,1,no
44920,37,444,1,no
33152,30,513,1,no
10426,51,548,2,no
26942,33,7108,1,no
12375,57,85,1,no
41282,43,9,5,no
44338,25,2022,8,yes
14790,45,0,2,no
10991,53,354,2,no
30624,31,-538,1,no
23795,35,358,9,no
42846,42,100,1,no
15320,27,891,1,no
6993,44,398,5,no
8533,28,217,1,no
5557,42,165,2,no
33495,34,1477,3,no
23464,31,13,5,no
3753,42,534,2,no
8095,30,518,1,no
43270,39,494,2,yes
43227,39,53,1,yes
26878,32,1,3,no
2191,31,628,2,no
30684,58,315,1,no
38933,24,120,1,no
44597,28,2685,1,no
41884,46,10889,3,no
8929,36,1014,2,no
17096,36,909,3,no
15742,31,131,1,no
43192,27,311,3,yes
43432,78,1389,1,yes
41339,32,636,1,yes
5717,39,259,1,no
31144,25,4923,2,no
6579,25,657,1,no
9384,38,926,3,no
29024,31,25,1,no
23628,31,0,15,no
17238,39,293,2,no
12899,49,-354,1,no
38672,36,2278,3,no
39755,57,473,1,yes
26889,37,1093,6,no
29249,39,1253,1,no
8853,29,-1083,2,no
44289,48,612,7,no
879,31,344,1,no
33238,51,383,1,no
26804,44,6285,3,no
7768,35,698,3,yes
41280,43,2145,2,yes
38778,54,0,11,no
25362,45,128,2,no
33225,49,1345,1,no
10232,35,810,4,no
31412,57,571,2,no
360,46,377,2,no
8137,27,1,3,no
32182,32,-613,2,no
3133,44,112,2,no
35273,39,4239,1,no
43055,27,535,1,yes
10380,44,0,1,no
15948,33,30,1,yes
20868,31,-302,2,no
27225,42,716,1,no
11456,56,6005,6,no
36312,43,216,1,no
43453,29,1992,2,no
35829,37,71,1,no
30391,40,18,1,no
34226,36,3221,11,yes
20352,32,1434,3,no
14653,36,287,5,no
34707,42,96,3,no
29021,42,199,1,no
24150,38,6490,1,no
1329,32,514,1,no
21337,48,199,2,no
10772,49,27,6,no
28295,30,193,1,no
36350,38,328,4,no
34868,43,9262,1,no
6952,46,1328,6,no
33919,33,95,1,yes
44554,48,434,1,no
2797,39,-183,2,no
25215,49,0,2,no
16537,31,1130,5,no
13550,42,704,1,no
7197,26,77,2,no
11682,59,6955,10,no
5707,37,435,1,no
40413,79,668,1,yes
1357,27,91,2,no
40690,56,10532,1,yes
36357,38,3039,2,no
39275,57,341,10,no
412,51,230,1,no
40377,19,1803,1,no
16388,35,11,4,no
25510,58,6384,3,no
36879,33,2279,3,no
30154,51,178,2,no
287,47,368,2,no
23701,41,6171,5,no
26104,36,72,3,no
4162,29,1012,3,no
25423,31,355,1,no
19225,53,269,2,no
27665,35,587,8,no
40431,22,2273,1,no
37887,36,1049,4,yes
37564,47,120,6,no
30888,45,1512,11,no
28892,40,541,2,no
23786,38,1029,2,no
28314,35,1820,1,no
34449,31,170,1,no
26377,51,8180,1,no
25212,41,862,2,no
43801,32,344,2,yes
4259,22,36,3,no
41467,53,1182,1,no
30250,42,233,1,no
37597,28,54,1,yes
30489,64,6251,7,no
5845,40,3311,6,no
6301,31,1230,4,no
26034,54,17008,2,no
8097,35,5029,2,no
31723,42,5076,1,no
33020,35,1207,2,no
20042,39,1795,7,yes
12510,35,527,3,no
10183,45,750,9,no
40620,66,12767,2,no
4585,33,210,1,no
22894,34,224,5,no
38698,35,13460,3,yes
25634,47,85,2,no
10085,60,3230,4,no
13545,54,-182,1,no
28000,32,527,1,no
1262,33,129,1,no
43253,35,294,1,yes
9086,31,1779,2,no
30994,32,358,3,no
19984,32,881,1,no
214,36,301,1,no
17557,45,49,2,no
45032,42,1289,3,yes
6342,51,-1042,2,no
5415,38,-591,1,no
15098,46,-154,1,no
20189,45,0,6,no
22349,49,27,2,no
1118,50,149,1,no
25251,38,508,3,no
30757,49,183,2,no
10697,53,725,4,no
23026,40,0,16,no
24640,46,12839,4,no
10570,39,627,2,no
4526,52,0,1,no
42916,29,19,2,yes
28182,32,268,1,no
16553,34,48,7,no
42144,38,2812,1,no
2585,43,42,1,no
22282,59,0,5,no
28630,28,775,2,no
2426,26,401,1,no
18469,38,0,2,no
9876,46,75,1,no
26790,30,1379,2,no
25014,33,157,1,no
29307,41,601,2,no
14946,32,116,2,no
27138,48,1375,1,no
20706,55,1642,2,no
5635,46,-143,9,no
19500,48,205,2,no
24021,31,7554,1,no
20795,55,303,2,no
40057,42,684,1,yes
23919,46,-852,2,no
21407,39,2226,8,no
5133,30,198,3,no
34463,24,-386,1,no
44569,39,47,2,no
31810,34,209,2,no
15623,37,-65,1,no
33448,69,473,1,no
6423,46,-326,4,no
8512,31,-263,1,no
42005,71,383,2,no
27169,47,97,1,no
16700,36,1281,2,no
41574,48,2351,1,yes
2919,43,698,1,no
25692,43,9102,1,no
15269,52,994,3,no
5555,35,91,4,no
13160,35,148,1,no
32614,36,-508,2,no
2534,45,105,1,no
16402,48,2805,2,no
6461,25,26,2,no
38015,31,1257,2,no
30535,39,357,3,no
24728,35,1485,1,no
9478,59,-488,1,no
29777,58,4967,3,no
41499,39,1587,2,yes
31231,28,730,1,yes
18358,44,0,5,no
12128,53,111,3,no
26857,36,328,2,no
4591,43,0,1,no
13079,57,1029,1,no
10880,40,35,1,no
10469,39,275,2,no
28050,54,1288,3,no
18458,56,1502,11,no
13406,33,117,2,no
11817,25,-306,3,no
19768,45,5450,2,no
12800,51,505,4,no
16682,49,86,2,no
8488,23,1311,3,no
2498,46,48,1,no
16635,46,310,2,no
39937,30,533,1,no
8519,32,1780,6,no
3104,29,424,2,no
12257,56,1363,3,no
41052,69,579,1,no
901,52,545,1,no
33625,32,-632,5,no
30537,37,3777,3,no
15548,40,1238,2,no
16395,57,234,2,no
43781,33,152,2,yes
38714,26,474,2,no
6293,31,-302,5,no
27244,39,1969,2,no
34045,29,132,1,no
35701,32,0,2,no
14265,33,-104,2,no
7886,59,2532,6,no
1651,35,503,2,no
141,53,947,1,no
25013,33,0,1,no
23668,48,71,3,no
39768,41,2611,1,no
38108,40,60,3,no
13744,54,-437,1,no
24506,40,677,1,no
42980,48,201,2,yes
41218,52,363,1,yes
16549,30,1380,9,no
38668,32,9714,2,no
24149,59,6573,1,no
22231,44,7635,5,no
36044,33,62,1,no
38271,26,130,3,no
34094,43,775,1,no
37591,35,257,1,no
21316,23,489,4,no
15261,34,151,6,no
5589,37,5,2,no
31063,63,859,1,no
7048,32,-354,2,no
43086,27,5741,1,no
25377,31,604,2,no
13389,44,233,3,no
38885,28,788,1,no
39646,25,1847,2,no
37830,33,249,7,no
15673,30,692,4,no
16506,37,216,3,no
4578,41,83,6,no
16907,50,59,5,no
1149,48,268,4,no
3460,41,536,3,no
16838,26,415,2,no
15181,33,0,7,yes
21909,39,0,4,no
14281,58,226,2,no
11319,57,1236,9,no
18332,53,28,2,no
14928,36,548,3,no
16105,34,2551,2,no
42604,57,1044,1,yes
20252,30,3096,4,no
12117,38,1315,12,no
10518,47,7,7,no
36942,45,23,4,no
38474,38,2069,7,no
37282,36,-1157,2,no
8139,29,315,4,no
2938,41,235,1,no
14121,42,0,2,no
3560,48,1001,2,no
3529,58,288,7,no
15989,35,8,3,no
45008,29,167,2,no
10983,48,720,2,no
28210,29,97,1,no
38060,39,-223,10,no
34915,51,10924,2,no
41981,50,3897,1,no
27973,39,434,2,no
15455,30,53,5,no
18111,50,398,5,no
6259,40,56,1,no
15706,40,1005,1,no
521,46,1527,1,no
41353,73,250,4,no
37613,32,-133,1,no
42723,63,474,1,yes
35764,51,203,1,no
38649,57,32,3,no
14354,38,976,3,yes
18010,45,998,2,no
36533,50,65,1,no
27438,51,4,2,no
44701,34,1636,1,no
4750,30,4,1,no
11858,56,475,4,no
2879,45,626,1,no
30776,33,10,2,no
349,44,510,4,no
4848,34,0,5,no
3470,40,1842,1,no
33477,44,135,1,no
3707,36,208,1,no
34136,55,3297,1,no
40962,29,41,2,yes
16599,41,663,1,yes
3635,52,238,5,no
24026,47,84,3,no
14421,39,1068,3,no
1665,33,767,3,no
14187,54,311,2,no
13837,32,107,1,no
26742,35,911,2,no
2843,53,719,1,no
39784,58,2094,2,no
1451,32,459,2,no
41887,59,561,2,no
40339,39,382,3,no
23010,47,0,2,no
2243,48,26,3,no
22931,52,526,6,no
31512,45,1683,1,no
32341,37,26,4,no
4629,34,967,2,no
4344,39,198,8,no
41896,63,12067,1,no
15138,29,-61,1,no
43052,65,3409,2,no
34144,39,0,3,yes
5808,33,1746,2,no
17913,39,1181,2,yes
7138,55,1119,1,no
10291,46,642,4,no
34209,25,253,1,yes
18220,48,283,7,no
44904,38,2678,2,yes
13694,56,800,1,no
17150,36,58,13,no
30171,27,245,7,no
514,41,0,1,no
43588,32,388,3,yes
27513,30,2734,3,yes
33373,46,327,2,no
30291,39,829,1,no
10796,61,296,1,no
39641,28,6551,1,no
15714,39,1423,3,yes
20741,51,14215,2,no
13170,34,28,1,no
31269,48,1296,1,no
21194,37,448,3,no
40186,33,66,2,yes
5391,36,2278,2,no
29894,59,185,1,no
27948,32,2746,1,no
37398,51,581,7,no
18191,34,412,2,no
12504,35,28,3,no
12536,44,701,2,no
18776,28,44,13,no
12597,39,192,1,no
32908,50,1389,3,no
18150,40,251,6,no
38097,29,555,4,no
4283,52,0,11,no
8543,45,7858,2,no
32142,33,855,1,yes
35790,46,-100,2,no
41784,45,886,2,no
3985,30,442,3,no
7186,35,0,6,no
31836,41,1521,4,no
41423,30,0,3,yes
26768,54,10374,2,no
37207,36,418,2,no
14808,34,431,1,no
26774,34,1524,3,no
45116,30,565,1,no
402,48,141,1,no
18956,54,11391,1,no
38372,58,260,5,no
13639,26,-119,5,yes
28422,60,-49,1,no
42568,25,2551,3,yes
12481,31,43,1,no
25394,46,864,5,no
14150,60,1099,2,yes
27508,30,1050,2,no
9499,32,4789,4,no
22035,38,1555,5,no
18702,39,554,5,no
29665,33,901,5,no
8711,36,7503,1,no
19932,33,1264,6,no
31985,48,3752,5,no
37257,47,-287,1,no
44756,33,555,1,yes
44331,31,1761,3,yes
26609,33,21854,2,no
24904,47,458,1,no
7872,58,320,2,no
29865,48,1223,1,no
7829,38,580,6,no
39855,53,2240,2,yes
26319,55,2691,1,no
32337,28,1428,1,no
11177,49,1743,1,no
8847,36,606,1,no
27656,32,665,5,no
8026,38,4,1,no
21101,35,663,2,no
22244,33,8097,2,no
3145,35,94,5,no
24866,38,1802,1,no
44300,33,373,1,yes
12905,43,1530,3,no
41044,57,169,1,no
3741,44,3689,3,no
2131,41,304,2,no
22365,52,-164,4,no
6984,51,-461,2,no
30593,26,383,2,no
33865,34,612,1,no
8772,26,-285,1,no
42440,51,241,2,yes
43123,20,215,1,yes
38185,32,1297,1,no
24783,35,4508,1,yes
33890,30,803,1,no
35249,35,-177,1,no
38682,33,239,2,no
34278,33,-208,3,no
20037,30,344,3,no
36627,41,169,2,no
12495,44,27,2,no
39049,33,-38,1,no
36998,48,3267,5,no
26909,48,-547,2,no
39588,26,2170,1,no
16070,31,1139,1,no
27374,56,2811,2,no
32957,49,1127,2,no
1837,21,6,1,no
14984,55,3919,2,no
8176,30,854,2,no
33309,36,24,1,no
5048,34,1717,2,no
45200,34,1475,3,no
13594,54,231,3,no
26396,48,3520,4,no
1605,41,-97,5,no
15677,49,0,1,no
12157,53,4086,3,no
33097,32,101,1,no
1476,42,376,1,no
21290,35,2306,7,no
31749,43,1617,1,no
15895,51,0,2,no
36713,39,467,5,no
10907,37,608,1,no
28926,36,265,1,no
40180,38,1391,2,no
4908,28,-70,1,no
9661,32,5418,6,no
4546,26,268,2,no
5007,33,1301,2,no
6695,27,2364,1,no
35346,34,558,2,no
33948,46,1603,1,no
21891,38,38,2,no
24966,34,178,1,no
42055,50,3654,2,yes
33519,29,1170,1,yes
44460,29,-197,1,no
37068,36,2151,1,no
11178,28,594,3,no
30148,30,-276,8,no
38119,30,148,5,no
24439,43,279,1,no
22271,35,0,8,no
24040,30,1785,1,yes
3269,52,225,1,no
18199,59,2518,3,yes
2874,49,611,1,no
41154,67,443,1,yes
10885,38,702,2,no
34789,31,864,1,no
21274,34,176,4,no
40495,28,1942,1,no
3136,43,28,4,no
16057,59,5,2,no
29296,54,2037,1,no
102,53,90,1,no
21995,49,1912,4,no
30433,32,1813,1,no
29089,30,585,6,no
12153,46,1489,5,no
64,33,790,1,no
2605,51,257,1,no
28589,37,410,2,no
9788,53,0,1,no
45007,38,413,2,yes
30800,44,1258,4,no
13838,41,393,1,no
20323,33,1166,3,no
5225,33,594,1,no
24873,36,0,1,no
19720,47,0,4,no
33960,46,0,1,yes
41941,35,1750,1,no
4392,33,434,1,no
44083,32,623,3,yes
5139,28,115,13,no
11755,56,310,4,no
3013,53,10749,1,no
23885,31,13,2,no
31453,41,1468,3,yes
35294,25,-392,1,no
39419,46,1381,3,no
38326,30,-206,1,no
7108,40,1314,1,no
17279,42,1,5,no
29721,32,47,7,no
25589,55,0,1,no
9303,47,407,12,no
25831,42,196,1,no
43922,31,4533,3,no
31306,43,1358,3,yes
9334,32,1138,4,no
44545,55,2206,1,yes
36279,44,491,4,no
33935,33,1122,10,no
27442,59,7724,3,yes
41802,35,1178,3,no
22082,47,1224,2,no
1570,41,-417,3,no
35658,33,3806,3,no
1716,41,-45,4,no
24770,54,2133,1,no
44205,43,0,1,yes
13097,25,2,1,no
39488,24,167,1,yes
23942,46,201,6,no
573,41,-137,1,no
35607,37,140,1,no
35123,46,747,6,no
36618,35,159,1,yes
27591,31,-158,2,no
11390,38,-1007,1,no
796,43,144,3,no
34171,29,36252,1,yes
2158,44,23,2,no
5674,44,-1379,1,no
38545,28,41,3,yes
27322,31,591,2,no
13303,26,370,4,yes
37858,32,15,1,no
29488,26,2170,1,no
5418,45,0,1,no
6446,34,-311,2,no
3418,41,6060,2,no
37562,34,175,8,no
17418,31,3,12,no
26158,40,1039,2,no
23126,39,69,3,no
16487,60,591,2,no
35606,41,11103,1,no
12546,34,46,1,no
7052,44,194,2,no
4954,31,1887,1,no
40158,35,745,3,yes
19667,50,3176,1,yes
44252,34,70,1,no
4613,31,296,3,no
43411,49,3842,1,no
21309,55,211,3,no
34911,29,7,1,no
36625,29,20,1,no
29185,57,11,1,no
33984,33,920,1,yes
1221,36,72,1,no
9199,50,34,1,no
35198,30,400,1,no
43726,24,1,5,yes
30614,46,1698,1,no
19717,45,1192,3,no
23579,37,859,15,no
6012,45,607,7,no
7051,44,-357,2,no
34004,42,6060,1,yes
44930,30,21,1,no
30786,45,415,3,no
41754,83,4216,1,no
24974,58,2596,2,no
11508,53,1319,3,yes
143,57,42,1,no
1057,44,-171,2,no
41843,77,0,1,yes
31215,37,549,1,yes
12036,51,1069,7,no
3180,39,-439,8,no
30183,34,496,1,no
20927,36,202,4,no
21767,33,39,5,no
4102,44,2,1,no
21635,40,171,3,no
31642,41,790,1,no
25050,50,232,1,no
17842,48,14530,10,no
22760,33,430,2,no
31228,54,25,3,no
24937,31,26,1,yes
41001,28,113,3,yes
2091,39,36,2,no
15315,41,397,1,no
27165,50,19447,1,no
23589,52,0,15,no
41620,19,179,3,no
3902,41,28,1,no
21786,46,226,3,no
34799,34,41,9,no
41363,53,6649,1,no
40489,32,51,1,yes
41411,31,3343,1,yes
38517,37,309,3,no
18695,40,57,9,yes
44816,60,975,1,yes
27547,34,1637,4,no
21526,60,0,2,no
31537,58,68,1,yes
7535,50,11804,1,no
19293,44,1901,2,no
14929,50,1165,1,yes
14407,42,86,3,no
23837,35,0,2,no
23288,55,1232,7,no
13952,41,958,1,no
29627,54,1154,3,no
31883,39,958,5,no
43762,47,1568,3,yes
14921,32,198,2,no
42381,63,0,3,no
40411,54,831,1,no
14839,41,340,2,no
13377,40,275,1,no
37582,32,469,1,no
15884,32,-1053,3,no
18083,41,1785,7,no
14842,30,-393,1,yes
30332,27,2849,1,no
13203,51,272,1,no
14178,37,466,2,no
45037,28,1918,1,no
8580,44,399,2,no
19171,38,950,2,no
36476,31,1331,2,no
20870,50,400,2,no
719,44,579,2,no
10377,39,1397,1,no
13969,45,1145,7,no
41450,38,3195,2,no
36302,44,976,2,no
11534,60,652,1,no
33200,37,515,1,no
30885,32,106,8,no
23813,60,614,3,no
19274,59,96,2,no
6713,28,101,4,no
14776,52,-888,1,no
33187,35,365,2,no
14378,32,2,3,no
21937,46,15,3,no
34958,29,471,1,no
4399,60,132,11,no
4660,32,908,1,no
26657,52,3923,8,no
5935,40,-626,2,no
5508,34,157,17,no
28018,42,466,1,no
7824,51,0,3,no
19467,52,0,2,no
20488,30,478,3,no
35355,38,1,1,no
1599,58,771,3,no
20035,53,2385,8,no
39448,47,0,1,no
8780,34,587,8,no
30306,26,198,1,no
29583,60,758,1,no
27901,59,914,1,no
21854,34,0,2,no
10043,28,267,5,no
15842,30,62,3,no
23328,31,183,4,no
10088,59,1574,1,no
11744,48,0,1,no
43497,21,330,3,no
17485,31,0,2,no
27155,56,16125,1,no
8752,59,284,2,no
4052,47,15,2,no
39464,54,1299,1,no
10717,39,1832,2,no
9110,59,1470,1,no
9871,37,5473,2,no
34662,59,5314,3,no
33243,61,243,1,yes
1891,26,79,3,no
36110,30,948,1,no
43838,41,70,1,no
42965,23,480,2,yes
24131,37,1970,1,yes
38481,22,4038,1,no
43075,59,2013,4,yes
8333,49,696,3,no
38208,44,5781,1,no
2445,45,0,1,no
16230,32,354,8,no
4795,38,-224,1,no
11718,35,250,1,no
13029,28,54,1,no
23780,32,235,6,no
29709,26,4751,3,no
17480,44,841,4,no
29642,27,127,3,no
31432,59,9676,2,yes
2320,39,130,6,no
35561,35,848,3,no
44306,31,255,2,no
13526,52,324,1,no
706,40,369,2,no
12409,40,59,3,no
7485,30,17,9,no
35075,41,13,2,no
15863,54,472,4,no
17001,30,317,5,no
12796,32,2559,1,yes
13575,48,425,2,no
39539,34,699,1,no
1524,31,50,2,no
7758,47,1794,2,no
19833,32,500,4,no
16119,29,0,7,no
3779,27,-41,1,no
15290,46,2084,2,yes
32731,29,760,2,no
22266,33,316,3,no
37170,28,207,1,no
20504,54,19213,6,no
22315,55,0,2,no
3247,60,2086,2,no
23823,36,0,2,no
21204,33,6748,2,yes
13321,45,857,7,no
41581,31,64,1,no
21378,54,2883,5,no
7604,55,828,1,no
2799,40,30,3,no
33452,47,1747,1,no
30461,39,122,1,no
22322,47,11305,6,no
30264,34,563,1,no
16819,43,34,3,no
881,37,78,2,no
13533,44,142,1,no
19648,47,675,2,no
8857,50,1616,11,no
16873,33,310,7,no
45148,42,490,1,no
28447,47,0,1,no
34750,34,649,1,no
2806,50,204,1,no
8357,45,-121,5,no
17022,31,-535,1,no
18508,48,0,4,no
5426,37,239,2,no
30406,29,612,1,no
8009,49,18904,3,no
8454,37,0,13,no
10580,53,2406,2,no
35488,43,0,3,no
36991,37,37,2,no
15968,39,-378,6,no
42913,36,1057,2,no
20286,38,410,6,no
22002,43,481,2,no
1613,31,-13,3,no
23262,31,-175,15,no
32666,31,99,2,no
39080,36,1015,1,yes
21584,46,182,4,no
11715,38,15477,2,no
38614,30,891,2,no
27505,44,0,2,no
27605,37,1407,7,no
26475,30,78,2,no
23690,45,77,1,no
18477,37,14,18,no
31375,31,447,3,yes
12285,57,711,1,no
29026,56,363,1,no
31593,49,523,1,no
7222,42,2608,1,no
21889,34,0,2,no
23983,33,74,2,no
8605,33,0,1,no
32241,36,3102,1,no
37780,45,276,1,no
35189,51,441,2,no
28537,28,24,2,no
12963,59,55,20,no
43874,33,172,1,no
20692,41,416,2,no
19232,34,681,2,yes
13565,32,187,1,no
33395,28,39,1,no
25211,31,530,2,no
27612,45,1546,2,no
22017,44,0,5,no
30815,32,4,2,no
18524,46,333,4,no
21629,51,91,2,no
10494,38,727,2,no
22587,34,23,6,no
17512,31,-749,4,no
41980,73,542,1,yes
25846,46,3354,1,yes
6884,43,-504,1,no
8372,52,196,1,no
33192,29,262,2,no
38494,35,1501,1,no
14642,27,59,4,no
577,53,288,1,no
33668,43,514,2,no
2925,57,628,1,no
42421,58,2223,2,no
29281,33,482,1,no
18917,53,0,2,no
2412,37,1950,1,no
25636,54,6191,2,no
44406,59,1500,1,no
28356,49,178,1,no
20989,47,691,2,no
2948,44,-27,3,no
18240,35,-1322,11,no
5602,31,309,6,no
44453,28,1530,3,no
30657,42,66,1,no
18112,33,0,5,no
35046,30,313,3,no
25599,56,238,1,no
20407,32,1568,6,no
11041,39,-119,6,no
30613,32,124,3,no
34710,54,1357,5,no
36985,33,241,3,no
5600,34,358,4,no
40249,54,21,1,no
14276,34,800,3,no
33149,46,168,1,no
3184,54,52,3,no
45034,26,319,1,no
23116,32,0,3,no
31610,37,3953,2,no
4165,42,103,5,no
30354,34,155,2,yes
36375,57,99,2,no
10536,47,582,2,no
17980,54,602,2,no
19392,58,4,1,no
32039,22,107,1,yes
4201,31,754,4,yes
15993,37,145,13,no
43977,24,1082,1,no
23975,38,50,2,no
11069,37,531,7,no
8229,30,603,2,no
10275,38,1691,3,no
37288,34,7063,1,no
34658,33,8339,2,no
38190,28,1325,1,no
42900,39,0,1,no
4797,31,289,2,no
3758,33,2,1,no
8816,52,907,2,no
12030,36,563,4,no
34917,33,-457,1,no
42774,39,1022,2,no
25385,46,6269,3,no
8743,31,0,2,no
7421,28,6332,4,no
29397,31,3295,2,no
18939,47,1348,1,no
19973,52,1625,2,yes
44180,35,724,2,yes
39016,30,1922,1,no
44091,60,2694,1,no
21773,47,191,5,no
4763,57,739,5,no
42814,42,706,2,no
18820,26,2053,4,no
8284,32,2,1,no
27988,60,130,2,no
33641,34,577,2,no
18604,27,1110,36,no
28337,49,235,1,no
13772,33,0,1,no
39014,42,933,1,no
34467,36,378,1,yes
2071,42,-25,2,no
36339,37,83,1,no
15784,60,685,1,no
19031,42,1533,1,no
38944,36,1496,1,no
11610,38,435,2,no
11388,48,269,1,no
18479,51,5059,2,no
32749,47,385,1,no
1692,28,759,1,yes
7922,27,5563,2,no
9535,45,0,5,no
30095,54,427,2,no
31121,29,5359,1,yes
44343,35,2187,1,no
996,37,310,1,no
39287,32,258,2,no
43257,36,4721,2,yes
26072,34,2048,2,no
42968,33,2085,2,yes
12370,32,7,1,no
11014,58,5279,6,no
31743,44,728,1,no
9574,45,43,4,no
23261,56,297,16,no
35847,34,90,3,no
39842,30,3289,1,no
33876,35,62,1,no
32639,34,436,1,no
17218,54,38,8,no
27456,49,4713,1,no
22158,31,0,2,no
5585,39,31,4,no
13681,40,2621,4,no
34488,29,0,1,no
26700,44,0,3,no
27987,32,100,1,no
9817,48,635,2,no
24736,50,0,2,no
37800,24,608,1,no
45107,32,660,2,yes
40375,79,723,3,no
42305,63,3115,5,yes
14931,60,1477,3,no
3399,55,2923,2,no
25329,32,386,1,yes
22248,48,11,9,no
25532,37,0,1,no
38029,29,8,2,no
12973,35,126,2,no
4081,31,43,3,no
16859,27,2074,2,no
28166,34,557,1,no
16187,32,4790,2,no
7008,45,5336,2,no
630,32,90,2,no
39096,29,40,1,no
14345,37,223,2,no
34363,25,715,4,no
291,37,58,2,no
45210,57,668,4,no
40138,34,88,1,no
42033,42,3213,1,no
4212,44,181,6,no
17645,42,250,3,no
1174,39,70,1,yes
41644,34,16,1,yes
32355,51,212,1,no
23187,45,917,8,no
10335,53,4397,1,no
8190,43,-234,1,no
24628,54,3795,2,no
17089,28,265,2,no
11780,57,9311,3,no
23613,40,0,20,no
17120,58,0,4,no
25391,32,4432,4,no
43967,33,224,2,yes
32527,36,456,1,no
35232,34,94,1,no
3679,40,2,1,no
3898,47,2597,1,no
27978,47,487,2,no
18371,39,-697,2,no
31649,33,1101,2,no
39389,37,1314,1,no
22088,40,572,2,no
28756,55,23,1,no
9223,42,477,3,no
25971,31,5238,2,no
4445,36,7579,1,no
34168,34,3047,1,yes
43441,73,7111,1,no
21300,35,1635,6,no
44295,40,0,2,no
4779,54,6102,6,no
37875,30,1222,1,no
21762,48,606,4,no
9424,55,4053,2,no
28785,53,7,2,no
11176,45,0,1,no
26128,44,1593,2,no
2678,42,693,2,no
18893,58,928,2,no
39171,35,10133,2,no
19544,32,1390,2,no
27777,53,6248,1,no
3746,34,355,1,no
45031,29,270,5,no
36540,40,780,1,no
29529,51,2814,1,no
21215,60,493,4,yes
30174,43,1063,3,no
29280,41,-376,3,no
14109,34,406,2,no
14222,35,-203,2,yes
9010,44,1910,1,no
8228,45,976,4,no
19137,43,-36,1,no
25192,45,-73,2,no
34228,31,630,2,no
37436,60,0,4,no
38122,27,-145,8,no
26193,32,4654,1,yes
17927,58,3161,2,yes
14041,36,-456,1,no
35977,32,95,4,no
18137,60,194,5,no
32256,33,778,1,no
29392,29,2439,2,no
14635,34,0,1,no
33632,48,4,5,no
42221,35,0,2,yes
33826,26,2170,1,no
17026,47,7,5,no
45133,61,1058,1,no
21166,30,188,2,no
24885,38,427,1,no
4714,33,1005,2,no
3388,33,20,4,no
8158,50,669,1,no
22860,31,1051,4,no
25487,31,3625,1,no
27681,56,1521,2,no
41130,71,1741,1,no
15778,26,-1006,1,no
13793,37,1981,2,no
38367,60,38,11,no
37091,55,1810,1,no
36231,37,0,1,no
42120,25,1404,2,no
38286,32,75,1,no
8758,27,-1202,2,no
13897,46,0,1,no
2539,46,399,1,no
2606,59,643,2,no
14840,37,0,1,no
26485,44,10386,1,no
38169,28,558,1,no
14198,40,0,2,no
6224,36,244,2,no
42351,27,11862,2,yes
37368,35,328,3,no
39365,42,366,1,yes
32629,35,457,1,no
7200,35,809,1,no
34642,44,-395,1,yes
28600,31,0,2,no
16535,35,657,2,no
40841,42,413,2,yes
37666,26,66,1,no
19696,36,2813,3,no
38531,35,-133,2,no
28621,31,0,2,no
11586,28,2340,1,no
5380,38,-40,1,no
35288,23,4659,1,no
39349,31,1124,4,no
9366,35,0,1,no
38027,36,2178,3,no
6490,32,902,2,no
27429,41,102,1,no
1472,51,751,5,no
33937,32,580,1,no
15093,32,118,1,yes
40891,37,3954,1,no
4674,31,0,1,no
12281,35,8652,6,no
486,54,0,1,no
7792,46,-287,3,no
12741,42,3407,2,no
11737,40,224,1,no
6069,34,247,5,no
30712,28,731,2,no
479,37,140,1,no
1267,32,10,1,no
43941,39,1435,1,yes
13186,51,35,4,no
45171,19,245,2,no
14788,57,1728,1,no
6242,28,4793,1,no
36024,43,1318,8,no
22910,51,746,5,yes
8011,38,615,1,no
41061,37,332,2,no
3950,50,1906,17,no
39831,31,283,1,no
40441,45,5511,1,yes
27678,36,-530,2,no
40183,57,256,2,yes
23121,52,517,4,no
1260,33,-744,1,no
20628,31,208,7,yes
4345,23,710,6,no
20507,53,8449,2,no
1805,39,-79,1,no
1845,58,47,1,no
10981,49,652,2,no
34798,43,388,1,no
42502,43,775,1,no
29664,34,823,3,no
29881,37,594,1,no
39567,51,1443,1,no
21744,51,370,3,no
35120,39,147,2,no
9996,49,3376,3,no
7914,33,-1027,6,no
39400,28,5916,1,no
6333,47,-512,2,no
14930,33,4,5,no
8590,28,459,1,no
7413,55,2749,2,no
37430,42,-336,3,no
5672,42,-280,1,no
19825,50,1903,2,no
34106,35,1162,1,yes
24879,45,91,1,no
28406,57,596,1,no
452,40,71,1,no
484,43,0,1,no
11932,42,4800,11,no
16279,46,1287,1,no
22042,56,385,3,no
44340,69,2144,1,yes
19967,43,21510,2,no
33052,32,94,2,no
488,59,-76,1,no
21872,34,2069,2,no
40213,32,8866,2,yes
35461,45,956,1,no
17926,54,0,5,no
26167,32,387,2,no
40922,64,1370,1,no
5445,32,1940,2,no
1043,29,190,1,no
38964,36,123,1,no
29835,30,1,2,no
26623,33,4409,2,no
6620,29,16232,4,no
21025,58,188,2,no
30371,30,61,5,no
14614,47,1149,2,no
23911,47,518,2,no
19803,33,-163,2,no
31878,33,719,2,yes
17575,31,892,22,no
21362,44,1764,2,no
43390,34,1666,1,no
564,47,83,2,no
22525,46,131,4,no
33568,48,3287,2,no
24449,45,0,2,no
20850,53,6170,4,yes
31678,26,3676,1,yes
32802,37,3954,1,no
44271,49,197,1,no
15396,39,64,1,no
10624,49,775,1,no
11415,51,3415,1,no
13725,30,10152,1,no
16736,30,-985,4,no
13975,27,106,1,no
9490,36,70,2,no
21380,30,10639,2,no
37935,31,864,2,no
43449,25,293,1,no
6714,30,2262,2,no
14891,31,1210,1,no
19488,39,1104,2,yes
3476,42,497,22,no
42231,42,994,3,yes
6281,30,0,1,no
5954,43,-69,2,no
23009,55,630,2,no
6102,31,91,2,no
13165,28,517,1,yes
11974,33,0,16,no
40351,28,442,3,yes
25642,40,1783,1,no
1381,32,3,1,no
42971,52,94,1,yes
39252,34,-1,6,yes
6088,43,109,3,no
26323,34,8077,2,no
21803,31,0,4,no
11793,35,14,1,no
24911,43,1684,4,no
39246,28,-16,3,no
44265,42,631,2,no
25428,47,79,5,no
32399,48,6627,2,no
10040,54,1851,3,no
24159,34,676,1,yes
18091,45,1841,2,no
29834,57,-464,1,no
34600,35,1,1,no
608,51,653,1,no
5421,31,-26,1,no
37104,39,0,7,no
10899,44,1678,1,no
39197,25,292,2,yes
40794,42,201,1,yes
17061,30,2,8,yes
24750,57,894,1,no
25081,35,0,1,no
4196,42,365,2,no
24247,40,8969,1,no
24238,32,2516,1,no
10810,43,438,2,no
26076,36,4613,2,no
38792,30,1022,2,no
26879,35,55,4,no
7430,38,522,2,no
12107,40,405,3,no
30367,40,632,2,no
18445,46,1,2,no
11359,50,5,7,no
41456,63,1795,1,yes
18435,46,-522,2,no
14870,27,77,1,no
13584,33,0,1,no
36972,42,402,7,no
31666,41,0,4,no
32340,35,4319,1,no
12015,39,3,14,no
39050,38,15,1,no
17140,31,1215,2,no
10727,36,3057,4,yes
18606,36,107,2,no
42038,25,667,2,no
29844,39,-980,2,no
4719,36,183,3,no
7701,41,629,2,no
19571,46,23,2,no
1310,32,751,1,no
7913,51,0,2,no
2398,47,-13,1,no
14784,56,563,1,no
3051,43,823,3,no
8716,45,1003,1,no
33667,34,305,2,no
507,57,-331,1,no
38685,39,8,6,no
10789,41,1385,1,no
2137,27,-302,3,no
31414,34,390,2,yes
39317,49,1150,2,no
9099,48,2960,1,no
20167,37,340,4,no
4756,49,543,3,no
39378,27,377,1,no
11380,46,312,4,no
4366,50,413,2,no
15577,41,98,6,no
28385,32,138,1,no
25621,30,447,2,no
19551,33,83,2,no
10514,31,-1185,5,no
29819,56,284,1,no
38740,32,91,2,no
15301,45,-191,3,no
10510,36,6085,6,no
21091,30,-305,6,no
26052,45,7154,3,no
6628,34,3004,3,no
17214,32,15561,3,no
3711,43,19,1,no
16903,34,2,11,no
35615,29,281,1,no
14743,47,107,8,no
34770,42,122,2,no
18247,40,694,14,no
35501,33,0,2,no
39858,30,1555,1,no
44154,27,643,1,yes
19426,49,651,3,no
40221,41,254,2,yes
36523,34,156,1,no
28457,31,81,1,no
8282,49,180,3,no
24848,50,13931,1,no
20413,58,764,4,no
12979,48,252,5,no
32882,30,495,2,no
38046,33,170,3,no
1400,31,59,3,no
34797,35,105,1,no
6617,59,68,2,no
9076,42,1401,1,no
6710,38,-478,1,no
9308,39,3127,2,no
28301,34,718,1,no
39484,50,641,3,no
7061,29,542,3,no
2431,40,-166,1,no
15349,29,-643,1,no
13757,40,-21,1,no
18489,41,-459,2,no
44117,36,966,9,no
36581,30,112,2,no
43694,32,1026,1,yes
40653,45,6945,5,no
41171,42,976,1,yes
30124,31,122,4,no
13114,40,-45,1,no
26743,41,-52,2,no
4441,36,465,1,no
37365,37,208,1,no
17976,45,713,2,no
22880,32,3367,4,no
33253,33,4240,1,no
10202,37,1560,2,no
42714,37,2163,1,no
12695,31,-182,2,no
16885,28,799,1,no
43279,54,7010,2,no
18981,35,354,3,no
29637,29,1028,2,no
34645,25,293,2,no
18335,40,992,2,no
7820,27,2153,6,no
33153,46,3229,1,yes
27226,44,1149,5,no
25797,39,763,1,no
24491,35,24,1,no
3267,46,1004,1,no
30964,49,631,6,no
24526,56,722,2,no
36294,45,456,1,no
8506,31,527,2,no
42400,48,1147,1,yes
34480,46,3145,1,no
31947,32,1539,3,no
33389,33,864,1,no
42615,65,1097,1,no
22480,49,234,6,no
38678,34,1012,3,no
29201,33,1021,1,no
38646,41,30,4,no
37884,40,-79,1,no
32586,32,294,1,yes
2019,48,296,8,no
19708,59,6,3,no
7043,25,192,3,no
18665,40,-125,5,no
9363,38,292,2,no
40179,39,1241,2,no
16411,29,163,2,no
13089,55,137,1,no
8234,44,417,5,no
14584,31,10,4,no
31211,43,3917,1,yes
24673,43,1043,4,no
18843,53,769,1,no
11230,39,-186,3,no
25598,35,1340,1,no
16785,34,347,6,no
11719,45,1006,1,no
9901,48,183,1,yes
12245,60,17339,11,no
13816,29,-293,1,no
9514,54,1960,5,no
13737,33,-56,5,no
22643,38,299,1,no
16717,27,2729,2,no
30272,26,624,1,no
23684,40,558,5,no
34469,37,4430,1,no
27803,46,460,1,no
9643,44,391,4,no
39516,33,4464,1,no
13954,44,-101,1,no
15371,31,3981,1,no
32421,34,395,2,no
30746,33,211,2,no
15903,30,1,2,no
20136,30,5,2,no
41196,50,24,1,no
33811,75,18,4,no
33605,35,2496,2,no
3499,50,106,2,no
20380,35,863,2,no
27705,50,-315,7,no
17293,55,3899,4,yes
38162,41,793,1,no
17441,40,0,5,no
15789,38,-397,9,no
37446,43,550,2,no
19903,35,3161,2,no
6378,45,-100,6,no
17237,29,166,8,no
4491,31,121,1,no
24232,40,1693,1,no
3979,28,317,3,no
21491,56,63,2,no
36006,38,1612,1,yes
9939,40,3571,3,no
30257,29,302,1,no
10787,43,103,1,no
23074,45,34,4,no
38168,39,49,1,no
35668,45,770,1,no
20175,30,699,4,no
28655,39,313,5,no
7114,39,192,5,no
9810,42,13242,1,no
21269,54,11,10,no
32553,42,5354,1,no
24642,48,-1157,2,no
33563,33,2358,3,no
11217,56,616,1,no
30517,41,4112,2,no
30889,27,-550,3,no
38709,26,492,4,no
28495,41,-29,2,no
19340,59,136,4,no
27132,53,5331,1,no
30247,30,1099,1,no
35840,46,245,1,no
22275,39,1363,3,no
2121,43,1558,3,no
22780,52,142,6,no
31478,27,393,2,yes
4025,60,26,6,no
37790,23,1105,1,no
12763,35,0,4,no
25331,36,0,2,no
13917,36,786,1,no
34985,32,-248,1,no
6287,31,116,1,no
31875,34,159,1,no
18761,43,1076,23,no
39991,26,1231,2,yes
44906,35,683,1,no
4872,30,-98,7,no
17432,52,1912,2,no
21981,50,242,4,no
17848,32,1,6,no
37581,26,3944,2,yes
7691,59,4414,1,no
36039,50,4,1,no
13595,48,469,1,no
39928,44,878,1,no
35541,32,3014,2,no
42569,36,23,1,no
2174,58,1166,1,no
41584,54,1664,1,yes
31285,26,1274,1,no
6258,33,-241,1,no
10071,39,-190,8,yes
41645,50,0,1,yes
11794,55,1735,2,no
9251,44,280,2,no
12023,57,316,7,no
26849,30,212,2,no
2820,40,413,1,no
4106,55,2,1,no
24868,59,2429,2,no
14877,57,374,1,no
13736,39,4453,1,no
13391,43,0,1,no
44276,29,985,2,yes
30486,29,523,1,no
1303,55,1513,1,no
4965,52,289,13,no
16737,36,-19,1,no
6638,59,0,6,no
14361,42,-291,2,no
40023,22,222,3,no
19059,48,574,1,no
21157,51,25856,2,no
2007,29,487,2,no
8604,51,788,6,no
32902,31,1130,3,no
28915,36,937,4,no
39637,28,147,1,no
37608,32,13711,1,no
31032,33,369,1,yes
41855,65,493,1,no
43704,35,8000,1,yes
22046,40,34,3,no
32192,30,837,2,no
2448,52,148,1,no
5872,29,484,2,no
35812,47,759,1,no
12114,32,2526,8,no
3996,53,2,2,no
1199,28,1,1,no
3474,32,6,1,no
7696,37,1513,1,no
9139,58,4318,2,no
16895,35,11,1,no
584,44,17,2,no
21336,43,13044,4,no
4809,36,3954,1,no
23277,43,0,6,no
30173,59,1774,9,no
17661,55,0,2,no
39012,52,872,6,no
34156,29,30,1,no
32869,33,806,1,yes
26340,52,0,2,no
15492,26,341,2,no
19784,53,-3,2,no
17415,36,718,3,no
20306,38,982,3,no
20534,35,53,4,no
873,32,0,1,no
40486,36,1234,1,no
35309,28,168,1,no
31218,33,21,2,no
11264,37,37,2,no
13742,48,725,1,no
37208,40,54,5,no
6454,41,-804,11,no
9645,49,1,3,no
6209,28,1025,1,no
34495,58,2160,1,yes
3214,45,4509,1,no
44666,25,154,1,yes
38333,31,-4,1,no
4994,28,170,1,no
5737,36,125,1,no
39801,57,1292,1,no
35870,42,216,3,no
36361,50,1400,1,no
34167,28,307,1,no
34295,33,5151,3,no
33108,31,2488,1,no
33094,46,0,2,no
44550,49,1830,1,yes
23194,53,2094,6,no
36004,51,314,3,no
10430,39,2813,2,no
1875,33,92,1,no
14417,47,0,2,no
8654,32,2796,8,no
36993,30,222,3,no
7645,42,-350,1,no
36291,35,-315,2,no
33286,59,258,1,no
651,29,209,2,no
26576,57,1556,1,no
35487,27,814,2,no
7741,35,535,3,no
44062,53,36,1,yes
35139,48,505,2,no
34590,51,3921,1,no
24540,52,2920,2,no
32616,33,48,1,no
36246,37,293,1,no
29924,30,364,1,no
42156,34,527,1,no
14481,46,211,2,no
7001,35,51,2,no
13590,59,3800,1,no
24959,39,4313,2,no
17056,51,656,2,no
35162,30,-559,1,no
39996,53,395,1,no
42851,37,728,1,yes
258,30,2573,2,no
36894,38,4196,2,no
3046,30,-328,5,no
11995,57,1592,4,no
18520,56,33,15,no
34512,27,0,1,no
33946,47,1431,1,no
34831,26,0,1,no
28099,51,394,2,yes
32700,79,3481,4,no
1940,31,12,4,no
4237,40,464,7,no
25086,48,1092,1,no
35222,32,426,1,no
41230,27,5741,1,no
2469,40,92,1,no
23845,48,700,2,no
40228,41,764,2,no
6532,31,77,2,no
34828,35,0,1,no
41509,70,6538,1,yes
4224,46,679,1,no
37569,44,206,1,no
44140,72,402,3,no
14316,48,101,3,no
17068,27,159,2,no
42254,38,1767,7,yes
38377,43,285,6,no
41839,40,79,1,yes
7473,27,357,3,no
21392,46,3115,2,no
15477,59,0,4,no
27782,29,8,1,no
34373,43,2643,5,yes
5095,32,335,2,no
13916,54,0,1,no
15987,47,-504,1,no
26083,33,621,3,no
14308,32,184,3,no
36990,39,942,2,no
10632,37,1092,1,no
3621,55,151,2,no
12707,36,0,6,no
21589,36,734,2,no
20268,55,578,2,no
23347,41,852,10,no
39092,29,468,1,no
37914,40,2258,3,no
39723,30,48,2,no
26462,31,11386,1,no
28773,60,2552,2,no
33604,28,7102,3,no
38959,28,-36,1,no
9947,41,510,2,no
21894,34,1194,2,no
43668,20,291,5,no
33714,26,1134,4,yes
32617,30,-43,1,no
20227,43,7876,2,no
26358,51,1535,1,no
13200,29,290,1,no
10306,44,2692,1,no
42519,51,955,3,yes
44636,37,1113,2,yes
31885,34,1451,3,no
35750,56,-116,2,no
9140,46,5164,11,no
40781,44,0,1,no
16816,37,0,5,no
39905,60,1906,1,no
42911,32,3188,2,no
4038,27,-20,6,no
14100,41,1499,2,no
9776,41,5585,1,no
31392,53,2245,2,no
39896,49,523,1,yes
30910,26,255,1,yes
37443,39,640,4,no
17196,25,-380,4,no
43919,30,166,1,no
16363,32,126,2,no
18390,35,86,2,no
23840,49,0,2,no
16603,41,0,1,no
13245,55,1221,1,no
43794,39,613,2,no
18085,30,1223,5,no
34346,40,1313,4,no
1012,34,1107,1,no
3027,26,3096,1,no
29209,33,3519,1,no
35101,29,100,4,no
31151,62,2021,1,yes
41578,50,388,2,yes
13764,31,12,3,no
16068,41,465,1,yes
4066,46,7934,1,no
4992,34,-370,1,no
24319,41,0,1,no
25321,40,5674,1,no
22961,53,206,6,no
26010,53,6921,3,no
12096,28,311,13,no
33780,59,1939,1,yes
17341,32,2468,4,no
9627,52,590,5,no
3158,52,601,2,no
11296,49,1050,5,no
41771,67,361,2,yes
23027,36,1313,6,no
11133,58,7798,5,no
40410,40,-63,1,no
43601,45,7203,2,no
15127,57,429,1,no
1835,33,546,1,no
40418,40,2763,1,yes
37524,49,4976,9,no
14133,35,0,3,no
11829,36,7123,17,no
22583,30,475,5,no
7272,35,295,2,no
24954,35,0,1,no
6439,59,844,2,no
31889,35,0,3,no
18496,48,648,2,no
25920,57,5935,2,no
23146,32,0,9,no
15118,26,-189,2,yes
16909,57,-525,1,no
37400,36,328,3,no
11474,52,2800,1,no
34739,37,1222,1,no
41758,45,6879,1,no
44070,26,463,2,yes
35333,29,428,1,no
32894,29,441,1,no
41922,33,6807,2,yes
3510,41,-233,2,yes
31854,30,357,2,no
25794,57,0,1,no
32551,33,7,1,no
18978,45,0,2,no
5097,37,1818,1,no
24294,58,318,1,no
42443,52,657,2,no
12786,51,505,1,no
24577,38,242,2,no
32871,29,297,2,no
6673,39,412,1,no
23211,55,2944,6,yes
8198,50,5164,4,no
40286,35,1701,1,no
26717,31,6981,3,no
37983,55,338,4,no
1291,26,-29,1,no
44512,62,272,1,yes
2689,28,15,2,no
23289,55,570,6,no
41518,30,208,1,no
22040,43,1088,3,no
11292,50,280,23,no
37731,43,38,1,no
20938,31,1494,12,no
37713,29,21,4,no
19993,32,2711,1,no
41917,53,3370,1,no
41808,62,276,2,no
18708,37,48,10,no
21280,36,1283,5,no
9854,36,26,1,no
26151,37,7245,6,no
4187,52,81,3,no
7047,43,50,8,no
21099,56,1119,2,no
8175,30,-111,2,no
4346,48,858,4,no
15469,45,153,9,no
18374,46,390,2,no
38979,29,200,1,no
38030,59,502,3,no
9380,26,940,3,no
14177,59,3812,2,no
42219,51,938,2,no
18592,52,554,5,no
13635,41,1249,1,no
31220,49,2881,3,yes
6776,26,396,1,no
3519,59,1423,2,no
30839,46,1106,13,no
30929,29,160,2,no
36529,37,2364,4,no
31521,46,-30,1,no
37414,38,0,5,no
30278,34,3,5,no
44227,46,9299,1,yes
31479,44,5780,2,no
24138,30,12857,1,yes
4548,33,403,2,no
3678,36,281,1,yes
27865,56,-246,2,no
41764,55,538,1,no
39458,35,204,1,yes
16011,40,0,1,no
20925,56,397,2,no
43499,22,3472,1,yes
14076,47,1139,2,no
24420,57,92,3,no
3464,34,-353,1,no
11327,49,507,14,no
22533,34,0,4,no
17656,32,138,4,no
33662,33,1586,4,no
37950,28,1377,2,yes
30467,29,209,2,no
13174,59,1,1,no
33095,37,2697,1,no
8122,31,684,2,no
33504,21,3472,3,no
13431,34,-1,1,no
1124,43,117,2,no
37407,53,-1112,3,no
2905,57,2439,1,no
13087,46,3,1,no
42311,54,0,1,no
25467,32,1583,1,no
6261,52,-585,2,no
26048,39,1315,4,no
19080,59,-1,2,no
11326,42,1371,8,no
4889,33,49,1,no
10204,40,376,2,no
20651,33,519,3,no
33106,32,17332,1,no
14387,43,145,3,no
8517,24,66,1,no
44901,28,174,1,no
10323,43,0,1,no
10662,47,4307,1,no
3865,53,634,2,no
24415,46,10,1,no
30294,27,2648,1,yes
19858,52,2142,2,no
9211,44,358,1,no
8128,32,-399,1,no
44829,34,3301,5,yes
32591,45,407,1,no
43483,36,1177,1,yes
20973,43,64,2,no
44895,72,4657,4,no
11507,51,3134,3,no
38396,27,311,1,no
28199,53,-76,1,no
22310,49,1898,1,no
20493,47,0,5,no
36770,40,226,2,no
10723,56,535,4,no
31205,34,1036,4,no
39781,26,2613,1,yes
6831,29,175,3,no
12282,53,21522,4,no
5335,41,287,2,no
27060,49,6116,1,no
11929,38,530,6,no
34202,46,1446,1,no
35590,33,0,2,no
8535,47,17964,2,no
2215,44,236,1,no
25000,30,83,2,no
28740,36,5,1,no
35769,29,156,4,no
43814,32,500,1,no
10706,44,647,2,no
2250,33,1862,1,no
28910,46,699,1,no
38610,32,233,2,no
6837,29,26,1,no
8186,35,1632,2,no
31697,36,11767,1,no
702,46,401,2,no
10915,51,886,1,no
15756,56,486,1,yes
21484,38,216,4,no
34024,56,2986,1,no
11630,45,3388,7,no
13824,33,1746,1,no
42342,52,2337,3,no
41745,79,79,2,yes
11694,42,1002,3,no
29259,31,783,2,no
30017,44,272,4,no
6535,28,100,2,no
30131,45,226,2,no
23340,34,255,9,no
9505,37,33,1,no
4979,32,435,2,no
101,44,-674,1,no
35653,42,-149,1,no
23445,48,844,21,no
24793,44,316,1,no
6152,39,-44,1,no
5404,34,5553,5,no
11200,48,5348,1,no
7727,27,7102,9,no
37577,49,-205,6,no
3441,58,0,9,no
32571,31,-163,1,no
44490,31,0,1,yes
44534,32,376,1,no
41204,58,385,1,no
805,35,0,1,no
39118,47,536,2,no
33201,50,221,2,no
4625,36,134,1,no
22471,36,331,4,no
34556,48,-513,4,no
39114,26,0,4,no
11680,41,1273,3,no
28918,21,1333,1,no
35557,30,3086,3,no
1967,37,2378,2,no
5622,30,253,4,no
35459,57,1753,1,no
11728,59,279,1,no
27542,35,3636,2,yes
25716,33,8038,1,no
17429,57,0,3,no
29732,52,774,1,no
10869,37,5818,2,no
32538,36,442,1,no
3063,49,329,2,no
19167,49,195,2,no
18044,38,238,8,no
40677,73,5539,1,yes
27558,36,396,2,no
6674,36,15,4,no
13388,46,152,1,no
1323,55,-24,1,no
17948,53,717,2,no
790,59,836,1,no
26585,30,1456,1,no
39912,41,1602,1,no
3188,50,95,5,no
25335,42,560,2,no
25707,44,1161,1,no
16462,56,-429,4,no
37163,36,0,1,no
12229,35,306,8,no
26321,31,167,1,no
14172,37,-601,2,no
31809,36,419,3,no
3866,44,0,2,no
2062,34,-220,4,no
19039,58,937,1,no
29950,34,1651,1,no
1965,34,6411,2,no
5403,40,-319,3,no
31584,42,2249,2,no
26560,33,53,1,no
4447,31,827,1,no
16665,45,0,1,no
9157,55,7025,3,no
15876,47,-18,2,no
36027,43,704,2,no
27727,32,232,1,no
1691,32,739,1,no
21792,33,1412,1,yes
8863,29,220,2,no
30242,43,587,6,no
26992,44,1548,6,no
10236,38,188,10,no
23063,38,0,38,no
2642,33,-306,4,no
42379,58,3399,2,yes
11632,25,-191,7,yes
30085,43,354,2,no
2064,33,-257,4,no
16551,47,31,4,no
35754,50,-441,2,no
29753,52,2281,1,no
9072,37,983,1,no
43716,26,104,1,no
29727,56,145,1,no
29464,32,393,2,no
9000,41,261,1,no
12838,59,13718,6,no
12406,34,89,5,no
7506,51,3087,4,no
17954,26,0,20,no
16638,38,593,24,yes
14806,31,81,8,no
20495,30,443,2,no
25279,42,1113,2,no
44410,45,205,1,yes
12256,58,0,2,no
157,51,1883,1,no
43731,56,448,1,yes
10444,35,3140,3,no
13936,28,339,1,no
14384,30,0,2,no
31288,38,1101,2,no
27089,31,8629,1,yes
43437,69,2398,1,no
24726,49,-188,1,yes
36352,39,-495,6,no
19686,33,-479,1,no
7930,52,12,5,no
43035,46,349,2,yes
6640,26,535,1,no
6065,33,133,4,no
36062,35,356,5,no
38607,41,6393,3,no
1394,28,113,2,no
18612,37,1286,7,no
2960,50,0,1,no
10155,56,1210,1,yes
18970,54,770,1,no
24268,48,17,1,no
31068,27,4991,1,no
42376,53,1982,1,yes
32160,31,205,1,no
28125,49,557,1,no
44849,45,375,1,no
8888,29,447,1,no
21721,43,3820,5,no
27263,36,0,1,no
4962,31,891,3,no
38629,36,0,4,yes
31049,20,1191,1,no
24548,55,1563,2,no
20822,59,249,5,no
26134,51,3188,3,no
32520,43,664,1,no
26102,37,226,2,no
4903,29,-300,1,no
14054,37,0,1,no
3356,55,158,18,no
40550,21,61,1,no
10768,58,372,2,no
1626,47,-98,1,no
30380,48,459,1,no
31102,74,1714,1,yes
28722,33,525,1,no
21235,59,0,4,no
22335,31,0,2,no
41180,81,1,5,no
12035,58,0,3,no
14731,39,285,3,yes
23362,31,4979,2,no
26272,35,199,1,no
44285,27,-69,1,no
12457,59,0,1,no
29202,43,16,2,no
43132,52,2227,2,yes
12549,34,-346,4,no
35332,36,1804,1,no
28852,48,370,2,no
42083,61,8729,1,yes
29215,59,3401,1,no
25816,30,101,2,no
24831,37,66,2,yes
28398,38,2329,1,no
38864,27,54,1,no
44076,29,738,1,no
24656,46,1375,3,no
6843,50,59,2,no
31637,32,393,2,no
18724,54,812,6,no
28224,55,273,3,no
29139,27,1414,1,no
9677,60,295,4,no
26828,35,0,4,no
6816,55,-317,1,no
14904,38,217,3,no
3016,38,7695,2,no
31767,37,720,3,no
10156,53,431,1,no
33114,29,1238,1,no
24462,41,112,1,no
29691,30,113,3,no
40963,40,99,2,no
42847,33,303,1,yes
15327,31,1291,1,no
44243,47,523,1,no
32761,37,0,2,no
27974,54,0,2,no
14152,59,-86,2,no
4597,31,5607,1,no
1039,32,186,2,no
4207,33,86,1,no
18845,50,1533,1,no
33170,43,1220,2,no
27701,44,736,9,no
18079,60,726,5,no
3563,50,1604,5,no
41454,55,602,1,yes
5000,32,317,2,no
10150,58,4840,1,no
44455,34,417,1,yes
23746,60,872,5,no
6796,38,12,2,no
18885,51,1613,1,yes
19383,43,690,3,no
43782,60,0,4,yes
28242,55,0,1,no
23327,51,-17,6,no
14868,28,272,1,no
16788,54,1335,1,no
36443,55,468,2,no
14676,40,-37,4,no
43266,29,1448,1,no
4737,23,-116,6,no
32653,32,1074,1,no
14661,41,226,5,no
25140,32,3442,1,no
17506,34,156,3,no
9186,37,637,1,no
43011,39,1382,2,yes
15010,49,964,1,no
29497,29,120,1,no
41631,79,909,1,no
32200,32,-53,1,yes
39293,31,-119,5,no
41694,60,71188,1,no
19560,57,7747,2,no
35520,38,0,2,no
29143,59,0,1,no
38217,27,212,1,no
7014,30,419,3,no
35879,37,3429,4,no
39638,29,2907,1,no
37596,44,-182,10,no
4619,33,148,1,no
15002,49,78,2,no
8012,24,86,2,no
33751,66,2262,1,no
906,35,267,1,no
33926,30,606,1,no
38293,31,39,5,no
34091,51,5341,2,no
32303,39,691,1,no
4168,26,484,2,no
37024,28,3589,1,no
25837,32,8619,2,no
41240,57,16,3,no
29096,47,15,1,no
39416,39,307,2,yes
7998,46,938,2,no
25490,32,1721,2,no
3323,53,2785,1,no
23592,59,82,6,no
41576,40,4775,1,yes
39101,29,1501,1,no
29022,36,854,1,no
35967,34,174,3,no
24908,35,7530,1,no
39291,32,5,3,no
44896,34,812,2,no
248,40,207,1,no
11189,49,332,2,no
5423,29,368,1,no
10005,40,-63,4,no
19607,52,1515,4,no
19103,55,4424,4,no
22340,46,532,2,no
27037,30,1942,2,yes
23082,31,3220,4,no
9082,45,2424,1,no
21902,56,681,4,no
35784,37,3653,1,no
30270,53,4554,6,no
19970,49,823,4,yes
7431,29,404,2,no
36091,39,0,1,no
25546,40,1077,1,no
9182,39,914,1,no
41559,49,315,1,no
31438,26,1327,4,no
8886,28,655,2,no
10024,35,4378,3,no
40030,53,2600,1,no
11113,51,1093,1,no
44279,28,2015,2,no
32327,31,68,2,no
23246,31,24,2,no
26773,47,3533,1,no
39544,52,5091,1,no
21052,30,1299,2,no
22710,54,211,6,no
39250,30,177,4,no
34041,31,0,2,no
34749,40,83,1,no
38587,30,-910,2,no
44546,27,598,1,no
6558,36,260,8,no
40379,27,446,3,no
24178,35,127,1,yes
3173,56,1121,2,no
30007,59,616,3,no
11362,54,10662,1,no
35301,31,77,1,no
11272,45,220,4,no
10113,51,196,1,no
32675,37,722,1,no
3770,33,58,2,no
39193,35,-292,2,no
7487,39,0,3,no
8912,40,113,1,no
33151,36,928,1,no
5980,33,99,11,no
29612,43,5082,3,no
36345,36,0,2,no
25121,50,21,1,no
21849,42,160,2,no
4707,36,362,2,no
29311,43,-247,2,yes
23450,33,0,6,no
12658,27,35,1,no
17539,55,408,2,no
25991,33,0,2,no
22990,45,-190,4,no
38181,26,77,1,yes
36922,38,1556,3,no
29075,36,763,1,no
38663,45,302,3,no
23014,45,0,2,no
44664,25,2975,2,yes
39677,51,2337,2,no
29452,55,8037,2,no
23639,45,-183,13,no
43639,54,1182,2,no
29768,31,1005,2,no
33732,66,2552,4,no
34478,52,576,1,no
13953,50,888,3,no
25505,33,3696,1,no
13349,32,61,5,no
8073,44,-143,6,no
23199,55,39,5,no
2509,32,3839,1,no
22141,30,4948,2,no
5497,32,4,2,no
30083,56,1848,2,no
29808,37,2,1,no
40,37,0,1,no
26577,37,836,1,no
35944,36,515,4,no
1372,31,28,1,no
15565,26,49,3,no
31778,37,810,1,no
20213,30,54,2,no
289,32,1331,2,no
24858,56,1388,1,no
3493,56,739,1,no
10186,41,637,4,no
17406,37,147,19,no
28486,33,-452,2,yes
833,37,16,1,no
19840,47,8229,2,yes
43647,34,1221,1,no
30420,52,-307,1,no
43689,22,123,2,no
41701,30,655,2,yes
25675,51,580,2,yes
38537,45,-407,3,no
28963,48,-269,1,no
24616,30,163,3,no
40187,54,466,2,no
33524,37,489,2,no
16976,39,1492,1,no
40982,33,641,2,no
37550,30,2583,3,no
4485,38,614,1,no
43219,60,12980,1,yes
42399,68,2820,1,yes
43558,31,725,1,no
29240,58,158,5,no
32826,35,372,2,no
5700,33,-27,1,no
15338,34,1239,1,no
17297,35,289,10,no
4841,37,1176,2,no
19161,39,13021,2,no
7130,52,1308,1,no
21697,56,0,4,no
17461,55,655,6,no
36431,44,-497,2,no
37309,32,1670,1,no
31912,40,1315,2,no
1036,52,196,3,no
22532,32,141,13,no
9,58,121,1,no
30471,36,624,2,no
24636,43,0,2,no
19513,31,246,2,no
25928,32,-56,1,no
8763,29,-309,1,no
26968,50,85,1,no
45038,45,2048,1,yes
30942,42,0,2,no
15662,49,-412,1,no
13693,42,199,1,no
39168,38,1560,2,no
31996,56,2765,3,no
44311,47,1210,4,no
34757,40,1438,1,no
33544,38,76,2,no
30407,40,-212,1,no
3523,44,0,6,no
9800,50,1595,1,yes
38666,34,72,3,no
29747,45,75,1,no
7262,32,250,1,no
28326,37,183,1,no
5045,57,42,3,no
13370,27,154,1,no
4743,57,-871,10,no
23265,48,2328,7,no
40117,29,488,1,no
17036,54,1331,2,no
7993,43,1029,1,no
13951,50,892,1,no
17932,43,54,2,no
22703,42,343,4,no
716,41,322,4,no
15576,52,592,2,no
5384,24,820,1,no
8554,39,203,1,no
6791,28,1069,1,no
9608,45,246,1,no
44073,39,224,2,yes
17316,50,859,7,no
18899,41,934,1,no
14545,38,7752,4,no
36342,30,692,1,no
36724,49,89,1,no
32710,41,43,1,no
27540,41,686,3,no
8256,33,471,2,no
10039,39,16917,6,no
39204,42,1687,3,no
27829,55,322,1,no
38789,33,523,5,no
28986,55,347,1,no
9394,43,101,1,no
13320,27,202,2,no
21769,38,0,2,no
15921,54,651,2,no
9252,58,1464,29,no
29348,30,3485,2,no
29738,51,1328,1,no
26449,35,667,1,no
32345,50,854,1,no
7468,30,125,2,no
44573,33,484,3,yes
22665,60,155,7,no
1858,28,7,3,no
40068,26,132,1,yes
13767,33,55,1,no
18880,57,3,2,no
25751,43,6835,1,no
32722,50,432,1,no
12750,44,2,2,no
4988,38,216,1,no
44665,41,7968,1,yes
7521,43,-715,3,no
35647,34,233,8,no
41958,61,86,1,yes
14673,44,4389,4,no
1421,40,698,2,no
44040,32,64,4,yes
25416,36,369,4,no
38149,30,-143,1,no
41624,39,150,1,no
18506,28,22,3,no
31044,30,1599,2,yes
5432,39,-455,2,no
33379,42,208,1,no
3320,49,3018,1,no
29703,31,777,4,no
23693,34,1863,1,no
44113,27,914,2,no
20510,30,850,2,yes
33012,46,961,2,no
38071,37,20,5,no
40392,45,1529,1,no
20625,31,1858,3,yes
26685,31,3837,1,no
30335,50,-812,8,no
38493,37,-22,1,yes
26177,32,344,1,no
4425,40,1259,5,no
32445,41,433,1,no
16584,34,4,1,no
4561,42,0,12,no
23893,33,233,2,no
8237,31,-282,1,no
32054,38,766,2,no
17823,43,744,4,no
42337,35,4922,4,yes
34079,53,6112,1,no
25058,46,771,1,no
20550,34,23919,2,no
15239,27,0,5,yes
21076,59,1021,2,no
12106,44,786,7,no
40906,26,50,1,no
29688,56,284,4,no
15610,28,739,1,no
25134,31,2076,1,no
2219,41,1052,1,no
19439,52,1815,3,no
8806,25,2,2,no
21103,32,1512,4,no
4229,52,6353,2,no
26683,32,121,1,yes
1946,29,43,2,no
34097,27,3342,2,no
569,34,0,1,no
20823,45,144,4,no
43099,33,396,3,no
31759,56,2847,1,yes
24410,41,0,2,no
40365,31,660,1,no
35476,38,546,3,no
24794,34,0,1,no
40735,23,0,1,yes
17799,40,224,3,no
12167,37,3715,17,no
17057,51,2156,3,no
34800,51,437,1,no
8993,38,-3,1,no
26594,31,-282,3,no
28997,40,0,2,no
8337,29,0,4,no
27654,43,346,5,no
34603,44,0,2,no
38041,33,968,5,no
1051,45,118,2,no
25759,58,590,1,no
44830,37,488,1,yes
29350,32,1534,2,no
16943,45,634,1,no
19814,33,1909,2,no
14814,56,-199,2,no
17615,43,210,2,no
13556,56,-160,2,no
545,40,11,1,no
16444,35,74,2,no
38158,52,-100,4,no
1888,54,781,2,no
32909,28,1106,2,no
10011,41,1113,12,no
43840,57,2986,1,no
20781,52,95,2,no
23110,31,392,3,no
35373,50,0,1,no
37210,40,1023,5,no
9503,37,342,1,no
26053,55,372,5,no
33053,49,1359,3,no
9656,51,502,2,no
13136,25,-44,1,no
2478,35,2144,2,no
38832,31,263,4,no
29137,26,0,1,no
21488,58,309,2,no
4822,33,3090,1,no
35382,55,0,1,no
31561,35,3187,1,no
37576,33,1615,8,no
30794,30,522,3,no
39547,32,995,1,no
37968,34,2542,1,no
44152,79,2787,1,yes
27212,37,0,1,no
4116,57,0,1,no
6052,39,2805,23,no
17368,38,337,4,no
12143,46,83,5,no
44936,39,2939,1,yes
26367,30,501,1,yes
34316,49,207,2,no
18051,41,0,2,yes
43306,38,465,1,yes
27796,43,3049,2,no
21623,36,0,6,no
13711,51,121,1,no
12207,48,0,16,no
26283,33,5151,1,no
44116,32,491,7,yes
24011,46,591,2,no
41931,19,329,2,yes
7256,31,8,5,no
821,58,1109,1,no
25592,30,8,1,no
45048,69,4189,4,no
27195,44,762,1,no
10409,54,2243,1,no
22945,35,1285,4,no
5211,35,2238,3,no
39963,30,2694,1,no
17752,36,301,1,no
38092,30,386,4,no
19247,40,3812,4,no
26324,46,3999,1,no
38383,47,14,1,no
30840,35,354,4,no
36384,50,1549,2,no
13159,31,731,1,no
9508,35,-2,1,no
42411,26,294,2,yes
27466,35,29397,1,no
42743,38,0,1,no
20771,58,1669,2,no
16588,29,544,2,no
36013,43,310,7,no
5252,35,1354,2,yes
19485,56,3120,2,no
40334,43,1518,6,no
45020,57,16873,3,no
29943,43,372,2,no
17540,45,1525,2,no
5721,31,895,1,no
23860,56,67,2,no
10374,58,0,6,no
26859,51,0,5,no
10329,36,183,5,no
35376,30,-109,4,no
34540,51,2,1,no
20396,34,1039,3,no
41998,70,616,1,no
43685,29,3290,1,yes
42434,34,360,1,no
8219,42,-1129,5,yes
30571,54,542,5,no
37995,41,200,6,no
285,30,0,2,no
5094,35,1317,4,no
22109,44,0,2,no
24958,58,63,1,no
20913,47,599,3,no
41262,23,8494,2,no
29470,27,1235,1,no
40243,28,1536,3,no
42985,70,579,2,no
5918,35,-158,2,no
16047,36,0,1,no
33813,36,0,2,no
35172,36,89,6,no
26519,54,300,2,yes
24721,43,197,2,no
21916,37,-318,20,no
13790,31,46,1,no
6499,43,1379,3,no
25244,36,1174,2,no
10646,50,0,3,no
43930,45,2033,5,yes
22550,35,712,5,no
26289,33,1402,5,no
25881,58,3498,1,no
17043,40,60,1,no
36734,45,353,1,no
657,41,4,2,no
20577,55,134,16,no
28149,53,164,1,no
19697,50,283,3,no
28339,36,268,1,no
7086,41,1020,1,no
3414,58,1713,2,no
5457,35,341,2,no
32476,44,125,3,no
33202,34,1217,2,no
28682,34,34,1,no
26739,30,511,3,no
3533,36,263,2,no
20640,30,9634,5,no
12196,37,523,7,no
15307,46,0,1,no
27348,45,942,1,no
37912,37,887,2,no
35176,24,14,1,no
45190,25,199,1,no
27032,33,2655,1,no
37716,39,-237,2,no
12554,44,303,1,no
804,37,238,2,no
13486,43,-410,1,no
2785,48,247,1,no
21236,52,1271,3,no
39431,26,2026,1,no
30118,26,1510,3,no
30425,46,-780,1,no
231,47,-12,1,no
203,44,575,1,no
16097,39,127,1,no
2335,31,296,1,no
13608,34,81,1,no
17874,46,271,29,yes
26131,31,525,7,no
20061,48,104,4,no
39814,43,2367,1,yes
35816,30,33,3,no
9215,48,1733,3,no
25271,39,1108,2,no
9559,37,1549,2,no
7418,58,5788,2,no
43018,26,632,1,yes
18750,42,1064,35,no
28006,52,1033,3,no
42137,64,2352,4,yes
33476,44,3373,2,no
40715,37,318,1,no
30578,42,1397,7,no
15476,33,171,4,no
14753,36,321,2,no
44145,47,3696,2,yes
30447,42,513,1,no
27199,35,80,2,no
29450,57,169,1,yes
19025,45,1395,1,no
14898,45,2,2,no
15462,35,0,9,no
28091,28,20,2,no
368,43,1,1,no
38511,51,1174,1,no
22084,36,310,2,no
13021,25,495,3,no
43854,28,75,1,no
8320,44,-292,7,no
7555,44,-389,4,no
11624,45,-198,25,no
12755,25,0,1,no
18187,45,81,3,no
23281,45,692,4,no
38791,28,2486,5,no
41165,35,2658,2,yes
457,40,-109,1,no
40558,49,151,3,yes
33049,37,6127,2,no
41984,55,865,1,no
18190,27,489,4,yes
16211,27,0,13,yes
21618,42,12584,25,no
26648,33,3713,1,no
31093,51,195,1,no
16415,57,-868,1,no
38657,30,-750,3,no
13138,39,130,2,no
8307,58,1604,3,no
3163,53,4464,3,no
28815,33,22,2,no
15835,40,96,2,no
13340,44,5068,2,no
18086,47,269,5,no
39997,30,3340,3,yes
2701,37,1026,2,no
26380,30,2289,1,no
38527,56,-458,4,no
9113,45,0,2,no
3696,32,1423,3,no
45101,34,152,1,no
4172,38,830,2,no
4688,31,4761,2,no
20297,32,2018,1,yes
12591,56,94,1,no
18771,50,9585,6,no
300,57,792,2,no
24225,45,1323,1,no
7588,52,2909,1,no
18356,38,264,2,no
30108,34,277,2,no
7125,31,283,3,no
44458,37,2283,2,yes
24130,31,1331,1,yes
1841,26,1349,1,no
10603,36,2962,2,no
26480,50,421,5,no
41060,26,777,2,no
1719,22,2412,2,no
30362,31,1004,6,no
33261,46,189,1,no
10740,40,0,12,no
965,46,143,1,no
26298,39,892,1,no
13914,25,1243,7,yes
17870,26,0,26,no
25917,30,946,1,no
7840,26,174,2,no
42941,53,4968,1,no
45006,26,2007,1,yes
1582,34,298,2,no
37684,35,3863,1,no
35446,48,368,2,no
10954,55,5838,2,no
36597,31,2190,6,no
2567,41,0,1,no
28602,57,939,2,no
14273,27,-517,3,no
20768,56,1784,2,no
2184,28,-219,2,no
10320,49,1784,1,no
42315,43,3186,1,yes
19959,46,2148,4,no
9571,49,2908,1,no
34064,25,219,1,yes
40026,40,694,2,yes
26612,44,3953,1,no
26687,31,1987,2,no
26444,56,23,3,yes
8030,35,440,1,no
38277,26,276,1,no
32924,36,526,2,no
41905,36,480,1,yes
32519,43,264,2,no
38230,35,22,2,yes
6636,30,280,2,no
15771,59,5865,1,no
23720,33,968,10,no
20206,53,1242,2,no
37945,29,769,3,no
42310,23,1234,1,yes
39866,26,915,1,yes
7489,46,2527,3,no
13876,37,166,1,no
31343,48,1981,3,no
10834,44,-82,1,no
10206,44,825,2,no
39340,35,225,5,no
32703,30,-6,1,no
29006,47,207,1,no
43681,19,608,1,yes
4126,30,1312,2,no
2789,46,0,1,no
37812,36,1354,1,yes
25688,49,0,2,no
3372,40,-9,2,yes
36573,38,1533,1,no
26073,49,3972,2,no
24014,39,0,6,no
18205,43,2,3,no
15352,40,49,1,no
41096,42,-306,1,yes
32092,53,1311,3,no
33586,36,0,3,no
29304,37,-1,2,no
31917,31,900,2,no
41985,52,1373,1,no
14416,57,24,2,no
39446,42,994,5,no
9647,33,806,3,no
23553,31,23,7,no
3545,52,665,4,no
41932,33,79,2,yes
3348,46,346,1,no
11389,54,1925,3,no
1715,54,785,2,no
24772,31,19,1,yes
38420,28,217,2,no
30114,31,3,2,no
9934,60,17413,1,no
21657,30,-189,2,no
39312,40,592,3,no
20088,32,3297,2,no
44627,31,-205,1,yes
31797,52,821,2,no
2584,46,781,1,no
32589,43,948,1,no
12952,44,5038,7,no
25925,34,5057,1,no
18114,45,2922,3,no
2958,55,2607,1,no
3972,35,767,2,no
43426,57,230,2,yes
2560,56,88,2,no
24999,54,2171,1,yes
6181,45,23,4,no
29424,59,182,1,no
2685,55,493,7,no
32769,30,246,1,no
28033,55,559,2,no
4936,37,1450,1,no
39148,57,2058,2,no
40687,38,4297,2,yes
12411,34,-868,2,no
40499,66,2169,1,no
33877,38,1970,1,yes
25241,43,-2122,3,no
26277,47,574,5,no
9457,35,0,3,no
21911,34,4,4,no
42801,43,2501,4,no
40935,26,374,2,no
22391,49,0,4,no
12765,46,926,5,yes
9510,36,561,2,no
37241,39,-427,5,no
35042,27,3096,4,no
5285,32,2459,1,no
14639,45,-207,2,yes
33494,32,819,2,yes
28586,30,3405,2,no
44024,58,3109,1,yes
3335,54,7864,4,no
44163,31,2166,6,yes
31396,83,46,1,yes
15277,33,92,3,no
15529,33,137,12,no
41281,49,3466,3,no
2172,26,-23,1,no
44891,36,923,1,no
34164,36,728,1,yes
42560,26,3145,1,yes
40885,36,2987,1,yes
12892,25,913,4,no
5522,37,507,1,no
16318,48,480,1,no
22609,47,0,3,no
35026,35,272,4,no
32086,33,2374,2,no
5974,30,129,7,yes
30369,34,1586,2,no
41177,38,10596,1,yes
26507,35,5250,1,no
25916,34,131,1,no
14703,54,13,2,no
26744,58,2716,2,no
41550,42,3082,1,yes
32679,28,3028,1,no
21285,37,3396,6,no
23294,55,328,4,no
44171,41,5329,2,yes
37813,35,2755,2,no
44839,32,427,1,no
41837,43,2557,3,yes
17126,44,446,12,no
16488,30,151,4,no
8651,38,10,10,no
31354,22,2139,8,no
33369,36,878,1,no
31597,39,-152,3,no
29441,43,308,3,no
26336,36,2326,5,no
6746,24,3298,1,no
13272,52,350,2,no
7559,55,3629,1,no
37369,26,0,3,no
18964,56,302,2,no
24275,57,1540,1,yes
41080,60,209,3,yes
34639,41,326,1,yes
27850,26,3244,1,no
31486,34,1924,2,no
17608,41,978,2,no
33982,28,434,1,no
20331,33,2586,3,no
1643,35,4286,1,no
22015,48,1143,3,no
3687,40,26,3,no
292,54,447,2,no
31806,46,1204,2,no
2086,37,194,7,no
41934,31,6281,1,yes
24007,30,124,4,no
11748,43,1517,1,no
26835,43,744,4,no
42954,24,235,1,yes
32542,50,181,2,no
28967,40,572,3,no
36698,30,-529,4,no
42787,27,6421,4,no
1766,60,404,2,no
26218,50,8649,1,no
23839,46,134,2,no
43314,29,874,1,yes
25155,48,1600,1,no
38971,33,827,4,no
13293,54,758,1,no
42304,57,367,2,no
34970,30,501,2,no
23681,38,0,18,no
31262,83,1097,1,yes
33367,34,2798,4,no
27616,35,22569,4,no
19402,36,46,3,no
5895,31,-579,1,no
43412,39,224,1,yes
32506,56,3738,1,yes
25071,53,8563,1,no
7927,53,62,5,yes
37380,34,467,2,no
36690,48,2204,1,no
2798,26,91,2,no
12237,35,1529,5,no
32293,54,736,1,no
28190,27,980,1,no
37832,28,58,6,no
42842,76,852,2,no
1217,30,387,1,no
18934,60,7337,1,no
11774,44,10984,18,no
42125,44,1818,2,no
33645,33,641,3,no
31835,30,2544,2,yes
2090,57,3867,2,no
4740,32,3514,2,no
4287,41,665,3,no
32011,57,1318,2,no
16089,35,33,1,no
42181,24,125,1,yes
42474,28,1351,1,no
33613,30,20,6,no
12140,44,1823,2,no
4439,31,1820,1,no
7203,58,4497,1,no
29222,61,893,1,no
27380,59,7813,1,no
1828,41,2457,1,no
5454,32,1522,3,no
38918,26,16563,1,no
18409,43,0,4,no
1871,47,266,1,no
44702,84,1680,5,no
37629,37,833,1,no
29387,52,820,2,no
14318,32,8300,3,no
11525,50,59,1,no
12210,36,873,3,no
19887,33,1047,4,yes
23269,33,-173,4,no
5928,43,607,2,no
28541,35,1836,2,no
22056,35,47,9,no
189,34,53,1,no
14894,26,55,5,no
34884,33,714,1,no
44599,29,1937,1,no
27983,59,699,1,no
16555,38,3091,2,no
12274,48,2288,4,no
29000,32,1852,2,no
23415,34,682,3,no
25056,31,0,1,no
28132,26,206,1,no
36846,38,3646,2,yes
12233,38,0,5,no
44178,49,725,1,no
24613,59,2145,2,no
21348,33,134,2,no
19127,58,14922,2,no
28767,56,670,1,no
26094,32,0,3,no
32216,32,309,1,no
5649,38,283,1,no
9515,45,510,2,no
45136,53,1294,1,no
24598,34,2347,1,no
14258,60,2674,2,no
32805,35,430,1,no
12584,34,0,4,no
38771,34,95,4,no
14697,40,4025,4,no
17366,37,404,10,no
25116,31,99,1,no
19040,46,648,1,no
40724,42,3403,1,yes
23456,32,1134,4,no
21357,39,429,6,no
29016,60,216,1,no
23816,30,32,2,no
9054,58,219,1,no
13216,28,1296,5,no
23809,47,996,2,no
20477,47,586,2,no
715,40,419,3,no
25542,31,4728,1,no
21725,39,-225,1,no
9812,50,208,1,no
24280,50,0,1,no
12531,51,0,1,no
27317,34,13354,5,no
22925,34,1322,3,no
18971,43,3529,3,no
39608,60,21088,1,no
22268,32,41,5,yes
5165,25,-61,2,no
2222,30,573,2,no
6539,33,-297,3,no
43968,30,315,1,yes
26350,32,0,1,no
30719,56,616,1,yes
24588,35,560,1,no
28809,31,198,4,no
2688,49,735,3,no
8705,46,-335,1,no
13593,29,1958,1,no
33332,40,565,2,no
2179,45,431,1,no
45063,58,742,1,no
17084,42,1628,8,yes
34118,41,1316,3,no
25727,34,27,1,no
44190,31,2544,1,yes
42100,30,846,2,no
12826,34,564,1,no
35498,24,432,2,no
18953,52,809,1,no
42936,30,1996,3,yes
17527,56,21,7,no
28244,26,941,1,yes
11892,37,0,14,no
21277,54,3398,4,no
2977,50,2087,1,no
12673,30,215,2,no
44412,59,1625,1,yes
37216,35,289,1,no
22473,39,13165,4,no
14844,25,93,1,no
27178,31,4148,3,yes
5590,31,-848,3,no
43131,61,87,2,no
6756,35,194,1,no
6633,36,851,1,no
10934,54,515,1,no
32481,32,8436,1,no
16327,35,329,8,no
24829,41,1199,1,no
11148,24,0,4,no
7107,59,748,1,no
9174,37,1795,1,no
20327,32,1100,1,no
28825,39,-735,5,no
33532,33,1002,2,no
25153,50,1984,3,no
37155,30,2,6,no
3102,30,1480,2,no
34492,32,52,1,no
19147,44,2857,2,no
16010,34,0,2,no
45203,34,557,1,yes
4808,35,-15,3,no
37300,33,162,1,no
31112,61,197,1,yes
125,52,7,1,no
41474,31,924,1,yes
2705,33,-238,2,no
8760,29,1566,1,no
20950,31,512,3,no
19994,32,3786,1,no
40978,37,24,1,no
14536,52,0,2,no
11392,58,0,1,no
7963,34,147,3,no
42631,30,2166,2,yes
1706,59,1407,1,no
9435,30,223,11,yes
44542,28,-62,1,no
42301,41,487,1,no
42903,33,696,1,no
5679,58,295,2,no
17855,44,4968,14,no
13813,35,-428,1,no
39345,27,292,4,no
30192,44,309,1,yes
7000,32,0,3,no
32907,31,102,2,no
27166,32,3314,2,no
9213,45,229,2,no
31299,70,6422,1,yes
18027,60,1091,5,yes
14128,46,76,2,no
15414,31,622,1,yes
44308,61,1058,2,yes
24057,30,239,1,no
18309,47,4567,4,no
10326,48,74,1,no
33956,32,386,1,no
43542,41,431,2,no
34768,30,-1083,1,no
27096,52,230,4,no
43421,32,1088,1,yes
32503,29,933,2,no
23136,46,12,3,no
43938,66,1230,6,yes
26870,30,0,2,no
8486,49,-581,5,no
6121,55,150,1,no
7460,51,844,3,no
14004,29,482,3,yes
2486,48,1949,2,yes
18291,38,1209,5,no
14834,40,0,8,no
20762,53,7132,2,no
32279,51,2964,1,no
9905,37,1093,1,no
38487,52,-50,2,no
20697,49,12531,8,no
4510,35,4170,1,yes
35952,52,863,2,no
40783,63,538,2,no
3669,40,1101,1,no
27845,39,0,1,no
25791,47,1939,1,no
13791,36,9002,1,no
6948,31,1039,7,no
5986,24,66,2,no
8866,29,0,2,no
28171,36,498,1,no
28211,41,350,1,no
20051,46,7982,5,no
39150,22,1157,2,no
6518,35,-208,2,no
7931,49,486,2,no
40833,55,1199,1,no
27146,49,175,1,no
14526,52,370,2,no
8697,30,3107,2,no
13982,41,305,4,no
43857,36,134,1,no
32172,32,3981,1,no
753,36,144,2,no
26528,58,5763,1,no
37319,32,593,3,no
31978,41,816,2,no
41765,57,3927,1,no
10573,39,3705,1,no
11741,50,396,2,yes
9927,42,1030,3,no
26226,31,1263,1,no
9806,56,547,1,no
20087,52,2569,5,no
7287,37,3049,1,no
613,55,255,1,no
29032,40,123,1,no
15857,45,0,4,no
37784,27,1295,1,no
7099,41,615,1,no
22847,44,792,7,yes
12851,57,282,12,no
42045,72,0,3,yes
34571,46,517,3,no
44727,38,0,1,yes
16319,31,33,1,no
30924,52,2709,7,no
17306,31,290,3,no
3553,25,0,2,no
10229,35,18,10,no
27503,38,1973,2,no
14865,48,133,1,no
42073,37,7974,5,no
39033,37,1170,1,no
12807,44,398,3,no
13356,46,-121,4,no
34100,23,598,1,no
45141,63,3904,1,yes
9543,28,727,4,no
39494,34,5086,4,yes
13334,41,-516,3,no
24775,51,-76,1,no
30531,34,1076,10,yes
7139,38,623,1,no
9407,46,613,1,no
27722,39,616,1,no
3712,42,63,6,no
10463,56,654,2,no
19777,34,38,11,no
14823,36,673,1,yes
26608,53,1561,2,no
4398,39,4039,1,no
21899,33,541,2,no
41313,25,11,3,no
27538,45,2644,2,no
5953,44,-544,3,no
19669,55,7303,3,no
43433,43,4389,1,yes
3885,29,272,3,no
19079,34,42,1,no
25300,40,132,2,no
3659,52,779,3,no
9814,39,5201,1,no
20451,42,0,4,no
42139,29,938,1,yes
29448,54,117,3,no
35971,51,1022,3,no
30343,27,923,1,no
33241,36,94,1,no
25084,39,111,2,no
9250,56,0,2,no
44137,30,251,1,yes
23749,34,-64,7,no
13731,28,477,1,no
26423,30,5746,2,no
22363,46,0,2,no
2992,45,1292,2,no
32649,33,3975,1,no
22899,34,94,11,no
31986,42,2103,2,yes
37587,33,223,11,no
14466,36,4324,4,no
20038,36,2745,3,no
17978,36,6641,4,no
21531,39,3494,4,no
16304,46,739,1,no
39525,27,253,2,yes
42575,89,1323,4,no
1948,59,1376,4,no
15934,42,4279,1,no
27484,57,492,2,no
10019,59,2020,2,no
22205,48,0,4,no
20865,31,6413,2,no
33728,39,720,8,no
2294,50,-37,3,no
13888,56,275,1,no
31558,24,496,1,no
37825,37,700,1,no
17671,51,620,10,no
17411,34,436,4,no
14248,52,-2,2,no
12861,29,707,1,no
23523,59,51,2,no
44963,34,247,2,yes
2536,53,1691,2,no
19502,48,-347,2,no
29453,43,553,2,no
26430,52,4269,1,no
37188,43,190,2,no
25638,53,1452,2,no
36,57,63,1,no
18115,60,15681,3,no
13134,39,87,1,no
19565,42,100,2,no
27221,35,1129,2,no
35113,60,6,3,no
25424,35,66,1,no
44439,53,18931,1,no
29338,43,73,2,no
9615,57,204,5,no
18718,34,699,10,no
33216,28,222,5,no
3153,46,2612,2,no
32570,32,1059,1,no
13900,57,2,2,no
28042,45,672,3,no
32846,31,817,1,no
350,55,685,3,no
43680,33,386,1,yes
5732,38,-673,1,no
30024,52,314,2,no
27471,31,29,3,no
32496,53,1794,1,no
5462,45,0,5,no
30884,57,288,3,no
2039,34,-294,2,no
28535,30,743,2,no
25952,47,551,2,no
38262,51,94,1,no
7791,35,3254,3,no
36031,30,52,1,no
19554,40,153,2,no
37921,31,183,3,no
29579,36,102,2,no
5969,53,974,2,no
21351,33,602,6,no
29628,27,0,2,no
2871,48,1405,2,yes
7749,45,7108,3,no
20912,35,3481,3,no
36171,40,98,2,no
10606,57,0,2,no
16142,40,995,2,no
14263,44,781,2,no
12757,27,266,1,no
503,37,230,1,no
41005,48,1559,1,no
3506,55,72,4,no
29997,39,229,1,no
43585,49,1245,2,no
31862,32,344,3,no
24312,56,2749,1,no
21112,46,2118,2,no
34535,31,187,1,no
27075,36,1729,1,no
31524,45,403,1,no
40648,20,292,2,yes
25439,36,3343,1,no
11795,47,287,1,no
10292,53,340,1,no
15547,35,1057,2,no
18980,31,83,2,no
43615,77,7802,1,yes
35129,25,115,2,no
43001,42,413,2,yes
26054,46,1388,5,no
43496,34,1313,4,no
14005,36,3415,10,no
35228,36,396,4,no
16598,26,8,1,no
22222,36,18,2,no
28341,27,1209,1,no
209,39,257,1,no
24433,37,1467,1,no
6887,38,-314,2,no
35255,31,259,1,no
22889,31,23,3,no
11277,57,914,2,no
43575,55,1320,2,yes
39305,24,69,3,no
44949,26,706,1,no
8233,58,3,4,no
1748,39,169,1,no
4148,28,43,1,no
23367,48,2460,11,no
40503,66,203,1,yes
2704,35,-123,4,no
20877,51,3754,3,no
16472,27,-392,2,yes
44885,40,3840,2,yes
9273,52,1623,17,no
5438,34,498,2,no
6116,40,189,2,no
33913,25,943,1,yes
38917,27,565,2,no
40955,77,699,2,yes
14339,32,47,3,no
37502,32,335,3,no
30548,46,122,7,no
1667,33,0,1,no
24552,41,4593,1,no
3994,41,-104,3,no
12773,44,182,4,no
34550,23,632,1,no
19655,35,416,4,no
23993,56,4577,2,no
13500,35,2682,1,no
3889,44,1485,1,no
15544,31,-163,2,no
12130,42,0,3,no
22497,49,682,4,no
222,28,324,1,no
43993,30,938,1,no
26817,34,1611,7,no
21408,33,199,4,no
33985,43,1854,1,yes
6587,23,4681,2,no
11984,52,0,2,no
40806,55,3450,1,no
38687,27,1417,2,no
20163,30,44,2,no
25172,34,10031,2,no
13091,26,-35,1,no
38443,41,2550,2,no
32823,32,671,2,no
17878,42,0,3,no
29404,31,620,1,no
31469,46,184,1,no
24202,49,514,1,no
20110,44,5163,2,no
28009,48,840,1,no
12779,57,0,1,no
28728,60,663,3,no
21047,42,245,2,no
14113,43,392,2,no
37022,28,-97,1,no
24320,42,4466,2,no
24733,35,690,1,no
31059,46,2232,1,yes
38905,29,4210,1,no
29340,36,304,3,no
41551,36,495,1,yes
21239,52,6429,4,no
2251,57,73,1,no
43319,28,897,1,no
28546,33,772,2,no
3140,41,6029,2,no
9790,39,10483,1,no
25483,32,1156,1,no
29104,38,-196,1,no
7908,46,324,6,no
34514,30,1073,4,no
1629,31,26,1,no
9940,39,3281,4,no
37536,27,89,3,no
3524,48,559,2,no
612,48,1328,1,no
33975,56,616,1,yes
13123,42,-283,2,no
8031,44,808,2,no
8144,44,238,4,no
14108,29,243,2,no
29871,35,739,1,no
37320,43,484,2,no
1266,34,80,1,no
8138,53,1907,3,no
11830,52,1500,3,no
36603,41,598,3,no
34365,39,11766,4,no
2317,48,762,4,no
28919,48,2091,1,no
39935,54,55,2,no
18060,46,2032,2,no
19352,48,783,2,no
42948,35,62,2,yes
37433,53,234,7,no
35895,46,0,2,no
3330,46,1217,1,no
9594,58,2836,2,no
44498,53,94,1,yes
12333,36,2103,1,no
14699,36,0,7,yes
32732,29,137,2,no
3795,25,109,1,no
13668,60,2450,5,no
30375,37,681,1,no
40056,42,2665,2,yes
25868,35,86,1,no
12491,58,374,2,no
16889,30,5074,2,no
43082,27,377,2,yes
5026,34,299,2,no
16644,51,56,2,no
28011,42,157,1,no
36148,30,2597,1,no
43447,71,3104,1,no
2816,55,332,1,no
44437,29,437,1,yes
37605,32,62,1,no
5801,39,-72,2,no
39135,39,161,2,no
27001,39,1968,1,yes
30534,34,1228,8,yes
32644,40,4795,1,no
38275,37,851,1,no
41259,72,676,3,no
34741,49,2039,1,yes
25504,54,6525,1,no
22172,57,2887,10,yes
34650,45,7620,8,no
20275,46,256,2,no
28517,27,170,2,no
32069,77,4659,1,yes
43696,27,168,1,no
34653,39,676,2,no
41073,63,896,2,yes
34736,59,1064,2,no
966,43,71,5,no
12670,44,1146,2,no
25230,52,2257,2,no
44250,35,321,1,yes
43757,37,3236,2,yes
33356,50,1822,1,no
39457,29,590,1,yes
4188,30,16,5,no
40094,31,617,1,yes
41310,59,1341,2,no
21001,56,179,2,no
30890,39,132,2,no
31362,29,261,19,no
32620,46,523,1,no
10416,44,3355,2,no
6489,40,-78,4,no
33579,34,482,3,no
9152,37,255,2,no
36652,41,469,1,no
30018,41,1245,1,no
14465,32,7522,3,no
1593,29,-138,5,no
14951,44,106,6,no
36656,48,94,2,no
13426,59,170,1,no
38346,32,721,1,no
28598,29,12,3,no
10644,58,2,1,no
6987,24,1385,2,no
28477,27,1459,1,no
38155,34,176,1,no
40145,59,0,2,yes
12724,54,413,9,no
26582,48,1348,1,no
38395,53,50,1,yes
6291,31,-214,1,no
7519,44,378,2,no
36707,31,-475,3,no
9356,38,881,2,no
17560,58,1517,5,no
7392,38,1131,3,no
41374,23,922,5,no
41242,59,1047,1,yes
29586,29,559,2,no
5881,59,217,3,no
11558,38,48,3,no
8352,36,3139,5,no
27265,34,7384,2,no
5406,30,2080,2,no
21375,35,0,3,no
22935,35,973,9,no
5728,43,0,1,no
21132,34,401,4,no
9945,50,791,5,no
9020,43,522,1,no
23088,48,505,5,no
4164,49,2718,2,no
36645,41,10,1,no
32613,36,253,1,no
2171,47,-1445,2,no
42805,56,694,1,yes
7072,59,519,8,no
6036,39,474,4,no
17944,56,260,2,no
34564,28,112,1,no
29499,32,507,1,no
15686,27,-34,2,no
8942,44,0,5,no
23887,50,0,2,no
16810,57,0,2,no
35609,39,0,2,no
27820,32,71,1,no
41287,70,1853,1,yes
25788,44,2279,1,no
12464,45,-302,1,no
30502,25,2354,7,yes
40003,46,4367,1,no
31052,83,3349,1,no
11509,23,-782,10,no
12033,43,0,12,no
42504,57,5313,2,yes
38980,33,1659,2,no
35961,51,257,2,no
34470,33,0,1,no
4389,32,5306,1,no
20565,32,720,4,no
24419,46,0,1,no
12132,36,530,3,no
16350,47,136,1,no
18485,47,2261,2,no
30769,44,2938,2,no
31376,28,5916,5,no
27613,36,1785,2,no
422,32,151,1,no
45179,34,320,1,yes
3596,60,1880,4,no
2695,43,15,2,no
12239,57,573,11,no
2906,49,348,2,no
44368,34,275,2,yes
11503,24,691,2,no
23803,33,58,2,no
32515,28,781,1,no
938,52,31,1,no
18346,35,14,8,no
35722,50,20,1,no
9031,37,151,1,no
39859,36,851,2,no
42651,80,1468,3,yes
33256,35,243,3,no
40729,34,7050,1,yes
23623,31,35,16,no
22650,46,520,4,no
14376,50,6739,3,no
13185,35,793,1,no
26543,30,1794,1,yes
28015,57,818,1,no
42793,36,2283,2,no
43665,62,1456,6,no
12294,57,37,2,no
36088,41,-109,1,yes
19526,52,0,4,no
5805,36,605,1,no
17383,58,94,7,no
8365,38,648,1,no
43871,26,1066,1,no
34850,31,2882,2,no
38569,33,1293,9,no
4502,39,453,1,no
11884,48,10724,3,no
21848,30,1,2,no
16685,34,103,1,no
15741,28,-124,3,no
29221,53,-167,1,no
23308,38,134,8,no
19280,57,29,2,no
40750,54,10185,1,yes
32458,35,1906,1,no
38129,51,5885,1,no
21679,31,297,4,no
22364,34,149,2,yes
29082,38,10,1,no
27091,59,41242,1,no
30046,28,121,2,no
21311,46,1000,11,no
12827,27,221,1,no
34265,29,451,1,no
33515,37,144,2,no
21838,40,2228,2,no
33125,61,2,3,no
2425,29,783,1,no
2132,34,-89,1,no
33557,33,4040,2,no
28426,32,569,1,no
27297,56,-1122,1,no
26224,59,1175,1,no
21734,48,147,8,no
22507,50,0,5,no
10712,36,16,2,no
13809,59,0,1,yes
15213,52,3798,1,yes
27277,39,26,1,no
7013,51,-1,8,no
38416,51,-227,1,no
21542,51,-202,4,no
14156,55,204,2,yes
21352,37,129,2,no
14809,46,327,4,no
21879,43,469,2,no
20869,30,756,4,no
36253,42,679,2,no
504,29,9,1,no
19580,32,663,4,no
43260,29,2344,2,no
7560,42,2440,2,no
7989,30,308,2,no
25605,32,1611,1,no
37625,38,2048,1,no
13362,32,123,4,no
22789,31,0,16,no
29133,28,0,1,no
29954,41,28,2,no
8406,29,-475,2,no
31435,23,2143,2,yes
32132,33,4020,1,no
33977,58,1907,2,no
8301,36,5195,25,no
18950,50,724,3,no
5339,32,827,2,no
6387,41,1141,1,no
2100,28,-871,4,no
15273,36,641,2,no
2707,46,3749,19,no
20658,42,166,4,no
11867,45,186,2,no
23229,59,0,4,no
10526,44,2982,2,no
44505,77,2223,2,no
29866,75,3881,3,yes
5983,58,343,4,no
13568,35,113,1,no
41713,37,2061,2,no
34114,31,1619,2,yes
42797,62,4727,4,no
36218,41,28,1,no
2083,51,-283,4,no
5709,32,241,1,no
11843,55,16,1,no
30935,27,10,3,no
15426,54,22,3,no
26307,34,2200,1,no
19125,60,0,3,no
24828,49,470,1,no
15617,55,647,4,no
21216,32,3586,3,no
37989,47,-497,2,no
19566,47,4495,8,no
15531,28,-193,7,no
547,59,124,1,no
33775,19,1247,1,no
39164,34,966,4,no
39116,21,2764,2,no
26025,56,751,5,no
32996,35,913,2,no
41921,55,309,2,yes
29967,40,1498,1,no
3845,54,0,1,no
23725,33,34,30,no
1021,36,1722,2,no
8770,39,1386,2,no
22157,36,0,2,no
10095,53,-24,1,no
37298,44,338,1,no
11028,38,1610,6,no
15176,33,1904,2,yes
44221,30,1081,2,no
3366,44,1786,2,no
21868,37,23,2,no
14557,37,24,5,no
7775,52,1065,1,no
43328,27,1976,2,no
2456,46,2485,4,no
8391,42,344,7,no
13765,56,3885,1,no
43780,25,3713,2,yes
908,50,377,1,no
44589,23,366,1,no
14269,48,279,3,no
38894,23,1029,1,no
37040,38,864,1,no
32467,53,1319,1,no
38561,30,9,2,no
36059,42,162,1,no
31055,48,5689,1,yes
3081,31,37,1,no
10299,49,1709,1,no
32554,34,63,1,yes
38088,52,751,4,no
2610,42,-32,1,no
6146,45,473,1,no
6215,55,1004,1,no
16329,49,3286,2,no
8541,26,76,1,no
25860,41,115,2,no
30056,56,199,2,no
21591,36,61,2,no
21908,41,248,2,no
10301,46,0,1,no
40216,53,183,2,no
15747,27,436,1,no
21370,32,2870,4,no
8343,52,930,16,no
6812,30,586,4,no
36420,25,373,2,yes
24187,51,119,1,no
11312,60,415,2,no
20575,35,432,8,no
1655,41,-320,1,no
39142,44,429,3,no
39108,45,-357,1,yes
12701,56,58,6,no
7986,39,2193,3,no
41293,40,3056,1,no
32304,51,0,1,no
26860,52,7900,2,no
30687,26,387,1,no
40096,24,572,3,no
22536,33,5809,4,no
3100,43,15740,2,no
44049,39,4861,1,no
9323,46,625,1,no
13158,55,67,2,no
29116,31,442,1,no
38243,59,2345,1,no
33179,28,335,3,no
24083,26,1445,1,yes
35240,33,544,1,no
3817,26,65,3,no
27859,60,1216,1,no
12446,30,365,4,no
19154,45,323,1,no
24390,34,621,1,no
1791,30,383,1,no
20917,53,100,4,no
22071,30,30,5,no
25894,50,2,1,no
31267,41,203,2,no
41312,33,3689,3,yes
5469,32,1651,2,no
22698,34,1174,17,no
40973,71,1651,2,no
14437,29,97,6,no
33995,33,129,1,yes
19908,46,1596,2,no
40327,27,246,2,yes
548,45,82,1,no
36852,50,15,2,no
41872,33,9,1,no
30200,31,334,4,no
21445,31,0,7,no
13875,39,3,9,no
3469,55,741,2,no
27153,50,81,1,no
13195,41,-3,1,no
32111,70,275,1,yes
40608,46,526,1,no
34875,38,171,1,no
22776,45,356,6,no
4794,35,592,1,no
316,46,-358,2,no
24030,33,32,7,no
27059,35,202,1,no
20007,36,4388,3,no
9116,53,1242,1,no
1916,34,359,3,no
27094,31,3252,2,no
451,50,797,1,no
24925,53,481,1,no
5761,39,97,1,no
20245,45,751,4,no
16848,39,276,12,no
34763,37,1784,1,no
22888,52,3163,6,no
35191,37,343,1,no
6363,36,234,1,no
33835,24,2376,1,yes
28574,33,2,2,no
19238,48,3766,2,no
34190,27,1444,1,no
40134,31,1644,3,no
19472,36,67,2,no
30150,43,1667,3,no
40405,69,482,2,yes
10310,52,693,1,no
1238,55,84,1,no
19198,44,1242,6,no
29293,57,589,1,no
23317,42,9324,4,no
36862,40,9110,6,no
10607,58,12180,5,no
33501,34,745,5,no
19321,32,-352,5,no
20264,34,223,6,no
28236,27,791,1,no
21863,38,0,4,no
20946,48,3756,10,no
5197,33,1165,2,no
6548,33,2615,8,no
15015,34,29,2,no
38746,34,3743,4,yes
28554,26,352,2,no
22036,40,2014,5,no
40062,27,339,1,yes
8901,57,2892,5,no
557,39,471,2,no
20381,53,451,5,no
7509,32,3886,7,no
26154,56,412,6,no
17260,26,1538,3,no
31123,51,1443,10,yes
20378,38,9609,9,no
37523,38,1354,2,no
28698,38,1495,2,no
34419,29,6,5,no
41215,39,18,1,no
28418,35,1100,2,no
7583,43,30,17,no
43896,34,44,1,no
25289,36,556,3,no
36837,46,4170,2,no
8080,38,900,1,no
28136,30,0,1,no
5779,31,2229,4,no
25749,30,6929,1,no
29150,54,6745,1,no
37695,48,-70,1,no
32367,43,2519,2,no
36190,31,78,1,no
6441,29,79,2,no
35569,48,60,2,no
13513,48,788,2,no
38712,59,437,4,no
26813,58,5618,2,no
12100,45,11285,5,no
11366,41,1278,1,no
23422,40,2,3,no
15534,42,1736,2,no
19750,37,3,5,no
9630,52,0,2,no
11496,39,4,1,no
34904,42,-679,1,no
27498,34,2343,9,no
23243,35,362,4,no
20265,33,370,4,no
42727,30,3096,1,no
5441,39,0,2,no
27247,32,3595,2,no
23060,33,544,4,no
21212,48,112,5,no
10785,38,2496,1,no
30069,42,1450,2,no
3346,60,3820,1,no
18565,51,1,1,no
39815,42,0,1,no
2770,28,348,3,no
33702,37,749,1,no
43908,24,358,1,yes
11228,59,1245,2,no
32296,33,302,1,no
28143,32,257,1,no
35767,38,258,1,no
12012,36,1132,2,no
42888,35,144,4,no
8630,28,0,4,no
42370,61,3624,1,yes
18408,59,6187,4,no
13417,46,990,1,no
40072,29,205,1,yes
14779,41,143,1,no
42314,33,263,4,no
34507,59,191,1,no
2310,55,431,2,no
42374,52,1797,2,no
11538,54,774,1,no
38813,31,39,8,no
8915,26,1118,2,no
40652,36,495,3,yes
28723,28,69,2,yes
21787,32,5878,2,no
18929,47,636,2,no
4183,26,775,3,no
44716,27,44,1,no
16552,31,241,3,no
37033,51,516,1,no
18196,36,78,9,yes
13116,26,-90,1,no
39754,57,2464,1,no
1060,36,174,2,no
39648,32,312,2,yes
23095,45,434,4,no
44317,82,1381,5,yes
3613,46,8717,5,no
36853,40,-50,2,no
22857,55,61,3,no
32726,53,-172,1,no
23499,57,3196,4,no
42616,29,14,1,no
7969,43,641,4,no
12656,26,177,1,no
19145,42,3530,4,no
25173,38,3139,2,no
19888,35,252,2,no
16632,44,0,1,no
11429,59,2528,1,no
2368,33,168,1,no
1941,46,881,2,no
13428,49,167,1,no
16835,33,61,4,no
8680,29,3931,4,no
30718,49,48,4,no
31663,37,3943,2,yes
34728,35,225,7,no
36150,44,13054,2,no
12156,29,507,33,no
40408,51,812,3,no
4721,49,0,2,no
1873,46,1726,1,no
2733,46,57,4,no
38486,41,89,3,no
41652,38,1711,1,yes
13345,56,339,3,no
1064,43,667,3,no
11283,49,1355,3,no
36921,52,752,4,no
25772,44,0,1,no
7553,25,1790,3,no
35377,34,393,1,no
36197,37,321,2,no
28929,39,879,1,no
30690,32,1450,6,no
40867,24,474,1,no
6229,41,-8,2,no
32217,29,589,6,no
15282,31,64,3,no
25982,36,227,2,no
25896,30,2278,1,no
31721,39,581,1,no
31394,76,3049,3,yes
41857,34,3119,1,yes
15773,27,2591,2,no
31780,35,1993,2,no
39240,26,-350,3,no
12739,45,1805,1,no
11686,50,67,3,no
2429,23,2594,1,no
8936,39,0,4,no
25261,59,124,3,no
20984,36,2394,2,no
21641,52,605,4,no
37788,39,-220,1,no
11126,37,704,7,no
42536,31,3338,2,yes
38457,32,3268,1,no
31829,56,655,1,no
762,44,67,2,no
43332,59,3342,2,yes
11834,36,44,2,no
35804,35,70,1,no
28239,38,-274,1,no
32709,48,185,1,no
37178,40,-375,5,no
25115,57,729,1,no
15069,48,379,2,no
24116,39,1307,1,yes
9092,44,67,1,no
4199,31,2085,3,no
4480,39,439,1,no
23324,33,48,14,no
28287,28,172,1,no
21770,49,370,3,no
44402,62,569,1,yes
38641,45,2762,6,no
17148,30,363,3,no
13988,37,135,1,no
12604,36,75,4,no
33535,34,2984,3,no
22479,47,9346,21,no
2006,37,1190,3,no
25307,31,0,2,no
15317,45,726,1,no
9564,54,378,2,no
44797,39,76,1,yes
27206,39,-529,5,no
28661,28,185,2,no
17491,59,0,10,no
37616,33,0,2,no
26924,30,910,2,no
4027,30,68,2,no
12569,49,1807,3,no
22307,55,2384,20,no
12555,38,304,1,no
6326,26,0,1,no
721,54,83,3,no
6394,37,1222,2,no
24304,49,17432,1,no
16478,27,0,13,no
29983,49,10613,1,yes
40830,40,100,1,yes
12798,34,-2,1,no
5806,28,880,1,no
5195,33,0,3,yes
17471,30,2351,13,no
35358,50,16,1,no
31936,34,404,12,no
36888,41,5560,2,no
36274,37,771,2,no
22216,30,-477,2,yes
26351,47,0,6,no
2333,23,158,1,no
31641,45,146,1,no
31852,50,562,2,no
3424,45,0,4,no
14285,40,992,3,no
21125,60,491,4,no
25960,31,-2,1,no
33130,32,286,1,no
18530,32,7365,5,no
15050,30,3134,1,no
15051,52,1405,2,yes
1547,43,126,2,no
4835,39,3528,1,no
36975,35,399,2,yes
31841,36,536,3,yes
9579,35,68,1,yes
21857,38,260,2,no
43462,62,0,3,no
22640,51,234,1,yes
41517,81,519,1,no
34586,40,0,1,no
6879,25,-65,2,no
3609,36,146,2,no
26843,59,1896,9,no
36486,47,600,8,no
24066,58,2199,1,no
12568,37,-244,1,no
40800,42,190,2,yes
14371,41,783,3,no
23996,36,35,2,no
29821,32,0,1,no
15463,34,1188,11,no
39422,29,428,2,yes
43677,40,1509,1,no
8675,27,1002,1,no
35353,35,682,1,no
21477,46,1482,3,no
31143,44,558,5,yes
36193,42,-853,1,no
24098,57,7554,1,yes
30609,49,503,4,no
15452,43,104,3,yes
602,37,395,2,no
30748,53,849,3,yes
2969,41,221,2,no
8215,41,1680,2,no
38818,23,39,1,no
26481,39,225,2,no
25820,57,11494,1,no
7073,39,300,2,no
2860,43,2706,1,no
20452,46,3533,2,no
1917,39,105,2,no
16794,25,669,2,no
16258,41,0,1,no
20597,48,426,2,no
32106,86,0,12,no
3828,43,452,2,no
19735,56,0,6,no
23470,36,52,10,no
24114,43,0,1,no
34439,26,0,1,no
43856,45,0,1,no
6509,26,2784,1,no
15570,36,0,7,no
31070,90,1,3,yes
16091,33,3444,4,no
39796,52,0,1,no
42368,34,69,1,yes
30324,42,-417,3,no
21694,47,5401,2,no
2791,43,0,1,no
19140,32,28,1,no
6310,40,-56,1,no
30591,32,1518,3,no
30187,49,1162,1,no
618,39,2226,1,no
15685,34,5731,3,no
16606,59,163,1,no
19832,39,3590,2,no
26930,53,1162,1,no
25469,31,3500,1,no
42217,40,9366,3,yes
42624,66,147,1,yes
39492,30,411,1,no
36741,32,235,1,no
28774,46,198,1,no
24995,36,871,1,no
33502,31,4,3,no
19506,35,463,4,no
34437,28,0,1,no
18207,44,972,3,no
43237,49,3293,3,no
5475,32,221,4,no
35603,54,1223,1,no
7889,36,0,4,no
44114,35,484,1,yes
2153,30,122,2,no
24652,32,2378,2,yes
29233,58,1227,1,no
15988,32,0,1,no
36542,41,254,1,no
30577,34,1758,8,no
42430,64,1220,1,no
39774,45,1723,2,yes
5269,31,509,1,no
28322,40,351,1,no
25957,52,2390,2,no
26750,32,1352,3,no
26538,38,5506,1,no
6742,29,3672,1,no
38385,25,691,1,no
28382,50,1227,2,no
29084,27,10451,1,no
33951,27,4003,1,no
19638,53,1388,4,no
40664,21,491,1,no
2722,33,152,2,no
36639,35,449,1,no
40793,73,683,1,no
3422,41,252,2,no
44988,42,298,3,no
5450,27,430,2,no
22531,49,2950,16,no
26033,40,0,2,no
12445,41,138,3,no
40656,80,1548,2,no
2863,55,283,2,no
24824,38,36,2,no
1650,41,483,1,no
7503,36,-1168,7,no
9531,51,176,4,no
37941,59,5845,2,yes
13532,34,475,1,no
33969,35,193,1,yes
7319,53,195,1,no
13226,30,4,3,no
39534,24,1179,1,no
23150,36,154,7,yes
30225,57,297,1,no
24196,50,665,1,no
22568,31,1308,3,no
14955,40,-357,4,yes
8049,38,451,3,no
36000,33,139,1,no
10079,36,4139,4,no
27825,47,1452,1,no
24038,34,36,7,no
328,47,831,3,no
16616,39,85,1,no
7333,42,8794,3,no
14053,27,941,1,no
37136,32,-684,8,no
17866,41,33,5,no
38564,55,841,9,no
1187,41,141,3,no
25931,37,3943,1,no
15148,57,17,4,no
16857,42,20,2,no
43317,64,2140,3,yes
10921,45,0,1,no
43991,27,3145,1,yes
5373,43,353,1,no
8268,32,415,4,yes
8197,57,12917,3,no
8682,27,3,6,no
9301,44,249,3,no
7229,39,-388,1,no
12061,54,22,4,no
41619,44,5102,1,no
2210,37,18,6,no
33119,52,646,1,no
41257,51,2337,4,no
27862,41,1400,1,no
22745,38,1463,4,no
11031,50,267,2,no
32029,33,0,3,yes
5938,39,21111,4,no
31838,27,2614,2,yes
42480,54,380,1,no
17646,47,310,3,no
7406,49,0,2,no
2360,24,-192,1,no
9792,47,214,1,no
35602,49,734,2,no
16861,49,165,10,no
10951,52,334,9,no
24722,44,106,1,no
11770,57,468,1,no
39628,36,144,1,no
20433,33,980,2,no
19640,37,359,2,no
7537,38,563,1,no
28267,35,4959,2,no
42530,50,320,3,yes
260,40,475,2,no
10912,35,1255,2,no
28972,39,7,1,no
14347,32,396,2,no
29189,37,59,1,no
24096,30,1310,1,no
25801,32,0,1,no
35543,38,1134,4,no
32307,37,952,1,no
16770,31,162,11,no
42513,34,1337,2,yes
722,58,68,5,no
3538,54,-219,4,no
3148,46,0,5,no
35124,57,2911,2,no
44240,29,1277,2,yes
28795,37,5742,1,no
35706,57,28,1,no
39003,30,-146,1,no
37653,28,61,3,no
16720,33,277,2,no
21124,42,626,2,no
10123,37,532,1,no
29217,35,6,1,no
2702,58,3635,2,no
6682,33,525,1,no
30990,33,0,3,no
34098,35,495,1,yes
23168,40,6,16,no
3362,47,1192,2,no
12625,28,1143,3,no
16932,35,0,4,no
28362,55,119,1,no
26078,31,395,3,no
16355,28,525,1,no
28347,27,1167,1,no
8082,51,6,4,no
25551,35,-126,1,no
42944,39,1301,2,no
33749,45,429,1,yes
30733,26,1140,2,yes
15326,30,106,1,no
36159,33,826,1,no
25198,33,2746,2,no
10812,39,1891,1,no
4589,38,205,2,no
37907,48,333,6,no
18287,49,224,4,no
38744,52,2323,4,no
39540,55,42,1,no
4942,54,487,4,yes
3672,45,104,4,no
39468,36,562,1,no
29206,27,1625,5,no
11766,39,759,1,no
35849,39,576,1,no
29081,53,478,1,no
32890,39,625,1,no
30645,37,6101,1,yes
22668,33,137,4,no
4686,32,204,3,no
23076,47,284,5,no
43736,50,2695,2,no
6506,28,318,4,no
33660,33,6947,2,no
39816,46,2087,1,no
37172,32,681,1,no
43153,70,4,5,no
14511,29,1,3,no
34223,49,3620,2,no
10933,46,7,2,no
18404,58,2538,6,no
22286,31,25,5,no
21559,34,30,2,no
22324,41,15449,9,no
29339,45,479,2,no
35343,32,-307,2,no
24888,37,4056,1,no
37516,37,121,4,no
18337,37,1063,2,no
31503,50,405,6,no
14379,50,85,3,no
8374,41,734,3,no
4691,36,3111,2,no
24690,58,1101,3,no
39689,25,92,1,no
19249,51,122,2,no
29326,35,526,2,no
13435,30,0,1,no
40872,38,245,2,no
35559,33,2558,2,no
41936,35,2779,2,yes
13689,25,710,1,no
45083,66,8,2,no
34794,41,13,1,no
37015,27,2,7,no
10641,39,952,1,no
36107,38,158,1,no
9972,34,4343,4,no
18735,57,23,8,no
14186,35,260,2,no
24646,43,1781,2,no
5513,43,-495,1,no
5157,26,1284,8,no
35331,47,25,1,no
44497,33,1514,1,yes
5215,52,173,5,no
21082,39,102,2,no
36108,39,0,1,no
27435,40,4025,2,no
32843,42,314,2,no
4624,31,410,2,no
18698,33,0,29,no
20388,38,-267,1,no
10508,57,24,2,no
21964,50,2130,4,no
7405,37,-113,3,no
6626,57,-752,1,no
31295,61,997,1,yes
11195,37,2087,1,no
31296,30,4808,1,yes
15149,41,49,5,no
18838,40,1213,1,no
34418,40,195,5,no
18235,33,89,4,no
23884,39,115,2,no
44287,45,0,2,no
39279,30,583,2,no
24052,52,6,1,no
18894,49,364,1,no
16325,38,23,1,no
41933,55,0,5,yes
21968,39,93,2,no
4844,37,734,1,no
6576,39,139,7,no
37509,48,-38,3,no
3473,33,279,1,no
44536,29,266,1,no
43539,35,2779,2,yes
26269,41,2913,1,no
35969,42,-556,3,yes
6635,29,1489,1,no
13212,60,598,1,no
3968,40,1161,8,no
26948,35,8903,6,no
37900,33,318,4,no
14518,33,137,3,no
17800,28,599,5,no
41480,26,3529,2,no
23180,50,1503,12,no
26164,36,10041,2,no
40427,29,1891,1,no
42426,61,0,2,no
39654,32,8,2,no
31918,53,2647,1,no
27532,56,9898,3,no
1581,39,-432,3,no
7677,32,1974,3,no
18721,28,-30,5,no
41068,29,145,1,no
23241,31,46,6,no
92,30,152,2,no
26303,55,1161,6,no
831,40,490,2,no
38618,28,-208,3,no
25956,55,4733,1,no
30453,32,2294,2,no
11324,46,1823,3,no
10480,41,492,29,no
34610,37,-738,1,no
14042,33,0,1,no
24964,52,10653,1,no
11545,55,1537,1,no
24127,50,237,1,yes
10276,52,50,3,no
20676,33,1674,7,no
10702,37,2741,4,no
44532,35,1454,1,yes
13726,60,71,3,no
16579,53,1065,1,no
40528,52,523,1,no
11023,43,392,5,no
21395,50,8139,6,no
8839,40,0,1,no
30626,43,479,1,no
15873,36,289,4,no
2517,37,368,2,no
19838,37,578,4,no
27238,40,1831,2,no
5255,37,453,1,no
41612,43,2367,1,yes
10472,50,917,2,no
22911,34,333,4,no
40121,54,0,4,no
26279,30,10395,1,no
43481,59,1,2,yes
3303,42,2124,3,no
13466,36,3043,1,no
36025,55,1402,2,no
18132,52,0,3,no
29600,32,1215,2,no
36494,35,739,7,no
29603,46,677,1,no
5340,39,12,1,no
13224,25,0,1,no
12541,49,126,1,no
35323,37,64,1,no
37008,42,-141,3,no
2752,48,67,4,no
36775,29,13186,1,no
24440,56,1270,2,no
14063,26,528,2,no
27573,39,119,2,no
43092,64,243,1,no
35300,32,1763,2,no
11523,40,2469,2,no
2987,49,892,2,no
1350,58,5,2,no
3554,49,3657,4,no
24489,56,2096,2,no
12923,42,419,3,no
44428,28,970,1,no
31225,25,1099,12,no
44501,36,417,1,yes
18928,43,610,1,no
13904,58,1067,1,no
42047,30,944,2,yes
40193,56,230,2,no
27821,33,332,1,no
29672,54,1460,3,no
32968,40,119,3,no
25714,32,413,1,no
38126,30,872,1,no
3275,48,1757,1,no
15289,43,-1164,4,no
32381,42,1154,2,no
20149,56,2750,2,no
4815,38,1746,1,no
38039,47,-169,2,no
36874,39,1425,3,yes
27780,53,1068,1,no
32254,47,-54,2,no
6504,37,427,3,no
45029,60,514,2,yes
39292,35,0,2,no
266,30,25,2,no
4434,36,733,1,no
16132,26,0,10,no
34305,37,2939,3,no
16806,45,1103,2,no
15641,30,-114,2,no
3302,21,0,5,no
21479,49,0,6,no
41591,29,345,1,no
12999,31,726,2,yes
13723,29,55,1,no
15198,27,2,1,no
35133,37,22,2,no
5203,26,0,10,no
22176,33,9,2,no
3234,49,3649,1,no
35709,58,950,1,no
31506,33,3576,1,no
43976,37,1188,1,yes
10022,46,10333,4,no
35610,45,3271,2,no
36715,39,5073,1,yes
33209,24,1222,1,no
23862,33,310,2,no
5506,24,-286,2,no
35974,39,0,3,no
24537,42,-15,1,no
1810,34,2257,1,no
27190,39,458,2,no
40813,48,201,1,yes
32123,37,46,1,no
29802,46,-17,2,no
40561,63,556,4,no
43140,37,255,2,yes
15837,35,0,3,no
33407,31,181,3,no
21371,61,0,13,no
40633,49,1718,1,yes
18412,32,0,6,no
12912,26,383,2,no
12327,48,341,3,no
38090,59,422,4,yes
31920,68,695,1,yes
33375,43,314,3,no
5354,36,-1,1,no
7757,49,-2049,3,no
36338,34,-29,2,no
23574,41,1946,9,no
18224,59,-209,3,no
8795,24,476,1,no
15310,48,2374,2,no
21729,45,850,2,no
25506,31,7118,1,no
255,50,297,1,no
593,41,4070,2,no
970,30,21,2,no
41603,25,553,4,no
37303,51,37,1,no
44751,28,12,1,yes
14221,44,0,2,no
44801,72,3561,3,yes
16087,27,285,1,no
23572,38,140,21,no
1356,33,0,1,no
27450,59,10054,3,no
28305,46,466,1,no
43761,78,3208,3,yes
34529,38,54,1,no
8217,48,2247,9,no
15267,57,2549,2,no
9143,48,476,3,no
7354,44,612,2,no
10342,36,398,1,no
40001,57,718,1,no
18405,50,2554,2,no
31047,31,2603,4,yes
25705,40,156,1,no
35976,38,0,2,no
6689,29,1101,1,no
27688,35,4693,5,no
37674,32,2431,5,yes
38581,37,-557,15,no
5164,51,140,10,no
29121,26,376,2,no
1494,38,362,5,no
27646,37,1097,2,yes
40722,25,145,1,no
27079,49,0,1,no
6357,30,49,2,no
30328,28,16,1,no
28013,53,5715,2,no
28566,32,337,2,no
27506,53,731,2,no
10462,35,4924,2,no
38205,30,278,1,no
36832,44,870,2,no
29875,38,0,1,no
9994,36,4844,3,yes
462,39,0,2,no
27452,46,3163,3,no
14988,33,92,11,no
44007,48,86,3,yes
33239,38,530,3,no
10868,47,1728,1,no
38387,32,99,2,no
393,46,477,1,no
28857,39,1585,2,no
27798,41,226,1,no
29111,38,4317,2,no
7305,43,5342,2,no
10103,44,289,1,no
9731,59,345,1,no
2735,42,419,4,no
34121,30,25,1,no
34718,36,0,1,no
18931,50,133,1,no
39046,38,-138,1,no
16910,38,0,1,no
1029,31,19,2,no
22547,32,0,3,no
38993,29,22171,1,no
24297,49,1084,1,no
10388,49,2732,1,no
16246,37,658,1,no
30123,47,556,2,no
25733,40,3,1,yes
18581,55,-555,3,no
14106,56,107,4,no
9483,43,64,2,no
35868,36,535,1,no
1229,53,582,2,no
44363,46,8564,2,no
16518,59,135,4,yes
22133,53,2295,10,no
38299,34,362,1,no
40438,28,9314,2,yes
19041,52,813,2,no
44388,38,1199,1,yes
16593,28,158,1,no
8589,26,17891,1,no
34896,39,-473,1,no
18797,37,2066,5,no
1084,31,251,2,no
43034,48,926,4,yes
10181,40,11084,1,no
12303,42,-15,1,no
6945,35,935,2,no
33359,50,2015,1,no
39944,30,942,2,no
32528,37,616,1,no
6846,56,-299,1,no
29250,58,5701,1,yes
1596,43,1376,4,no
30266,47,-332,2,no
26982,36,12132,1,no
14980,38,0,6,no
37988,31,233,2,no
23189,51,3413,7,no
36824,35,614,2,no
37366,51,-19,1,yes
24414,45,6572,2,no
9034,37,125,1,no
12463,41,1,1,no
15431,51,9228,4,yes
19746,34,0,6,no
30044,36,347,2,no
9774,35,5768,1,no
29919,46,705,1,no
35052,33,519,1,no
16867,47,19,2,no
14477,59,0,10,no
7915,45,410,4,yes
27390,40,271,3,no
14965,34,425,7,no
15092,55,6507,1,no
26249,39,660,1,no
5392,24,110,1,no
41724,54,895,1,yes
14638,43,8224,1,no
23476,32,2213,7,no
36695,39,636,1,no
38707,44,3684,5,no
38759,36,0,7,no
11960,36,1573,10,no
9658,60,92,3,no
36600,37,-106,1,yes
17831,48,906,9,no
11655,41,143,4,no
18617,34,4,39,no
13166,41,120,1,no
27994,32,3473,1,no
36872,40,1836,2,yes
36696,36,339,1,no
42635,21,2488,2,yes
28942,55,-308,1,yes
28697,41,3234,1,yes
43657,47,3745,1,no
15974,42,2239,1,no
41200,45,4068,1,yes
15875,38,-175,9,no
36966,43,1158,6,no
27904,48,-295,1,no
3208,53,420,1,no
18704,37,4153,16,no
6354,36,-37,1,no
44722,26,4,1,no
38857,32,-33,1,no
19721,33,5235,3,no
19126,46,664,2,no
31180,34,-398,8,no
10057,55,994,2,no
23411,34,-1,13,no
22872,59,6144,5,no
42184,32,1527,1,no
15809,28,579,2,no
18781,58,1183,5,yes
7732,29,-443,3,no
10958,35,53,2,no
7605,43,1202,1,no
18242,44,5414,4,no
3400,32,231,10,no
9913,35,305,2,no
5835,47,1573,1,no
12112,50,4861,3,no
12974,53,143,5,no
4608,34,85,4,yes
28763,54,285,1,no
41424,73,1050,2,no
23972,52,0,2,no
19599,40,998,7,no
40770,30,805,3,no
13039,32,2102,1,no
8149,59,3304,2,no
30744,52,1351,3,no
11432,43,1113,7,no
39620,46,2501,1,no
33280,41,1522,1,no
12500,51,-28,2,no
32062,30,2731,1,no
23962,56,665,12,no
13053,33,99,1,no
6521,30,2593,7,no
40751,42,11115,1,yes
3182,46,74,4,no
35595,39,403,3,yes
2144,54,208,1,no
31629,26,1804,2,no
30675,37,-254,3,no
37355,32,180,1,no
31189,66,995,2,yes
37990,31,581,3,no
32474,41,5219,4,no
40425,33,804,1,no
3895,41,223,1,no
31452,57,6468,4,no
3617,57,388,4,no
32524,55,865,1,no
19926,55,9997,2,no
21898,40,569,2,no
1744,31,160,1,no
12736,59,553,3,yes
15442,57,137,7,no
4951,29,688,1,no
29739,60,4243,1,no
44802,24,8165,1,yes
2040,34,222,6,no
18129,42,732,3,no
13240,28,-126,4,no
10520,51,721,3,no
34606,37,686,3,no
29949,37,1045,1,no
41552,20,479,2,no
13531,32,216,6,no
3502,54,366,1,no
38019,26,681,2,no
32277,47,3480,1,yes
16273,41,-391,1,no
19527,55,17,2,no
5218,39,439,3,no
12165,56,2561,6,no
6764,26,230,1,no
33792,67,3377,2,no
44897,23,1062,3,no
22414,46,447,2,no
6583,36,0,6,no
36459,47,3957,3,no
225,43,205,1,no
21066,45,0,2,no
10642,37,306,1,no
16292,25,-247,1,yes
31735,39,416,1,no
21294,55,987,4,no
42507,47,0,1,no
43252,76,802,1,yes
42049,60,5,1,yes
169,54,184,2,yes
23190,49,0,6,no
33807,52,722,3,no
22134,52,924,4,no
25089,50,5776,3,no
4697,32,1131,2,no
35068,28,417,2,no
11454,35,1833,1,no
38042,38,1307,2,no
19519,49,597,2,no
36988,47,-553,7,no
31323,64,1319,2,no
42490,57,592,6,no
32682,34,91,1,no
33427,31,587,4,no
6092,36,-185,2,no
26198,35,787,1,no
34251,28,891,6,no
28990,34,0,1,no
9576,37,160,2,no
30059,30,0,2,yes
33574,29,11968,2,no
7345,39,885,7,no
44605,30,124,1,no
7637,48,132,1,no
15746,33,327,1,no
37275,39,1004,2,no
10195,48,397,6,no
35594,45,-184,3,yes
28575,45,-55,3,no
27906,36,586,1,no
4372,57,437,4,no
33721,45,0,3,yes
24408,59,514,1,no
13685,27,228,6,no
31726,33,1064,1,no
760,37,-421,5,no
24434,38,0,1,no
43569,69,0,2,yes
17586,48,292,6,no
4285,44,4087,5,no
30801,31,690,12,no
24019,43,0,4,no
27288,35,391,1,no
19047,46,3,1,no
12676,33,555,2,no
26551,32,726,2,no
1979,57,221,2,no
25914,41,0,10,no
24363,51,-355,2,no
956,42,644,1,no
11457,37,253,2,no
18722,35,2383,6,no
228,33,34,1,no
24928,30,-305,1,no
38515,36,103,5,no
4318,22,3992,2,no
18913,47,1057,2,no
2421,24,596,1,no
40568,69,154,4,no
24270,49,7,1,no
22528,39,0,6,no
12369,30,62,1,no
44135,25,380,1,no
37322,29,5918,1,no
4453,30,1803,1,no
42740,42,942,1,yes
22699,32,79,4,no
34022,24,1052,1,yes
1076,49,114,2,no
32091,56,6101,4,no
16100,60,1339,1,no
22034,41,0,3,no
34852,44,513,4,no
5313,35,291,1,no
26592,34,17672,1,no
11052,51,3942,3,no
15433,50,161,1,no
42855,35,230,1,no
9029,48,0,1,no
34356,51,318,3,no
837,30,-174,1,no
16038,44,-199,12,no
19758,41,1517,3,yes
31720,56,1232,1,no
36916,39,5092,2,no
23951,33,1255,4,no
10213,56,0,2,no
24498,33,585,1,no
24145,43,35,1,no
40747,46,0,1,no
19301,40,311,2,yes
22914,44,268,5,no
17496,43,536,12,no
44686,51,980,2,no
43471,36,62,2,yes
21473,58,2180,4,no
10625,36,-1941,1,no
24285,41,1272,1,no
42130,36,62,1,yes
17384,40,552,8,no
43698,40,260,1,yes
8639,30,256,2,no
37996,42,-166,4,no
235,55,627,1,no
26819,53,1480,2,no
36316,52,0,2,no
3722,45,109,1,no
36763,31,439,2,no
44932,31,3511,1,yes
1395,39,1042,2,no
4716,39,247,2,no
28576,52,967,2,no
39370,32,1625,1,yes
5121,28,-427,2,no
10556,36,981,1,yes
44385,36,1745,1,no
36064,32,859,5,no
39089,29,275,1,no
29458,50,199,2,no
6603,31,82,1,no
30275,32,642,1,no
25326,49,-14,2,no
7446,42,2,2,no
15779,57,4,5,no
9310,39,2841,3,no
22272,32,154,3,no
37636,46,217,1,no
30043,53,255,2,no
636,52,660,2,no
20429,33,855,2,no
22236,31,284,4,no
33467,58,1430,6,no
21438,32,2678,9,no
31840,30,1268,4,yes
6496,49,-1547,3,no
41238,71,5584,3,yes
33394,28,387,1,yes
30648,33,417,1,no
31725,35,0,1,no
40433,33,3000,1,no
23851,37,5,2,no
18318,37,62,2,no
43903,30,799,1,yes
35025,31,-190,2,no
23567,50,-997,7,no
43506,36,3669,1,no
34977,29,266,1,yes
39013,22,330,1,no
36944,33,422,2,no
40128,28,1633,1,yes
29935,41,-94,1,yes
10169,58,0,2,no
43366,82,1419,1,no
11910,46,12186,3,no
24471,31,1246,2,no
34644,39,290,1,no
21433,47,2914,13,no
41970,76,4112,2,yes
6919,28,949,1,yes
28639,39,33,4,no
37392,35,102,5,no
37592,33,283,1,no
6786,24,53,1,no
38831,35,331,5,no
44519,30,1779,1,yes
43489,36,-115,4,yes
21339,40,2935,2,no
37092,38,15030,1,no
36709,27,498,1,no
18407,41,2171,2,no
40123,27,897,1,yes
829,55,102,1,no
40254,32,718,1,yes
26669,51,653,9,no
38112,33,109,4,no
23401,32,725,4,no
4543,35,271,1,no
7154,48,1533,1,no
16587,34,693,1,no
5594,30,4,3,no
6920,27,242,1,no
18819,37,102,3,no
11957,47,12276,5,no
43375,51,1204,4,no
18215,25,230,14,no
31600,40,2644,1,no
21006,36,25,2,no
40482,82,8603,1,yes
6358,33,0,1,no
28580,37,1284,2,no
18935,37,561,2,no
30999,51,-229,3,no
26460,33,2904,1,no
39870,41,280,1,no
14332,36,0,2,no
7717,44,14,5,no
19751,47,231,2,no
36515,50,8648,3,yes
39044,37,117,3,no
30948,30,237,2,no
20234,49,23917,4,no
30312,35,522,2,no
21486,52,204,2,no
44134,43,386,3,yes
19058,51,1394,1,no
34748,51,2396,2,no
41861,40,2266,1,yes
29776,36,0,1,no
37026,33,17,1,no
28464,57,381,1,no
12395,29,11,1,no
43577,56,15311,6,no
13352,41,232,3,no
28726,42,60,2,no
37137,48,865,2,no
8165,40,1734,1,no
24269,44,1034,1,no
31326,44,423,5,yes
30265,71,2651,2,no
39123,30,2145,2,yes
6158,23,836,1,no
6686,31,298,3,no
2031,48,418,3,no
30394,59,0,1,no
41481,57,772,1,no
13367,42,0,1,no
24572,49,0,1,no
9882,37,1134,3,no
38876,33,1219,3,no
26450,32,305,1,no
2226,42,-189,2,no
26354,41,7735,1,no
30199,29,0,9,no
18423,48,1397,2,no
3591,42,1742,2,no
19148,56,388,1,no
36181,56,150,6,no
35678,43,2,5,no
3329,26,800,1,no
43958,50,100,1,no
33323,34,470,1,no
7300,50,914,3,no
2325,32,594,2,no
34317,44,163,3,yes
28520,31,0,2,no
4044,35,378,3,no
22173,40,1498,4,no
9330,44,13,11,no
16863,46,0,2,no
29890,33,158,1,no
5044,39,4444,1,no
40115,31,623,1,no
33204,35,1422,7,no
19846,33,1585,2,no
22293,40,318,4,no
15162,45,1081,3,no
21573,51,401,6,no
35381,48,1323,1,no
30725,35,1064,2,no
30579,36,439,6,no
2048,49,15,5,no
1496,57,1216,6,no
39337,30,2,9,no
14451,51,242,4,yes
17330,33,407,2,no
13814,29,0,1,no
8840,43,433,1,no
971,41,276,1,no
20643,54,1659,5,no
23344,37,309,15,no
19766,58,648,2,no
37732,30,43,1,no
22614,53,0,1,no
8774,24,2019,1,no
38837,34,464,1,no
43771,31,2616,1,yes
19942,50,3002,2,no
9202,40,1779,7,no
7827,41,2666,2,no
8243,32,35,1,no
44812,39,112,3,yes
4016,34,305,25,no
7501,38,6836,4,no
20935,40,-239,2,no
4279,47,146,5,no
18785,53,0,3,no
16711,39,0,3,no
29385,49,1811,2,no
18278,41,3023,3,no
24541,41,2152,1,no
30586,44,445,2,no
25181,41,99,2,no
35201,31,459,1,yes
25370,34,2047,2,no
33872,28,377,1,yes
21130,33,852,8,no
22585,53,468,6,no
27579,53,1738,2,no
20679,44,267,3,no
26420,50,1878,2,no
5871,32,0,2,no
33433,27,162,1,no
33156,31,71,3,no
44972,48,0,1,no
39956,32,409,2,yes
4699,43,520,13,no
11138,26,416,2,no
21139,38,167,2,no
41648,41,2152,1,no
276,59,319,3,no
30902,41,371,5,no
36536,46,1437,1,no
32484,36,660,1,no
21736,47,1361,3,no
13310,26,-128,2,no
12699,59,147,3,no
41053,47,926,1,yes
11600,35,250,2,no
44647,22,361,1,no
32775,36,-26,2,no
30730,28,89,2,no
2749,25,53,4,no
19450,38,1097,3,no
29331,21,948,2,no
7670,44,5282,1,no
29720,26,822,3,no
17391,31,90,2,no
10233,54,3671,3,no
43183,36,1407,1,no
9669,27,379,4,no
11455,52,3737,4,no
12368,57,-418,1,no
31578,43,1943,2,no
37542,26,130,7,no
21003,30,910,2,no
16519,51,52,15,no
23713,52,-490,10,no
11170,37,-689,1,no
3352,59,7475,1,no
436,55,183,1,no
37014,57,-663,1,no
31113,29,8749,7,no
11075,39,51,2,no
2595,26,8206,2,no
3423,46,84,1,no
11519,38,634,2,no
43189,47,235,2,yes
42429,42,144,1,no
8798,30,-242,1,no
33703,55,3873,1,no
16701,47,751,1,no
35264,47,714,1,no
147,56,8,2,no
10496,48,5908,4,no
11115,39,224,2,no
38913,29,706,1,yes
13482,28,1950,1,no
28161,39,272,1,no
44494,19,108,1,yes
24930,37,1205,1,no
26069,57,839,2,no
5360,29,823,2,no
43711,58,169,3,yes
26634,36,21,1,no
34634,44,0,2,no
17387,39,759,5,no
38835,24,-232,1,no
44596,21,281,1,no
7800,53,1144,2,no
7825,38,126,2,no
27271,48,2697,1,no
3869,38,2724,4,no
4650,34,2700,2,no
22280,53,70,8,no
9545,46,595,3,no
29553,28,679,3,no
3112,23,-95,3,no
11863,59,544,2,no
7953,34,905,8,no
5971,59,252,2,no
14995,51,320,2,no
17957,42,0,2,no
25005,45,147,1,no
36887,52,316,3,no
77,44,582,1,no
6629,44,2083,1,no
39895,29,871,1,no
23666,55,-2,1,no
14148,44,71,2,no
10688,49,2005,4,no
39873,43,2160,1,yes
30390,34,66,1,no
3006,47,4906,1,no
10544,42,-380,1,no
9277,29,3313,3,no
2346,22,83,1,no
6089,50,-157,3,no
10270,56,225,12,no
16272,56,2370,1,no
15804,25,3,3,no
29948,24,99,3,no
21949,36,356,6,no
10659,43,159,4,no
989,38,0,1,no
15180,51,201,2,yes
37781,34,273,1,yes
41540,60,478,8,no
18429,49,3144,2,no
37572,44,130,1,no
6718,28,40,2,no
14817,31,38279,2,no
34099,49,5802,2,yes
23469,52,-27,8,no
15085,47,840,1,no
31791,60,12039,1,yes
9728,45,60,2,no
32753,36,1010,1,no
9227,38,-572,24,no
2271,26,96,2,no
697,40,6,3,no
33888,31,3382,1,yes
11897,35,273,4,no
29020,39,186,1,no
17836,53,534,4,no
42902,30,228,1,no
35989,44,177,1,no
25126,32,1785,2,no
24094,33,431,1,no
40394,22,466,1,yes
5517,53,1,1,no
43683,24,598,1,yes
43695,54,2206,1,yes
9177,29,549,2,no
29838,32,1431,2,no
26393,53,8892,1,no
15209,36,708,3,no
9692,55,7561,3,yes
21806,53,75,2,no
6174,36,-330,2,no
16288,30,3259,1,no
9992,46,399,2,no
2668,43,59,2,no
27732,28,654,1,no
33194,33,0,2,no
42973,36,417,1,yes
32946,39,2118,2,no
15392,57,1623,1,no
24603,49,1904,2,no
38328,27,-74,1,no
13743,53,768,1,no
39418,27,3733,1,yes
43146,33,8023,1,no
15429,33,2668,1,no
28710,47,405,1,no
42326,75,6027,2,yes
17798,33,215,12,no
13128,45,-688,1,no
33420,54,1663,1,no
6418,41,153,1,no
20017,34,2455,6,no
7855,44,596,3,no
4685,38,173,2,no
22060,57,3250,3,no
21644,51,45,4,no
41278,48,1519,5,no
40421,41,366,2,no
20008,57,1171,5,no
26759,32,3097,1,no
38777,54,244,11,no
22147,39,22,2,no
16565,57,0,2,no
25197,55,78,2,no
26933,31,3540,1,no
37255,51,3185,1,no
36586,54,349,2,no
28912,43,764,1,no
40757,22,3317,1,no
21993,48,-18,4,no
35941,31,0,2,no
13782,38,2246,1,no
16854,49,233,2,no
33229,37,756,2,no
22825,55,1498,5,no
18551,53,0,4,no
43727,46,349,4,yes
1028,58,211,2,no
28041,43,1796,2,no
24563,46,2749,1,no
43424,80,8304,1,no
32330,31,1205,1,no
254,33,140,1,no
15271,29,1535,2,no
1796,60,65,2,yes
33090,32,20011,1,no
23286,42,314,22,no
334,58,1387,5,no
43580,41,0,1,yes
44695,65,952,1,yes
25462,58,8014,2,no
39653,34,2555,2,no
41156,56,256,5,no
7093,50,1328,1,no
31158,26,313,2,yes
6175,36,-417,3,no
44923,54,1633,1,no
21900,42,149,2,no
12350,35,24,2,no
25898,50,4012,3,no
7168,53,436,1,no
30619,42,103,1,no
43127,60,106,1,yes
30092,28,198,2,yes
20119,38,1100,2,no
27623,37,1322,8,no
20524,33,3243,4,yes
4448,32,0,1,no
12444,59,49,4,no
3861,52,420,4,no
40456,31,1167,1,no
8116,34,72,1,no
18211,36,-11,28,no
31765,36,1822,1,yes
16625,31,-184,1,no
21487,33,610,7,no
14434,40,0,8,no
16301,52,1027,1,no
358,33,1068,2,no
39428,57,573,2,no
1298,46,397,1,no
41530,28,261,2,yes
10805,49,494,4,no
28176,32,223,1,no
8828,26,-45,2,no
45079,77,820,2,yes
30861,32,881,5,no
37247,53,8892,1,no
14414,43,-441,3,no
43914,66,4041,2,yes
9486,44,97,4,no
14071,43,-260,2,no
33511,32,1995,1,yes
34011,31,1422,1,no
17627,39,2381,3,no
44461,33,1536,2,yes
43693,59,138,1,no
38061,28,213,3,no
25750,40,0,1,no
41886,76,1411,2,yes
35765,45,972,1,no
22385,53,0,2,no
11286,38,611,3,no
4060,41,865,5,no
7740,29,121,2,yes
20204,30,4889,2,yes
40514,58,565,1,yes
40821,39,3840,2,yes
40039,44,717,2,no
8807,28,509,2,no
15503,33,0,3,no
8959,30,705,1,no
30,36,265,1,no
33685,39,143,2,no
37270,21,292,4,no
29459,34,517,2,no
34345,38,47,5,yes
11555,56,2558,1,no
40342,60,37,3,no
6033,23,0,5,no
11861,36,0,2,no
34075,31,620,1,no
30732,54,515,2,no
20730,59,235,2,no
13551,39,-388,2,no
40684,67,405,2,yes
19029,56,203,3,no
11497,58,5087,1,no
1870,31,1129,2,no
30546,35,0,3,no
22148,55,11,2,no
35648,57,1029,1,no
1783,39,183,2,no
17345,40,473,3,yes
985,51,1466,2,no
40809,57,589,1,yes
32120,61,1515,2,no
17302,53,1012,2,no
40895,43,1806,2,no
9893,52,603,1,no
4123,47,292,3,no
7586,45,818,3,no
17877,33,66,8,no
43059,58,473,1,yes
10219,41,2480,2,no
27955,34,5901,1,no
26801,36,75,2,no
26741,38,7696,2,no
22886,31,166,6,no
8159,26,1050,3,no
18774,50,52,8,no
12580,54,-488,2,no
3555,56,2256,2,no
35006,52,230,2,no
2982,33,1613,1,no
25544,35,578,1,no
13784,50,1612,1,no
15363,38,10189,2,no
41561,46,7331,4,yes
40577,49,5613,3,no
13960,30,91,2,no
17644,26,114,4,no
25087,33,46,1,no
41892,57,8,2,no
7799,43,19,2,no
13911,29,8,1,yes
42051,39,53,1,no
7883,45,404,2,no
15499,29,480,2,no
44633,22,552,1,yes
11623,27,61,1,yes
35371,23,537,1,no
40714,37,262,1,no
11118,29,-565,3,no
21579,46,558,6,no
20442,30,0,2,no
19808,33,5833,2,no
20576,49,4751,4,yes
37263,47,411,1,no
27397,30,4457,4,yes
24097,39,1757,1,yes
26137,41,0,6,no
27590,33,1834,2,no
27326,35,-718,1,no
35528,43,1255,2,no
2069,35,325,2,no
35631,42,319,9,no
32358,43,240,1,yes
41305,31,404,7,no
17814,44,2340,3,no
38069,35,667,5,no
44341,69,482,1,yes
29920,32,767,1,no
10925,56,278,1,no
13707,41,30,1,no
26363,37,264,1,no
9756,58,5,1,no
20021,34,832,4,no
33509,26,136,1,yes
12593,31,365,1,no
44628,33,394,3,no
32455,43,245,1,no
9451,36,914,1,no
44136,20,134,1,no
33878,47,1167,1,yes
10774,39,2169,2,no
18463,43,0,17,no
1612,49,216,2,no
29652,26,119,3,no
41910,25,3165,2,no
15100,25,10,1,no
44482,52,0,3,no
18302,41,0,4,no
1346,42,323,2,no
13628,27,0,2,no
21104,43,4016,2,no
40283,37,1000,1,yes
40862,31,181,1,yes
41766,59,0,1,no
44018,57,1884,4,no
24769,37,133,1,no
39613,49,0,1,no
44193,68,2469,2,yes
7808,31,-219,2,no
36671,30,-158,1,yes
16307,33,104,1,no
26654,35,3888,5,no
18639,26,1,20,no
38303,32,-341,1,no
38390,33,624,1,no
25366,46,942,3,no
9575,37,5334,1,no
24236,59,231,1,no
23512,37,839,11,no
37503,27,205,3,no
155,50,139,2,no
19514,46,311,6,no
11611,29,732,1,no
41344,38,0,2,no
12095,45,0,5,no
24653,54,217,2,no
27188,41,241,1,no
35828,41,106,2,no
39508,37,466,1,yes
30341,36,1598,1,no
20071,47,233,3,no
8006,34,516,1,no
24384,36,7343,1,no
4511,37,5432,1,no
39994,32,3154,1,no
34979,32,18,1,no
28984,39,0,1,no
29371,27,1444,2,no
19761,58,208,2,no
39713,58,196,3,no
4154,46,2851,2,no
7409,33,233,1,no
39008,33,8047,1,no
34487,37,288,6,no
30357,34,0,1,no
8401,26,317,1,no
14302,41,1821,3,no
24813,41,2105,1,no
18990,55,2730,2,no
6670,49,579,1,no
10575,37,40,3,no
2588,52,1161,1,no
38350,31,1340,1,no
3141,29,416,2,no
29699,45,1199,2,no
15724,44,5,2,no
11893,36,1313,10,no
9210,38,3239,2,yes
4226,32,86,1,no
16521,51,21,17,no
11311,50,193,6,no
23883,34,943,4,no
40281,23,382,1,no
30303,57,890,4,no
2022,32,12,4,no
34680,51,565,7,no
43373,45,2981,3,no
29568,32,1844,4,no
12260,47,2716,4,no
31446,30,6495,3,no
19290,54,506,2,no
8836,47,1143,1,no
2703,24,32,3,no
11316,47,165,3,no
17674,49,1601,5,no
37237,40,2077,1,no
18736,38,1515,5,no
29504,26,159,1,no
12168,59,4639,5,no
39086,30,-135,1,no
1752,31,213,2,no
23563,36,278,16,no
16334,34,672,3,no
37425,45,577,2,no
35307,59,2166,1,yes
30705,36,417,10,no
12627,35,0,1,no
14641,27,1928,5,no
9833,47,10179,2,no
30760,34,904,3,no
29356,29,-95,7,no
32435,24,0,1,no
10685,44,1696,3,no
40407,45,1823,1,no
24457,32,1918,1,no
44182,28,205,3,yes
7427,47,869,2,no
12129,58,703,3,no
28734,56,1745,4,no
22467,50,7907,2,no
19849,35,2975,2,no
1892,43,3,2,no
2635,47,1045,2,no
30941,35,0,3,no
18802,36,-742,3,no
41247,51,117,2,yes
5033,32,885,2,no
16274,46,50,1,no
34403,32,3027,2,no
19495,49,406,2,no
16640,28,204,1,no
30393,29,841,1,no
33541,29,34,4,no
8349,41,412,5,no
32099,35,877,3,no
14016,41,372,1,no
1944,35,1555,2,no
45211,37,2971,2,no
8804,48,425,4,no
42262,43,1854,2,no
11852,37,1549,7,no
16188,25,349,8,yes
43852,31,515,5,yes
35680,27,1137,1,no
25857,33,4,2,no
32174,32,388,2,no
11357,36,537,6,no
29560,32,-515,6,no
11334,49,2058,3,no
16686,32,2502,1,no
8174,34,75,3,no
17554,57,0,2,no
40707,37,96,1,yes
22711,43,246,6,no
14359,54,0,3,no
8835,36,403,1,yes
34030,35,518,1,yes
33112,32,808,1,no
11492,46,1120,1,no
4276,40,-365,43,no
24835,47,428,1,no
6762,29,6,2,no
43855,32,1402,1,no
44582,37,688,3,no
37463,43,1264,2,no
14631,47,185,5,no
28010,41,219,1,no
15754,42,1858,1,no
10665,51,33,3,yes
26698,31,1167,1,no
24682,51,614,2,no
35622,40,64,1,no
30810,35,2074,4,no
26079,50,0,2,no
10674,39,4608,1,no
36628,41,1535,1,no
29244,32,2142,1,no
1714,31,133,2,no
24989,31,93,1,no
6951,39,133,2,no
30915,38,844,7,no
17093,41,0,4,no
24110,43,860,1,yes
33293,34,318,1,no
41021,45,2067,2,yes
39143,27,598,2,no
1257,38,507,1,no
30244,49,363,2,no
39417,43,7702,1,yes
4709,37,426,3,no
1768,32,-1,1,yes
12055,30,157,3,no
33164,30,4867,6,no
22095,33,213,2,no
35444,50,766,2,no
39294,31,-98,3,no
41164,26,3704,4,yes
6123,50,74,1,no
35364,47,328,1,no
24020,53,240,3,no
1037,29,365,2,no
40818,32,131,1,no
41063,36,2843,1,yes
23530,57,75,2,no
33116,28,1086,3,yes
2551,27,1311,2,no
5366,56,397,1,no
22809,47,85,4,no
33642,29,0,3,no
45018,27,643,1,yes
11058,26,71,2,no
17426,30,4321,6,no
15759,57,4,1,no
31085,37,2442,3,yes
25643,35,131,1,no
20221,41,214,2,no
40024,39,201,1,yes
37472,35,9,2,no
37892,44,583,3,no
16093,34,1790,1,no
684,49,82,1,no
31851,38,2580,2,yes
7764,50,3674,3,yes
31808,32,1781,1,yes
34709,31,140,1,no
27635,42,484,3,no
42478,58,256,1,yes
18457,44,4460,2,no
43480,51,469,1,yes
36549,32,24,1,no
4101,49,4667,2,no
20573,45,362,4,no
2783,51,573,1,no
35588,50,26,5,no
27160,54,37176,1,no
23182,31,0,6,yes
35414,34,676,1,no
22511,36,159,4,no
40611,28,1240,1,yes
21856,37,0,2,no
25341,46,922,2,no
4211,43,3196,3,no
5958,43,-204,2,no
7364,30,2931,3,no
19431,34,2576,4,no
38774,25,4522,4,no
21859,40,27,2,yes
20002,40,1468,2,no
5100,40,1744,11,no
23046,51,-471,2,no
14896,50,907,1,no
15,57,162,1,no
24331,39,500,1,no
17768,29,262,9,no
3298,45,1953,3,no
44590,21,681,1,no
45195,59,138,2,no
1642,44,85,2,no
33413,34,471,1,no
29161,38,201,1,no
36137,32,-94,1,no
22652,50,19,3,no
43349,28,866,2,yes
5185,32,3696,3,no
12864,34,368,1,no
7382,50,2488,2,no
9823,36,22856,1,no
29287,35,1145,2,no
23745,36,63,14,no
15737,58,9004,4,yes
11254,47,3478,11,no
22611,37,655,1,no
22024,31,2085,4,no
19107,32,710,2,no
23806,32,134,2,no
7664,49,169,1,no
19136,59,1035,1,no
29197,48,303,1,no
31627,33,127,2,yes
6251,49,333,3,no
27184,33,2456,3,no
10557,59,969,1,no
23303,36,0,9,yes
8317,58,3496,4,no
8644,57,-171,2,no
1607,33,5034,3,no
7924,31,1533,4,no
37682,35,341,1,yes
39498,28,803,1,no
9671,39,1963,4,no
1406,28,20,2,no
12194,38,503,4,no
6288,29,915,1,no
37753,35,1212,1,no
27818,33,373,1,no
44150,33,1962,1,yes
13856,40,2158,1,no
5904,31,-576,2,no
7547,38,473,4,no
12492,37,0,2,yes
22558,32,43,5,no
23934,39,8,2,no
17792,29,19,6,no
32674,58,1476,1,no
35351,29,43,1,no
16514,52,6,3,no
9858,45,-1036,17,no
827,37,259,1,no
3992,24,77,2,no
11947,42,-56,14,no
27402,44,0,2,no
39055,25,217,1,yes
171,35,0,1,no
25079,37,1743,1,no
42302,22,1925,1,no
9444,57,679,3,no
44828,31,4951,3,yes
42487,41,10346,1,no
37377,36,181,2,no
32725,34,277,2,no
26748,35,1546,4,no
34155,41,27696,1,no
24719,46,4958,3,no
3349,44,-22,1,no
23901,31,96,2,no
28965,53,-264,1,no
2911,49,1878,1,no
34843,25,-97,1,no
44020,22,1796,3,yes
8145,34,336,2,no
44776,30,167,1,no
30274,30,105,1,no
33842,42,71,3,no
11702,59,-162,1,no
8377,31,1166,1,no
6715,42,54,1,no
33680,58,1112,3,no
29595,42,2398,2,no
38140,43,28,1,no
23894,33,503,2,no
603,37,-118,2,no
5999,49,-215,2,no
7478,34,88,2,no
4,47,1506,1,no
18369,43,5317,2,no
18017,50,0,9,no
18420,41,0,2,no
30620,44,196,3,no
15165,29,37,2,no
9758,45,261,1,no
3394,55,1328,1,no
28708,35,2144,2,no
36974,33,331,3,no
467,36,20,1,no
33907,27,1390,1,no
22973,44,-11,5,no
40207,33,1129,2,no
41205,34,1406,2,yes
13785,41,-215,1,no
15145,34,11,1,no
5302,32,697,1,no
35406,36,2095,2,no
40840,42,437,3,no
4339,24,1019,26,no
37724,42,142,5,no
37032,33,2000,1,no
11767,43,1,1,no
30428,46,222,1,no
43080,22,1215,3,yes
7199,44,15578,1,no
23769,31,367,17,no
11956,51,1550,5,no
907,27,0,7,no
8346,44,-411,4,yes
42633,29,180,2,no
13869,36,1013,1,no
39166,57,2225,4,no
20858,34,0,2,no
33936,27,662,1,no
24405,56,2551,2,no
39042,28,1480,1,no
39194,23,668,3,no
32893,49,687,1,yes
32856,48,3688,1,no
44887,38,0,12,no
40293,46,0,4,no
19915,50,0,2,no
11612,23,299,1,no
39323,33,711,2,no
37890,46,-976,1,no
40101,32,252,2,no
18000,56,247,2,no
12438,40,220,3,no
22658,31,0,5,no
11590,29,7836,1,no
26077,32,80,2,no
33929,32,0,2,yes
12410,39,324,4,no
35312,59,599,1,no
26865,38,1021,3,no
34745,54,0,1,no
25874,42,2628,1,no
21688,33,47,2,no
34459,40,710,1,no
29594,29,1606,6,no
23874,32,769,2,yes
4693,27,317,10,no
29200,31,1625,1,no
32986,31,310,2,no
27763,47,459,1,no
36664,41,277,3,no
42150,31,1812,1,no
2015,31,620,3,no
45105,73,1388,1,no
42354,36,0,1,no
24156,47,0,1,no
15566,41,4464,2,no
1250,41,1773,1,no
35426,47,223,2,no
27720,30,130,1,no
41327,42,1535,1,no
4053,26,-326,3,no
2599,44,300,3,no
27970,43,379,1,no
42333,55,0,2,yes
34445,34,1184,1,no
37156,53,233,1,no
13230,29,-32,1,no
7225,52,1052,1,no
41269,64,67,1,no
37776,53,4778,1,no
20078,54,1349,6,no
29320,49,4,2,no
38465,32,134,3,yes
13721,57,1410,1,no
7209,44,776,1,no
19078,32,43,1,no
2350,31,2577,2,no
6881,53,490,2,no
38462,50,181,4,no
30052,32,651,2,no
17469,25,76,4,no
4611,47,136,1,no
43235,34,798,2,no
22443,35,296,2,no
38482,28,372,3,no
11506,42,22,3,no
44718,37,6771,1,yes
23215,40,105,9,no
27958,38,223,1,no
13244,29,9,2,no
44668,48,1204,2,no
18070,56,152,7,no
26013,50,1597,2,no
3785,32,23,1,no
32803,71,2988,1,yes
392,37,8730,1,no
36868,32,0,4,no
2767,31,591,3,no
36426,31,162,2,no
13191,35,46,3,no
13221,25,628,1,no
30442,55,1765,1,no
8923,33,934,2,no
37193,51,864,1,no
41224,34,10,1,no
13552,50,1457,1,no
2910,42,2535,1,no
27448,41,1539,6,no
7429,29,-125,3,no
35886,48,0,1,no
11609,35,2228,2,no
20522,59,0,2,no
16916,30,4696,1,no
25486,39,1682,1,no
28348,59,2365,1,no
27227,35,32,1,no
11513,50,1857,2,no
28449,27,2735,1,no
9981,39,765,3,no
6486,32,-684,3,no
20199,31,448,2,no
24446,43,536,1,no
22099,36,0,2,no
17735,35,-312,3,no
16311,34,152,1,no
32078,43,2273,2,no
35365,25,122,2,yes
6122,35,-185,2,no
14579,41,0,4,no
34217,36,911,3,no
14602,46,1590,2,no
37678,40,270,2,no
37737,50,125,5,no
8677,44,-574,2,no
28814,35,330,4,no
40639,30,685,2,no
39843,32,0,1,no
30089,38,1029,3,no
27643,36,339,6,no
43469,45,116,1,yes
39489,34,724,1,no
18188,58,86,3,no
25226,33,0,2,no
21892,33,56,2,no
23081,50,1617,4,no
1880,33,513,4,no
2615,48,2218,2,no
39704,36,217,1,no
2298,31,98,3,no
26983,46,829,7,no
42113,32,833,5,no
2152,59,434,3,no
9864,42,0,1,no
4559,35,5260,2,no
37696,29,6429,1,no
29629,26,174,3,no
2207,29,624,1,no
10002,39,138,2,no
8310,41,-18,6,no
22854,48,337,12,no
39587,27,223,1,no
42026,68,7945,1,no
42860,78,4807,2,yes
22164,41,1032,2,no
3551,43,5670,2,no
41702,61,2931,1,no
5124,37,7867,2,no
18605,41,861,13,no
16046,31,78,2,no
36419,49,1120,2,no
27021,40,2644,2,no
36448,29,309,3,no
32119,28,0,2,no
8848,45,0,6,no
40457,25,285,3,yes
21774,33,123,3,no
43513,24,1295,1,yes
31893,34,438,1,no
16707,48,271,1,no
43058,50,5361,3,no
23392,35,753,9,no
35819,52,774,1,no
26441,41,1539,2,no
16991,36,1412,1,no
31463,35,-121,1,no
9850,58,422,1,no
25609,31,1570,2,no
4375,53,3544,4,no
14203,27,3638,5,no
42457,34,294,1,yes
13499,40,-253,1,no
42122,55,2037,2,yes
13360,34,145,5,no
38694,39,11854,9,no
36623,30,90,1,no
20829,39,4373,6,no
24460,36,0,1,no
17958,45,245,3,no
10035,49,59,10,no
44126,40,457,1,no
31278,36,811,1,yes
14771,44,850,5,no
16758,59,3331,3,no
10691,47,4840,1,no
12087,54,153,12,no
41528,32,1676,2,no
18163,45,167,11,no
34712,36,-127,1,no
28200,29,323,1,no
11870,37,142,2,no
23686,39,1522,8,no
13831,47,2246,1,no
18460,47,-1531,8,no
7551,27,-442,7,no
37639,40,438,1,no
28839,54,1114,1,no
27923,45,31,1,no
22348,47,0,9,no
30831,49,474,3,no
41321,62,780,2,yes
31345,30,7387,1,no
3534,34,-17,7,no
3838,45,1163,1,no
38637,29,422,3,no
28624,49,61,2,no
3614,59,975,4,no
116,44,144,2,no
40931,26,1643,1,no
34995,36,222,1,no
7796,36,4136,3,yes
38855,41,-75,1,no
19525,40,0,2,yes
9316,39,-103,3,no
4032,41,141,4,no
38034,35,911,2,no
55,24,-103,1,no
13442,59,6,1,no
44943,26,1592,2,no
21984,60,1614,6,yes
17939,50,1303,2,no
25114,41,159,1,no
40235,29,858,7,no
42970,47,0,2,no
10189,25,-83,17,no
34923,38,1255,1,no
34083,36,393,2,yes
31233,30,523,1,yes
16473,29,181,1,no
16586,24,-164,4,no
14932,39,-1586,2,no
38622,32,138,2,no
11941,53,77,3,no
3071,40,4370,2,no
44394,33,1026,2,no
21590,48,348,4,no
31410,55,325,4,no
39822,34,1011,1,yes
9162,26,-293,2,no
21709,32,60,7,no
31460,32,392,2,no
3186,42,860,3,no
27790,46,557,1,no
7173,46,0,1,no
36411,39,1362,2,no
29029,38,-301,1,no
8875,44,406,1,no
11005,56,1126,3,no
29107,34,28,1,no
20782,47,48,2,no
14153,37,986,2,no
31029,30,302,3,yes
2198,24,237,2,no
41682,28,6784,1,yes
43593,47,707,3,no
11249,59,337,4,no
1798,29,-53,2,no
10367,55,2312,1,no
18975,60,-284,8,no
19369,50,3025,3,no
30727,27,3977,2,no
11291,40,4396,2,no
14119,35,167,2,yes
29460,58,3401,3,no
19813,36,8119,2,no
946,33,-6,2,no
8973,56,314,1,no
14603,29,162,3,no
10938,33,969,2,no
40651,37,1291,1,yes
3353,50,101,1,no
22951,35,714,22,no
9873,57,473,1,no
35354,42,874,1,no
17942,48,63,4,no
34820,28,875,1,no
14056,33,236,1,no
9203,55,2996,1,no
11567,36,-453,1,no
2699,31,516,2,no
34353,37,444,5,yes
14396,33,0,2,no
31308,30,685,2,no
13821,46,445,1,no
13846,56,966,1,no
31454,30,311,2,yes
5294,32,3050,1,no
22102,58,358,2,no
34200,33,133,1,yes
27592,30,817,3,no
7735,41,-111,3,no
10852,45,530,1,no
24599,36,1392,1,no
31619,38,968,1,no
38355,43,10910,2,no
29749,40,1674,1,no
39769,47,213,1,no
3964,42,398,4,no
29100,54,534,1,no
31433,19,134,2,yes
37515,38,4406,2,yes
7126,43,2041,5,no
36416,31,240,2,no
11306,37,0,2,no
34552,34,1,1,no
13830,35,292,1,no
17883,42,947,2,no
24153,43,2271,1,yes
15689,27,831,1,no
13771,57,-5,1,no
7692,51,4924,1,no
11074,35,1359,2,no
38188,39,1102,1,no
10936,48,7434,1,no
37911,53,-388,3,no
7054,24,931,4,no
10924,60,352,2,no
40710,32,4041,1,no
31546,30,148,1,no
25232,33,4,2,no
15757,53,237,1,no
33619,35,1257,3,no
33185,43,948,6,no
12841,41,0,3,no
29531,33,-266,7,no
39396,27,1977,1,yes
30895,40,99,5,no
34991,32,678,1,no
1341,49,168,1,yes
14561,45,0,3,yes
15795,25,10,4,yes
39414,35,0,1,no
15956,27,512,1,no
16341,35,-225,1,no
22689,40,237,5,no
15670,57,2770,1,no
13538,45,335,3,no
29171,31,125,1,no
13045,56,12,1,no
5291,33,416,1,no
43274,79,3025,1,no
30559,37,111,2,no
12977,27,102,2,no
40355,26,667,2,no
13342,49,0,3,no
20593,47,434,4,no
12732,37,555,2,no
32295,40,887,1,no
20735,35,-180,2,yes
31790,32,303,1,yes
12615,36,2637,1,no
43648,36,994,1,yes
26794,54,641,2,no
45208,71,1729,2,yes
17740,45,4413,35,no
5073,38,-100,2,no
25348,32,3839,2,no
689,49,92,2,no
5762,41,-651,1,no
28783,26,265,2,no
19914,54,-125,2,no
41788,35,670,2,yes
14706,50,219,7,no
36267,39,93,4,no
38349,34,4260,1,no
17982,44,0,2,no
40132,44,1933,1,yes
25055,35,2287,3,no
41252,66,1943,1,no
10959,59,2703,2,no
2027,36,771,4,no
17912,36,4481,2,no
37111,44,669,7,no
22144,31,-1,4,no
10192,36,24,5,no
40964,26,-8,2,no
18879,49,3554,1,no
8617,30,-18,2,no
8581,31,-24,6,no
8300,47,68,2,no
15844,59,352,10,no
38948,33,80,1,no
42497,34,2037,2,yes
8891,46,296,2,no
12437,56,3082,3,no
28317,45,789,1,no
41944,70,2064,1,no
10807,48,1078,1,no
1862,38,49,2,no
14103,29,287,2,no
21186,60,15,1,no
43027,21,123,5,yes
19780,31,30,2,no
3451,22,364,1,no
44571,60,4256,3,yes
33816,71,383,3,yes
2931,41,1057,2,no
26539,34,2677,1,no
36288,36,1400,3,yes
12382,39,0,1,no
4465,33,5499,1,no
14912,26,0,2,no
3740,58,879,7,no
40571,27,2489,2,yes
43650,37,2283,2,yes
24402,39,0,1,no
13031,33,-139,1,no
13104,56,175,1,no
38234,40,178,1,no
9718,38,4874,3,no
22563,41,65,1,no
35598,53,0,2,no
18732,32,-109,5,no
3625,31,33,4,no
10903,35,5251,15,no
167,52,271,1,no
9586,57,7082,3,no
19678,43,-334,1,no
2227,50,424,2,no
2535,27,0,1,no
36113,38,1,7,no
3337,49,2623,2,no
8299,51,0,7,no
16939,42,3841,2,no
14369,43,1491,3,no
33697,27,832,1,no
5664,33,157,5,no
22253,37,510,6,no
9100,57,3063,1,no
29966,50,167,2,no
35081,31,59,2,yes
29849,33,19,1,no
37665,40,919,2,no
11810,48,3260,3,no
36169,35,41,5,no
41848,22,129,1,yes
8779,25,-276,1,no
31691,31,625,1,no
23015,31,29,2,no
40311,23,341,2,no
37807,34,0,1,yes
43604,49,0,1,yes
43096,37,4321,3,no
2728,38,113,10,no
6914,51,-245,2,no
31516,23,165,1,no
44235,73,1388,3,no
41069,26,535,1,yes
20949,40,8902,5,no
40344,42,6526,2,no
18536,56,1593,4,no
16094,27,237,6,no
2413,31,253,2,no
20942,42,1355,6,no
29706,53,-211,6,no
19723,40,162,3,no
14213,38,349,2,no
39551,26,8015,1,no
3174,44,3407,2,no
3808,40,1126,4,no
32147,62,180,2,yes
29911,59,729,1,no
30041,53,995,3,no
15834,51,-14,5,no
15013,58,543,3,no
28736,43,540,1,no
35751,47,265,2,no
29057,28,330,1,no
44738,46,1527,3,yes
36500,43,277,2,no
22119,33,422,2,no
16401,36,73,2,no
28936,45,2040,1,yes
8864,29,25,2,no
607,49,15,2,no
14871,39,1315,1,no
20659,49,-96,3,no
26588,30,10667,1,no
11081,57,5253,3,no
41106,31,1441,1,no
8744,33,450,4,no
28103,46,578,3,no
857,47,387,2,no
1927,41,510,2,no
14582,43,59,3,no
8786,27,648,1,no
19153,60,1766,1,no
9403,37,148,1,no
17018,46,860,1,no
45,58,96,1,no
2813,45,740,2,no
39437,21,1596,2,no
38332,31,-365,1,no
36566,48,-110,1,no
11862,44,251,6,no
14629,57,1238,1,no
20485,51,8304,2,no
41010,48,3118,2,no
4605,34,0,1,no
5817,59,93,2,no
29892,39,-168,5,no
13171,54,-547,1,no
15493,60,851,2,no
32596,24,372,1,no
6436,38,-735,2,no
42583,72,0,2,no
37552,35,1284,5,no
19743,43,248,4,no
29817,34,1921,1,no
31315,59,0,1,no
14406,57,1276,4,no
39876,38,1988,1,yes
34883,42,1455,4,no
2052,50,107,5,no
29129,41,243,1,no
24693,53,453,2,no
3074,60,2077,1,no
9468,48,328,1,no
31234,94,1234,1,no
42034,30,914,3,yes
6882,45,156,1,no
37818,29,-254,2,yes
7885,23,1690,3,no
29153,38,661,1,no
536,45,756,2,no
45185,63,1495,1,no
18649,44,3258,6,no
17617,54,4353,2,no
10054,41,812,4,yes
8824,37,117,1,no
3797,32,8,1,no
10245,52,4233,2,no
3927,55,1464,1,no
5598,31,2197,3,no
1574,38,468,2,no
12340,41,303,2,no
7344,60,1900,3,no
14143,32,413,2,no
34788,32,1143,1,no
17900,46,21,2,yes
26971,42,2812,4,no
23389,43,2220,3,no
14571,40,5,3,no
45042,29,600,5,no
10297,56,596,1,no
32818,36,-487,1,yes
13806,45,205,1,no
30282,34,87,1,no
9258,39,1595,2,no
42546,72,4657,3,yes
35425,53,757,2,no
25619,46,15,2,no
16761,25,674,2,no
8820,28,191,1,no
44753,75,1926,1,no
39581,30,385,2,no
27984,32,0,2,no
26234,38,8953,1,no
17152,45,888,6,no
13949,30,1338,6,no
5051,33,754,2,no
36457,36,3064,4,no
34116,57,1119,2,no
9217,59,2269,1,no
21461,49,306,7,no
29868,37,342,1,no
12403,55,-79,3,no
22660,52,381,12,no
30372,49,217,2,no
23716,40,0,2,no
4955,37,13156,1,no
32203,37,1762,2,yes
44313,40,0,2,yes
32052,65,2,1,yes
13194,49,13229,2,no
24025,37,0,12,no
37098,31,1536,1,no
21109,40,282,4,no
23318,35,198,13,no
40619,47,1167,1,yes
33068,44,213,2,no
32462,33,1423,3,no
38659,57,407,3,no
35281,33,358,1,no
1740,30,-2,2,no
39964,29,15,1,no
26597,38,0,3,no
24615,43,-210,2,no
8204,53,-686,3,no
22089,30,196,2,no
10257,40,5560,3,no
22458,44,-26,4,no
16612,53,24,1,no
36579,32,-32,1,no
33765,37,0,3,yes
3430,46,252,2,no
31956,45,96,3,yes
28278,53,2687,1,no
42462,69,426,1,yes
38375,32,180,2,no
5885,32,3,3,no
40785,37,1995,2,no
16698,36,124,4,no
13979,37,159,3,no
28725,40,80,3,no
19211,58,688,2,no
9801,47,1046,1,no
38697,45,1945,4,no
28629,39,360,2,no
7514,46,385,4,no
38567,24,513,3,no
26526,33,3827,1,no
3060,28,280,3,no
17476,47,0,3,no
37016,33,20,1,no
40185,36,92,7,yes
6712,31,-443,1,no
3434,35,0,1,no
4045,58,8014,3,no
25405,53,1139,1,no
13573,39,1070,1,no
18927,54,369,1,no
12292,34,1,1,no
43300,71,3561,7,yes
32574,34,2595,1,no
2898,48,1596,1,yes
39206,40,191,4,no
42539,64,661,2,yes
7785,45,482,2,no
37069,30,25,1,no
8918,51,226,13,no
12811,37,0,3,no
13600,56,343,1,no
28511,45,125,2,no
43953,53,1961,2,no
23629,33,111,23,no
975,31,-825,2,no
14906,32,1905,2,yes
22211,32,0,2,no
15456,26,-454,2,no
30953,53,-376,2,no
30737,35,183,7,no
621,48,147,3,no
39512,28,466,2,no
3598,43,1195,9,no
9953,43,547,6,no
21322,34,0,6,no
35221,34,49,1,no
5419,35,2043,2,no
40842,32,60,2,no
43161,56,1938,1,yes
34385,33,17946,4,no
43398,26,7628,1,no
31494,52,2070,3,no
31204,31,2667,2,no
42662,48,817,1,yes
22618,41,369,3,no
2029,43,757,4,no
12545,58,0,1,no
41118,58,1394,1,no
233,57,294,2,no
23636,55,668,6,no
34377,25,4923,4,no
37070,35,-276,1,yes
3764,24,142,1,no
11008,51,1911,3,no
29793,52,-970,1,yes
17478,35,-499,4,no
36667,54,384,7,no
7281,51,3170,1,no
15417,27,53,2,no
33251,41,67,2,no
36447,27,297,5,no
32944,42,284,3,no
21913,32,68,4,no
15447,32,273,3,no
2513,45,8680,1,no
4853,33,189,10,no
5997,37,4030,5,no
20468,36,1659,2,no
37055,49,725,6,no
15572,48,290,2,no
30086,30,57,2,no
31769,57,5949,1,no
44119,29,966,1,no
33694,26,10086,2,yes
31310,57,2681,2,yes
15140,34,9,1,no
32670,54,736,1,no
11656,56,-1968,3,no
6707,29,4050,1,no
4571,36,8135,1,no
36788,35,68,1,no
13678,49,313,2,no
7198,33,1072,2,no
17919,39,-1451,5,no
43899,39,323,2,yes
42835,45,547,1,yes
37951,41,281,4,no
18417,51,8758,2,no
12407,24,653,3,no
9640,60,1420,4,no
7454,37,1053,2,no
43557,63,115,1,yes
103,52,128,1,no
17283,58,447,4,no
13886,49,78,1,no
1723,54,222,2,no
17179,53,-166,4,no
25400,39,3,1,no
18361,57,20584,2,no
32240,36,937,1,no
41752,25,139,1,yes
37835,34,774,1,no
40954,52,1785,1,no
20010,35,2957,3,yes
36882,36,257,2,no
31399,23,4126,2,yes
39909,31,64,2,yes
42691,85,1255,3,yes
9701,41,260,1,no
26275,33,15169,1,no
37181,38,18,1,no
31989,34,925,1,yes
35702,55,244,1,no
10273,38,2342,2,no
16005,53,0,1,no
28403,47,475,2,no
23680,32,-300,9,no
13708,32,1,1,no
27637,47,2283,2,no
1444,48,267,1,no
31411,43,3301,2,no
24308,42,69,1,no
921,44,58544,2,no
806,35,0,1,no
12160,38,6360,2,yes
26611,34,56,3,no
13484,36,47,6,no
28396,53,354,1,no
23181,51,285,8,no
32359,38,9610,2,no
25953,32,0,2,no
28384,30,60,2,no
18630,40,0,5,no
21858,42,0,4,no
1154,54,1904,3,no
21945,37,228,2,no
25888,47,310,2,no
1085,34,615,2,no
19890,55,0,2,no
26641,30,1259,1,no
42492,36,925,3,yes
40474,36,592,5,no
36046,54,943,1,no
16220,56,205,2,no
40996,33,920,1,no
4490,34,2036,1,no
39330,28,426,3,no
4477,32,328,1,no
31461,26,274,3,yes
3073,41,348,2,no
39720,28,1109,4,no
7528,46,1757,3,no
44780,67,2540,3,yes
40324,32,689,3,yes
1881,45,137,2,no
31171,45,273,2,no
12730,34,-236,4,no
23878,54,184,8,no
2999,60,703,1,no
10900,37,942,1,no
8715,41,400,6,no
31570,73,1292,1,no
40852,71,261,2,no
27133,52,2455,1,no
20111,31,1496,2,no
13448,33,0,1,no
4967,32,901,3,no
42517,32,35,3,yes
38038,35,612,4,no
12637,26,-333,1,no
31103,62,5943,4,yes
6946,39,695,10,no
19687,31,196,1,no
4466,34,3997,1,no
40871,59,182,1,no
39662,56,854,1,no
3975,45,1113,2,no
24708,38,1680,2,no
28817,33,300,5,yes
37525,29,1768,3,no
33712,37,585,2,no
43248,35,2161,2,yes
20592,36,12,2,yes
1776,56,202,2,no
24808,48,104,1,no
45064,75,4912,2,no
21893,38,536,4,no
11376,52,0,1,no
23171,38,1272,6,no
42072,62,7458,2,yes
3878,32,29,13,no
5494,41,-210,1,no
19122,44,7485,2,no
10194,36,2153,2,no
22233,47,468,7,no
8504,59,202,6,no
58,47,306,1,no
44745,39,494,1,yes
12320,32,159,1,no
19010,42,534,1,no
34343,43,4056,6,no
24542,46,189,1,no
38362,37,508,1,no
17745,36,106,13,no
34587,31,3677,2,no
13885,46,-388,1,no
39409,39,622,2,no
11616,36,2022,2,no
29564,34,520,6,no
42905,25,448,1,yes
37698,29,913,1,no
27497,46,410,5,no
9914,36,2823,2,no
27922,39,536,1,no
13358,33,6,1,no
44694,39,179,1,no
31868,36,2730,1,no
36790,35,0,4,no
19956,30,0,2,no
16074,28,187,2,no
35286,21,64,1,no
28896,35,1721,3,no
17269,34,516,2,no
10271,47,0,3,no
38269,27,1531,1,no
28973,26,212,1,no
16927,53,5261,3,no
9015,42,4209,6,no
12611,46,655,1,no
4227,43,1017,2,no
1863,32,1118,2,no
4837,38,546,2,no
1273,30,5956,1,no
3907,36,146,3,no
34596,41,992,1,no
2563,54,42,5,no
2839,42,902,1,no
736,35,376,3,no
33583,55,499,4,no
22954,49,0,4,no
17886,49,5969,2,no
23134,34,1005,7,no
9714,41,1297,1,no
11605,41,5736,2,no
26357,49,7443,2,no
9609,47,313,7,no
32752,31,4,2,no
30843,30,243,2,no
5014,34,581,4,no
39691,54,384,1,yes
20159,27,174,2,no
41549,61,5207,1,no
11647,43,-19,2,no
8608,43,0,3,no
32662,53,197,1,no
27147,40,19343,4,no
43410,24,4126,4,yes
2737,39,580,4,no
31538,28,1350,2,no
40345,58,2074,2,yes
10129,51,7080,1,no
33198,25,586,1,no
13344,27,13,1,no
29475,34,2467,1,no
38974,34,121,6,no
9381,26,639,5,yes
34902,33,0,1,no
13861,54,791,1,no
554,47,935,1,no
33129,56,0,1,no
25285,36,3560,3,no
23459,31,357,5,no
36926,36,590,3,no
43609,48,0,1,no
24437,45,0,1,no
40393,37,1315,1,yes
21718,42,3,1,no
28127,32,4638,1,no
34719,47,0,3,no
38490,33,165,2,no
34066,34,442,1,no
20695,57,0,3,no
15788,41,171,9,no
357,44,34,4,no
31139,28,119,3,no
33307,39,8637,1,no
36056,40,6767,1,no
40874,20,6991,2,yes
42879,54,0,1,no
40314,30,2,1,no
31384,73,448,1,yes
9689,59,0,1,no
18652,46,4879,3,no
2268,32,1345,3,no
38131,30,28,5,no
18500,42,1689,2,no
20162,36,0,2,no
3880,51,1194,3,no
36102,31,550,1,no
1746,22,-1,1,no
38128,38,10357,3,no
6965,33,625,1,no
19852,50,2731,2,no
37144,45,58,3,no
36979,47,0,2,no
43779,27,2781,1,yes
4974,34,0,2,no
24479,56,968,1,no
20646,47,568,1,yes
43318,32,1619,1,no
4550,36,566,2,no
24777,44,10888,1,no
7978,48,-583,7,no
31447,27,831,2,yes
8208,49,1032,5,no
26895,30,35,2,no
18803,44,4492,13,no
2489,54,0,1,no
11604,40,20,2,no
22197,31,506,4,no
29124,26,761,1,no
17490,46,-42,12,no
28847,54,-191,1,no
30787,54,184,6,no
28652,31,3466,3,no
19089,54,810,1,no
41199,35,1756,1,yes
24906,41,0,1,no
19818,40,581,2,no
38635,45,116,5,no
41227,39,3252,1,no
38127,42,680,4,no
43400,60,7929,1,yes
219,46,965,1,no
27180,54,203,1,no
14903,43,184,11,yes
27441,35,3285,2,yes
33804,72,763,2,yes
2656,24,507,3,no
44356,27,842,1,no
37151,48,-139,2,no
20509,33,2481,2,no
12863,41,1085,1,yes
27835,49,613,1,no
22488,47,5049,7,no
4452,33,6138,1,no
42597,40,212,1,no
42001,59,0,1,no
28067,26,622,2,yes
43929,35,294,6,no
26068,32,375,3,no
17764,56,332,3,no
5181,38,-5,12,no
42251,72,3232,2,no
36086,35,434,1,no
42617,65,300,1,no
31221,35,1055,2,no
39223,34,355,3,no
28282,37,1694,2,no
4100,52,1781,2,no
39432,40,1,3,no
7132,41,193,1,no
20033,49,443,6,no
21319,30,796,4,no
43046,30,41,4,no
7729,35,5724,10,yes
7005,31,1531,5,no
4768,30,347,1,no
5946,57,1024,6,no
5588,35,208,3,no
30212,50,388,1,no
18824,58,6878,1,no
38209,24,-94,1,no
34916,41,0,2,no
5020,30,527,1,no
21368,32,82,4,no
25563,32,3136,1,yes
29557,37,1116,6,no
23135,35,915,3,no
35239,38,4860,1,no
4335,42,170,41,no
38612,48,108,5,no
21934,32,587,4,no
15397,34,1173,1,no
15905,32,4344,3,no
9454,54,351,2,yes
24804,32,170,1,no
8674,55,-208,2,no
8461,37,67,2,no
17678,52,5517,2,no
669,60,46,4,no
13940,34,1171,1,no
27013,58,6316,1,no
24864,32,53,1,no
15228,40,393,2,no
40403,78,2787,1,yes
10131,42,103,2,no
813,47,733,1,no
26258,52,57,1,no
17844,49,933,33,no
34185,37,3141,2,yes
24544,42,877,2,no
14682,53,0,5,no
2102,31,2597,1,no
41153,60,0,3,no
11404,49,148,1,no
9422,60,22018,2,no
27112,40,865,2,no
23238,44,6485,19,no
43955,25,303,1,yes
9440,46,425,3,no
5738,45,591,1,no
29693,59,1866,2,no
42920,73,443,2,no
11580,53,76,2,no
6252,54,3170,4,no
4070,48,-471,7,no
5636,39,540,2,no
30709,40,638,3,no
11889,42,161,3,no
43190,60,2,4,yes
40517,51,6840,1,yes
3370,55,1105,1,no
38412,34,6979,5,no
8650,38,284,6,no
36038,44,738,1,no
25978,32,913,3,no
43305,34,12409,1,no
31427,33,215,1,no
11725,40,2135,1,no
24845,35,5260,1,no
5321,39,287,1,no
27304,43,13851,1,no
22227,39,86,4,no
40835,55,357,1,no
17784,47,2889,12,no
11881,49,2,20,no
27179,42,9916,1,no
11650,50,17,2,no
44903,69,813,2,no
41267,33,369,1,no
3009,32,160,1,no
24206,42,4960,1,no
5867,37,316,2,yes
26405,52,1115,1,no
36366,29,195,1,no
37688,35,4963,1,yes
43256,33,0,1,yes
41763,31,80,1,no
34880,35,-244,1,no
41352,36,953,2,no
42596,45,891,1,yes
34803,30,616,1,no
17075,44,233,7,no
35834,52,26,2,no
33054,58,1351,3,no
35445,29,0,2,yes
36753,47,367,1,yes
38558,30,624,2,no
30415,53,1624,3,yes
20005,32,0,1,no
31620,37,811,3,no
26223,59,667,1,no
26907,44,5045,6,no
19265,35,118,2,no
10228,37,587,2,no
36884,48,525,2,no
38157,29,940,1,yes
15302,51,428,2,no
25325,56,12539,1,no
26809,31,-208,4,no
30907,30,2174,1,no
12708,39,1007,2,no
19579,51,2315,2,no
22252,37,744,3,no
15926,56,161,2,no
27877,50,218,1,no
22946,58,1,4,no
18329,37,7,10,no
16624,45,0,2,no
2003,35,123,3,no
8938,29,68,4,no
41625,44,1036,1,no
27121,31,528,7,no
21558,53,6657,8,no
23673,41,1788,1,no
15574,35,0,3,no
34957,22,310,2,no
8844,32,273,1,no
14637,44,4353,1,no
14098,32,0,2,no
15861,41,1253,5,yes
41493,25,1871,1,yes
35897,36,0,2,no
14427,53,2231,3,no
22422,55,100,4,no
13849,34,0,1,no
13712,44,119,1,no
13503,57,140,1,no
14348,32,596,3,no
21772,56,96,11,no
38321,24,2,1,no
17086,56,6475,3,no
37140,35,323,1,no
42157,33,5276,1,no
6406,35,949,2,no
10134,57,58,1,no
43743,64,1612,1,yes
22346,46,255,2,no
14993,42,127,2,no
9501,29,-246,3,no
15717,32,-289,5,no
41967,37,0,1,no
26374,30,2153,1,no
36262,34,-374,1,yes
22018,39,208,4,no
23714,40,88,3,no
30180,35,-151,2,no
29386,65,162,2,no
21085,57,1315,2,no
29245,41,840,1,yes
8057,42,3472,2,no
25985,34,1006,3,yes
31401,24,1250,2,yes
30366,56,1187,2,no
16642,28,2,1,yes
29609,27,551,2,no
16465,30,536,1,no
33431,28,0,1,yes
24459,45,4005,1,no
336,49,30,4,no
17400,54,1938,3,yes
36003,34,3,1,no
37002,47,10558,3,no
5769,31,747,2,yes
36578,59,1635,1,no
9568,53,44,1,no
15643,56,826,1,no
14791,57,7699,1,no
29774,28,127,1,no
22992,31,218,4,no
21808,48,8,2,no
41201,33,0,2,no
4246,41,3722,2,no
40423,30,930,1,yes
31855,37,248,2,no
30886,41,367,5,no
1225,38,65,1,no
5144,36,342,3,no
7710,42,2441,1,no
639,44,1,4,no
33319,28,1984,1,no
21089,34,6529,2,yes
12634,25,34,1,no
10319,59,3165,2,no
30427,57,-319,1,no
26000,49,126,2,no
7734,24,278,1,no
5131,37,2205,4,no
29891,26,334,1,no
31248,54,446,4,no
41210,21,1746,2,no
28882,31,217,2,yes
23722,33,2,7,no
20369,41,0,5,yes
7448,32,211,4,no
25529,51,1760,1,no
29365,44,245,2,no
3382,60,751,1,no
39864,29,307,1,yes
23307,45,34,7,no
16548,48,93,2,no
34104,54,527,1,no
6105,60,1307,11,no
10660,50,4,1,no
19907,42,-805,6,no
36718,48,315,1,no
35818,45,0,1,no
12680,30,137,1,no
24281,57,1749,2,no
41662,39,24,1,no
6800,29,-526,2,no
2481,29,95,2,no
10831,48,2837,1,no
41940,41,431,1,yes
10516,52,0,7,no
24193,53,910,1,no
36723,33,196,5,no
13983,60,763,3,no
8974,48,395,1,no
13839,34,290,1,no
1640,28,252,1,no
11375,39,410,4,no
10084,40,1967,1,no
43898,31,147,2,yes
24448,46,1029,2,no
11615,29,0,1,no
13229,31,152,1,yes
14082,45,0,2,no
26342,47,1976,1,no
32425,54,3994,2,yes
22317,43,58,2,no
7510,44,-431,8,no
34804,40,-606,1,no
45005,29,1579,1,yes
30703,27,795,3,no
34059,40,2129,1,yes
27489,32,752,4,no
40737,18,1944,3,no
19662,30,0,1,no
2466,42,1823,1,no
16778,31,12,1,no
43582,59,1,1,yes
42444,38,1190,4,no
35679,43,-330,1,no
13614,34,550,1,no
25269,34,1199,7,no
40817,78,631,1,no
28970,29,2325,1,yes
44868,36,60,2,yes
20551,30,894,6,no
35054,37,1114,1,no
5567,34,70,4,no
22382,30,347,2,no
31954,41,-56,1,no
29741,54,195,1,no
20889,53,1950,1,no
1438,35,907,1,no
39121,26,595,3,no
42899,29,1788,1,no
19755,31,37,2,no
28581,48,-6,2,no
36804,37,335,2,no
532,31,203,3,no
10769,38,403,8,no
38732,24,1690,3,no
36437,46,2603,3,no
24589,41,20,1,no
22232,47,440,4,no
28245,37,443,1,yes
31069,54,2960,9,no
34071,25,400,1,no
9813,49,505,1,no
11055,45,3329,2,no
34500,32,721,1,no
37969,30,664,1,no
24695,40,1077,2,no
16264,26,3,1,no
7035,29,992,2,no
5803,40,-396,1,no
27065,43,-128,1,no
32343,31,855,1,no
20742,49,3392,2,no
24226,48,3419,1,no
44481,79,631,5,no
32985,32,77,2,no
16950,43,57,5,no
176,53,1151,1,no
29996,27,298,3,no
43276,29,1351,1,no
37676,37,720,6,no
39929,33,0,1,no
19315,53,421,4,no
35266,48,-30,1,no
24122,28,1335,1,no
745,45,248,5,no
31281,21,682,1,yes
39777,30,155,1,no
37291,45,-946,1,no
22802,41,1190,4,no
7704,41,438,3,no
20272,53,0,2,yes
29086,45,-75,1,no
2571,60,791,1,no
11846,51,495,8,no
2520,52,2240,1,yes
5059,37,5643,1,no
43209,39,508,1,no
23033,49,0,4,no
27521,34,714,3,no
43309,47,3232,1,no
27726,38,0,1,no
12024,40,142,3,no
7096,52,130,2,no
15427,40,700,2,no
15675,28,0,1,no
34806,34,0,1,no
1575,44,138,3,no
27205,35,2971,2,no
9542,38,0,2,no
24157,31,585,1,no
38204,33,1996,2,no
21456,43,0,5,no
22512,30,463,4,no
3224,45,2217,1,no
33455,30,239,3,no
8458,38,823,5,no
21314,48,288,3,no
27554,58,1602,10,no
15513,32,-46,4,yes
1928,37,223,2,no
27707,30,4127,4,no
23335,59,213,3,no
4489,58,11,1,no
11089,49,434,3,no
41996,60,4629,1,yes
40083,38,1190,2,yes
8059,30,732,1,no
10484,44,32,3,no
1843,31,1329,1,no
40727,73,1092,2,no
5691,44,106,1,no
25247,31,0,3,no
34618,44,38,4,no
1602,45,310,2,no
18512,42,517,7,no
33853,35,149,3,yes
26638,31,1515,1,no
34307,56,349,4,no
43670,66,3409,1,no
40321,29,1675,2,no
22721,39,0,5,no
3245,50,708,1,no
30011,29,887,1,no
38617,43,-266,5,no
31293,35,671,1,yes
18284,27,0,3,no
39640,34,402,1,no
30440,45,2953,1,no
3963,33,307,4,no
21742,43,0,3,no
850,37,245,2,yes
11819,41,-771,2,no
24580,52,11650,1,no
10023,45,408,2,no
27555,32,354,2,no
24764,59,162,1,no
16517,56,527,4,no
14145,50,383,2,no
33134,32,197,4,no
3020,43,1311,1,no
34019,26,255,1,yes
41008,74,166,1,no
44872,37,217,2,yes
1234,61,734,1,no
11993,46,5464,4,no
33142,35,1473,6,no
39740,24,501,6,no
26824,50,719,6,no
33883,29,78,1,yes
34779,32,0,1,yes
36703,39,266,1,no
425,38,9,3,no
26089,42,529,3,no
16880,25,156,5,no
13084,27,0,1,yes
25074,37,5427,1,no
4119,41,-19,1,no
810,57,197,1,no
42538,34,303,3,no
15068,27,342,1,no
41573,49,596,1,yes
19726,38,740,3,no
11253,33,4,2,yes
33485,51,83,2,yes
35012,42,568,2,no
36314,41,727,1,no
1209,34,133,1,no
11204,37,2235,1,no
37848,36,0,2,no
38200,34,11350,1,no
31698,40,2591,1,no
45052,26,4859,2,no
41735,38,53,1,no
42403,39,323,3,no
17099,27,158,2,no
28987,42,814,5,no
27578,54,1114,2,no
14245,34,1906,3,no
24213,56,6798,1,no
40544,46,922,1,yes
31108,38,755,1,yes
1930,39,338,4,no
33281,31,775,1,no
14393,27,639,3,no
28280,36,135,2,no
22730,58,0,5,no
44476,37,4596,1,no
37908,40,105,2,no
11781,50,0,1,no
18993,43,167,3,no
39102,56,791,2,no
29981,39,590,2,no
11321,38,1121,1,no
25449,44,1106,5,no
40002,50,268,2,no
27373,43,2083,2,no
29014,37,194,1,no
16315,56,187,2,no
4569,54,167,7,no
24016,50,0,2,no
25782,48,-202,1,no
18360,44,617,2,no
6600,40,5766,1,no
1848,29,433,1,no
882,38,266,1,no
15616,31,0,1,no
6064,33,2065,2,no
2189,32,1064,1,no
33103,49,-147,1,no
21482,45,2119,15,no
44764,28,187,1,yes
17331,34,357,20,no
2782,42,1093,1,no
42053,32,685,1,no
25091,36,413,1,no
41013,57,1198,1,no
18562,39,532,2,no
2561,28,64,3,no
16217,28,466,2,no
28480,28,882,1,no
9552,30,1232,4,no
531,44,213,1,no
38720,42,-336,6,no
5613,31,-357,4,no
23023,54,19,2,no
36179,48,457,1,no
36343,46,-27,1,no
18147,40,-444,8,no
39861,45,1788,2,no
9979,38,93,6,no
31485,49,686,2,no
42833,65,23421,1,no
12433,45,-342,1,no
11364,47,1195,1,no
31381,53,10185,1,yes
2402,27,71,1,no
40374,37,2061,1,yes
28690,60,-71,1,yes
9636,46,1676,2,no
43458,80,499,2,no
10550,45,3037,2,no
18765,31,1186,16,no
7257,35,918,1,no
29923,42,0,2,no
42252,75,324,2,no
42272,38,1438,5,no
5929,28,328,1,no
1834,27,350,1,no
4754,41,1250,2,yes
11483,55,10183,1,no
13692,33,2,1,no
43621,80,155,1,yes
4873,33,256,2,no
44821,23,780,1,yes
1473,38,495,1,no
30177,69,840,3,yes
19618,36,0,2,no
32969,31,55,2,no
11747,44,-1746,1,no
28402,51,873,1,no
6693,49,169,1,no
19944,40,326,2,no
42986,44,1791,1,yes
39054,35,-4,1,no
44598,29,1124,1,no
42977,38,3954,1,no
32408,39,-367,2,no
8663,38,635,2,no
18841,49,324,1,no
5315,31,7,1,no
11658,50,89,2,no
35735,31,-190,3,no
10460,39,733,4,no
43201,23,287,3,no
5561,30,1572,3,no
18421,40,296,2,no
27002,35,196,1,no
8070,27,1237,4,no
5820,25,96,1,no
13189,33,0,2,no
12332,44,-153,1,no
11447,37,0,3,no
5137,31,589,1,no
8747,37,780,5,no
33295,54,303,1,no
9148,29,185,3,no
21569,30,126,2,no
1441,36,90,2,no
13715,40,419,1,no
9697,39,0,4,no
1207,40,103,2,no
31046,46,2732,2,no
12474,52,935,1,no
34374,32,2360,4,no
16128,36,-301,3,no
25594,31,287,1,no
43197,29,2489,1,yes
16649,34,280,2,no
11933,46,974,3,no
9601,40,1,3,no
35580,39,291,2,yes
12828,35,35,4,no
33310,44,508,1,no
39119,39,471,4,no
13480,36,264,1,no
38817,23,-230,2,no
38735,37,2016,6,no
23104,31,0,6,no
14725,46,-563,4,yes
24229,48,17,1,no
12272,60,1046,3,no
10198,43,396,3,no
15808,54,1598,1,no
31162,34,88,1,no
37750,34,1351,2,no
34310,32,141,3,no
25456,36,2317,2,no
14188,44,430,2,no
29132,29,-45,1,no
44814,78,527,1,yes
33830,44,167,2,no
31282,44,483,2,yes
36165,54,1252,1,no
37803,33,287,1,no
29079,38,-500,1,no
14911,29,249,2,no
16796,43,169,5,no
4241,34,-288,1,no
5091,33,609,2,no
29573,30,151,2,no
6467,38,750,2,no
38809,28,1944,7,no
8937,33,36,4,no
38163,51,0,1,no
36178,35,2048,1,no
36490,39,2040,6,no
1316,44,-84,3,no
32214,35,1350,1,no
19673,31,676,1,yes
9224,59,8562,2,no
34604,32,11,1,no
10353,40,3944,6,no
8075,35,1104,1,no
36094,29,228,8,no
29113,43,575,1,no
15599,28,503,2,no
38502,24,833,1,yes
32867,35,520,1,yes
41547,27,-148,3,no
24696,35,825,2,no
37332,32,1804,1,no
23369,33,1374,12,no
13579,32,68,1,no
14910,54,381,1,no
1047,23,2605,6,no
17969,43,99,2,no
23436,30,7870,7,no
30284,40,-187,1,no
35883,35,-182,2,no
14942,58,145,2,no
37075,50,100,1,no
3139,52,989,2,no
41729,24,1857,1,yes
41673,59,4152,6,no
22111,46,-337,2,no
20287,55,149,15,no
1773,43,1342,2,no
32332,29,2121,1,no
35143,34,0,4,no
14591,34,291,4,no
23421,48,0,7,no
30996,27,3196,2,no
33017,28,-112,2,no
1288,32,442,1,no
3949,50,231,4,no
24469,53,6164,1,no
2622,32,1940,3,no
13292,59,468,1,no
14815,54,0,1,no
36266,52,201,1,no
22985,31,0,2,no
23683,52,136,5,no
37647,38,744,1,no
33073,21,1385,5,no
39577,25,241,1,no
12018,38,2685,12,no
43741,49,209,1,no
43627,33,79,1,yes
17545,44,4,3,no
2239,38,-329,4,no
29210,45,40,1,no
44843,31,0,1,no
1206,26,2087,1,no
4665,44,1422,8,no
35336,53,1066,2,no
31450,36,9324,8,no
27149,45,1738,1,no
24991,49,0,1,no
38026,29,-13,3,no
40749,65,0,1,no
28444,59,541,1,no
33302,43,1927,1,no
29019,36,-207,1,no
24343,56,450,1,no
41485,70,0,1,yes
17247,59,0,2,no
15738,43,3215,3,no
33776,74,670,5,yes
36617,60,-134,1,no
12965,31,9,2,no
20855,33,0,2,no
10000,42,8036,5,no
41948,82,8603,3,yes
32788,32,199,1,no
3826,24,-248,1,no
4959,35,12961,2,no
24591,43,0,1,no
29491,59,2735,2,no
29466,28,59,3,no
44130,35,2427,3,yes
9145,56,1238,1,yes
41777,46,8,1,no
32461,53,241,1,no
14583,42,-100,5,no
8897,50,306,1,no
41806,31,52,1,no
10012,57,992,3,no
39999,34,1047,1,no
7684,32,132,2,no
21501,35,854,20,no
27449,31,144,2,no
15071,48,658,1,no
37162,45,78,1,no
41231,22,144,1,yes
33899,33,158,2,no
3055,34,-115,1,no
11687,57,0,2,no
6918,42,4264,1,no
36810,46,804,2,yes
886,29,8,1,no
22714,49,-75,4,no
6289,33,0,1,no
18600,44,-251,16,no
27264,39,47,3,no
14008,53,2242,14,no
31555,61,0,1,no
5275,34,1092,1,no
14530,42,-145,3,no
31850,29,1377,2,yes
40439,39,19,2,yes
40354,50,5108,2,no
30572,33,687,2,no
43659,53,3634,4,yes
33696,30,411,1,no
12848,38,-228,4,no
19949,59,116,4,no
12966,50,223,5,no
28876,42,0,2,no
750,30,32,3,no
21966,39,507,4,no
31692,40,963,1,no
3438,44,38,2,no
12345,45,71,2,no
23632,32,211,7,no
20408,46,2551,2,yes
35845,54,1483,2,no
12060,44,5597,3,no
43320,35,295,1,yes
8913,30,-97,2,no
17992,35,5,2,no
42804,26,2002,1,yes
32429,34,1524,1,no
12621,26,115,3,no
25835,40,657,1,no
12518,32,-255,3,no
6211,51,109,2,no
13617,29,-223,1,no
40460,24,507,1,yes
28216,33,22,1,no
23460,58,-146,8,no
9348,40,546,1,no
38882,26,251,5,no
10668,47,214,3,no
44682,55,159,1,no
6028,45,-376,4,no
3700,55,1000,1,no
8653,31,-205,12,no
27930,50,253,1,no
1330,33,1988,2,no
14035,38,373,1,no
18544,35,4401,4,no
21554,45,107,11,no
37979,27,806,2,no
5126,31,4924,2,no
1572,32,394,2,no
31748,39,600,1,no
35438,24,1371,2,no
15699,36,-267,2,no
19550,47,1265,2,no
27432,57,2352,2,no
29541,52,1785,2,no
24177,27,67,1,yes
42565,43,3518,2,yes
24039,46,-90,1,yes
18459,57,1354,9,no
34028,28,4287,1,no
39154,30,33,2,no
30864,52,749,2,no
24354,53,1364,1,no
31948,36,1,2,no
24522,45,0,1,no
28908,33,1071,2,no
20810,51,97,2,no
42210,63,3579,2,no
11851,57,5,2,no
8450,48,1669,1,no
14625,48,729,1,no
30514,36,0,2,no
15543,38,1698,2,no
2203,25,276,4,no
3478,32,401,2,no
28047,26,2020,3,no
8266,36,63,8,no
15629,42,401,4,no
12050,49,6138,3,no
202,48,7,1,no
21045,32,943,2,no
36454,40,4136,3,no
696,44,1631,2,no
13777,57,334,1,no
39583,34,23076,2,yes
1429,40,-275,2,no
16869,34,380,2,no
32491,53,51,1,no
8552,29,243,1,no
3734,43,91,1,no
32339,29,268,1,yes
26355,53,0,2,no
37339,37,198,5,no
14214,35,272,2,no
13003,45,4688,10,no
41436,26,9447,1,no
24456,41,71,1,no
10720,51,5050,7,no
17692,34,147,7,no
15265,28,858,1,no
34829,49,0,1,no
31719,27,2068,2,no
6020,39,36,3,no
9892,45,967,1,no
40304,30,124,2,no
18418,35,-218,4,no
35827,33,1,1,no
2451,59,1875,1,no
34137,35,206,2,no
1505,55,1288,2,no
3769,44,1511,2,no
35748,32,-4,5,no
6991,33,-675,2,no
43039,37,2987,1,yes
37281,36,481,1,no
21219,31,4247,3,no
11805,41,0,1,no
44954,38,5270,1,no
26493,31,14387,1,no
44601,38,490,1,no
30339,36,351,1,no
18758,35,377,13,no
11759,41,24055,1,no
4130,38,976,2,no
17873,38,5073,4,no
11022,57,0,2,no
39566,25,1317,1,yes
3528,46,756,7,no
33058,59,82,4,no
767,44,161,2,no
26002,34,7171,2,no
17188,45,1506,4,yes
38997,28,-76,1,no
25246,36,296,2,no
32756,37,188,1,no
15214,41,-508,8,no
34176,29,734,1,yes
34584,47,-301,1,no
6295,28,737,1,no
10871,59,4322,1,no
34954,32,752,2,yes
44165,51,3463,2,yes
23590,55,0,28,no
326,55,115,4,no
24493,38,425,1,no
31549,37,489,2,no
23192,37,40,4,yes
28304,28,28,2,no
3690,28,82,1,no
27706,49,981,3,no
17446,56,124,12,no
39710,42,261,5,no
38786,32,36,4,no
11187,37,0,1,no
42,50,49,2,no
5832,32,-376,1,no
22215,32,0,2,no
41642,57,10583,3,yes
43751,53,195,1,yes
5109,39,2271,2,no
19598,37,200,4,no
43626,32,390,1,no
6596,45,-175,2,no
36816,24,603,5,no
8230,34,926,2,no
40464,33,242,2,no
30026,35,21,2,no
19308,39,1112,2,no
11613,55,136,10,no
35287,37,502,1,no
23689,35,-108,3,no
42192,44,1534,1,yes
40110,60,5003,5,no
21321,54,473,6,no
27015,41,488,1,no
9761,51,150,1,no
41926,33,658,1,yes
11234,56,773,1,no
23231,35,25,2,no
45186,60,4256,1,yes
18930,37,0,2,no
19113,49,1377,1,yes
38724,42,-378,7,no
14329,48,67,2,no
16486,54,299,4,no
33992,57,169,1,no
39035,33,2294,1,no
42976,60,1853,1,yes
22769,47,756,4,no
16914,46,502,2,no
27222,35,0,10,no
8415,43,463,1,no
10020,40,90,5,no
26261,42,7104,6,no
19210,45,3114,2,no
14372,47,0,2,no
32037,40,1641,1,no
33864,47,3940,1,no
11676,52,1624,3,no
22297,54,1090,7,no
44692,32,390,1,yes
18328,36,-381,29,no
10574,55,0,3,no
2721,43,3285,2,yes
10163,40,0,1,no
5956,35,-94,2,no
12913,39,1,1,no
18564,43,439,3,no
44157,38,6447,3,no
36517,36,-811,2,yes
25998,31,2144,2,no
16190,30,1700,3,no
39767,38,70,1,yes
42011,34,18,1,no
39230,22,110,2,no
29520,48,3,1,no
19613,45,169,4,no
28207,29,415,1,no
45021,28,9710,2,no
40333,37,26,7,no
25441,51,5964,4,no
33915,37,1458,1,yes
28074,44,0,2,no
6085,40,0,4,no
15764,38,0,8,no
11717,50,261,1,no
6953,29,0,4,no
42776,49,387,1,yes
17252,58,794,9,no
18832,41,3348,1,no
39462,34,612,1,no
32133,26,744,1,no
9691,35,193,1,no
34285,33,4984,2,no
20805,36,0,5,no
19118,55,512,2,yes
44529,34,1313,1,no
2845,40,503,3,no
43004,44,451,1,no
13044,35,2643,1,no
39277,28,25,2,no
32972,47,3823,2,no
44278,25,37,1,no
32191,37,876,4,no
32235,31,2530,1,no
44910,39,386,2,no
30754,55,-157,5,no
29314,39,52,3,yes
11521,57,209,1,no
38004,34,79,2,no
19904,50,315,10,no
830,34,872,2,no
7809,51,752,2,no
20926,54,6376,3,no
18365,35,39,2,no
21038,49,322,2,no
186,58,235,1,no
21281,57,50,3,no
36136,31,457,1,no
5547,40,278,3,yes
28196,39,547,2,no
23391,37,5065,19,no
21562,49,673,2,no
22677,32,4,8,no
24009,45,183,4,no
22756,54,497,4,no
4575,36,0,1,no
39156,35,184,2,no
27619,30,1036,2,no
44329,33,0,1,no
14534,43,254,3,no
29270,26,494,1,no
3961,35,88,4,no
27301,43,1440,1,no
25414,48,-998,1,no
31842,54,1063,7,no
20963,38,2454,2,no
24084,40,568,1,yes
20906,42,1493,1,no
11622,43,682,6,no
28739,58,0,1,no
36460,50,50,5,no
13142,60,280,1,no
12190,33,45,12,no
10393,43,664,1,no
12057,24,867,10,yes
394,27,4,1,no
22149,34,0,2,no
38065,31,2030,2,no
42750,30,319,2,no
45098,61,10861,1,yes
34863,30,477,1,no
868,26,24,1,no
11145,50,311,3,no
434,40,46,1,no
28951,40,432,1,no
43095,51,1277,5,no
16738,56,360,2,no
14690,32,3,4,no
8366,49,-1193,1,no
40679,62,4829,1,no
605,51,50,1,no
14049,34,479,1,no
40417,50,405,1,no
2775,31,393,1,no
31763,38,6994,1,no
5030,28,395,1,no
33470,37,3884,5,no
38753,39,117,2,yes
25730,33,149,2,yes
32460,35,2415,3,no
21338,33,389,2,no
43334,35,1227,4,yes
3572,32,772,3,yes
8453,28,1734,3,no
31504,49,182,1,no
19919,45,4877,2,no
18209,41,1705,3,no
34311,28,551,3,no
9990,56,7496,3,no
36240,34,-701,2,yes
39415,44,2981,1,no
27405,30,105,1,no
18501,39,2258,2,no
17424,39,74,6,no
32033,82,2140,6,no
25673,51,5403,1,no
6186,33,1217,3,no
18042,46,2862,3,no
21716,52,1205,20,no
33144,56,283,3,no
3860,55,19,3,no
15413,53,-17,1,no
3959,30,298,2,no
20320,42,187,1,no
10283,49,142,3,no
36126,36,3875,1,no
35493,56,264,2,no
541,46,71,1,no
28525,43,99,3,no
1750,27,78,1,no
32661,22,-7,1,no
41292,86,0,1,yes
7484,30,63,5,no
40289,39,697,1,no
10842,49,25824,1,no
38386,38,257,5,no
6665,31,-463,1,no
13135,30,-145,1,no
43883,63,1490,1,yes
10302,41,4283,1,no
36475,35,847,2,no
44266,36,203,3,yes
17172,60,74,8,no
2314,46,41,4,no
22308,46,278,3,no
27693,45,2121,2,no
16266,53,291,1,no
976,38,137,2,no
23360,51,260,5,no
14901,38,4,1,no
12954,31,8,3,no
32015,24,139,1,no
5120,33,1545,2,no
7819,36,548,3,no
18141,37,2173,1,no
32207,36,453,1,no
18009,55,4372,2,no
28332,38,1077,1,no
15347,29,-308,1,no
4949,36,599,2,yes
37131,38,3715,2,no
2633,52,26,1,no
361,48,263,2,no
25015,45,3395,1,no
24527,53,200,3,no
19229,41,3432,3,no
20127,34,268,4,no
44824,20,2785,2,yes
8551,35,56,1,no
15794,59,966,4,no
43419,30,2325,3,no
20416,36,171,2,no
38995,27,-195,1,yes
17526,53,845,2,no
37960,51,814,8,no
38325,30,714,1,no
30649,38,121,1,no
7040,31,667,3,no
17112,34,-603,4,no
9374,38,0,2,no
28357,36,188,2,no
3897,33,64,3,no
29211,43,0,2,no
15627,29,5,1,no
30469,27,126,2,no
124,43,41,2,no
17790,42,1386,5,no
40555,26,10086,3,no
16771,53,2253,1,no
34321,35,538,2,no
21095,50,697,4,no
26681,52,1527,1,no
14461,48,742,4,no
10495,46,2044,3,no
11856,36,207,5,no
41807,28,1579,3,no
6097,49,134,2,no
1769,34,-68,1,no
26497,42,985,2,no
34857,33,-18,1,no
34297,38,6368,4,yes
34622,31,33,2,no
42553,59,2764,1,no
1453,50,134,2,no
29195,40,687,1,yes
39388,29,265,1,yes
21284,43,-173,7,no
9943,49,81,2,no
36754,42,0,3,no
9093,50,420,1,no
41434,24,154,2,no
43543,26,222,1,yes
11962,38,-522,22,no
2807,59,1534,1,no
2682,29,-44,4,no
12928,58,-354,1,no
23359,58,1905,5,no
44146,80,1468,2,no
29467,30,363,1,no
36020,46,0,4,no
3315,49,716,3,yes
23718,50,565,3,no
32395,44,35,2,no
16946,41,2959,1,no
12883,47,-239,3,yes
10564,38,606,2,no
20979,48,648,2,no
27183,38,8381,1,no
44987,51,0,4,no
44832,46,624,2,yes
20498,41,557,4,no
23085,32,5,4,no
42114,26,906,1,no
9293,40,12,26,no
15774,54,34,3,no
136,23,94,1,no
6078,34,4131,7,no
24223,58,425,1,no
12653,44,1697,2,yes
11997,43,740,2,yes
5857,32,620,3,yes
24337,40,5010,1,no
29989,43,1650,1,no
22447,31,5,2,no
31908,34,1012,2,no
29756,32,104,3,no
26320,56,772,1,no
10225,46,285,2,no
22697,56,3197,13,no
15942,36,22,5,no
29702,55,-53,4,no
33682,55,2359,3,no
33962,31,1331,1,yes
12434,44,0,3,no
3238,42,9359,1,no
23493,57,75,5,no
43861,27,644,1,yes
40634,53,1356,2,no
17712,36,82,4,no
29005,49,289,1,no
32194,31,2317,2,no
13713,39,0,1,no
29054,31,44,5,no
16748,36,268,1,no
32190,34,1393,3,no
18914,51,1121,2,no
15106,42,782,2,no
31443,23,1004,2,no
30361,33,238,5,no
23034,52,431,17,no
14411,41,0,3,no
40212,31,242,4,no
28620,28,8,2,no
17462,34,254,2,no
33096,50,431,5,no
12019,60,651,2,no
35911,46,355,2,no
22242,46,549,8,no
12686,55,49,4,yes
6062,24,553,1,no
11400,40,3316,3,no
21345,60,0,3,no
44671,27,5169,1,yes
11424,59,143,1,no
25949,30,12737,2,yes
18535,42,704,10,no
31792,38,3234,1,no
41299,39,385,1,no
35538,50,1174,2,no
11487,49,98,1,no
5888,48,302,3,no
17918,43,548,9,no
1518,27,106,2,no
10298,38,0,2,no
11972,43,-59,5,no
14539,35,286,3,no
29289,31,3283,1,yes
2381,32,-121,1,no
1237,34,10350,3,no
31222,63,661,2,no
29687,28,67,5,no
39961,27,200,1,no
36115,32,367,2,no
8797,27,76,1,no
572,56,1602,1,no
5405,30,187,1,no
30231,40,118,2,no
43475,70,1310,1,no
38248,47,1474,1,no
42557,32,623,1,no
23363,56,83,11,no
13218,36,0,1,no
23974,45,351,2,no
34778,29,2,4,no
24454,39,0,1,no
37225,35,455,7,no
25443,30,-306,1,no
22978,38,-6,2,no
26165,32,911,7,no
3725,47,1756,1,no
26,44,-372,1,no
37936,36,4608,7,no
44414,33,1026,1,no
32073,30,330,1,yes
21735,59,19,3,no
18383,51,0,2,yes
24219,45,582,1,no
1366,36,-45,1,no
23808,33,28,2,no
16583,34,0,3,no
44245,29,2344,1,no
3205,46,4048,1,no
36674,33,496,1,no
36883,25,1116,2,no
37808,34,1272,1,no
4443,32,1583,1,no
14095,39,671,2,no
41902,37,0,1,no
34758,50,0,1,no
26341,35,448,6,no
15238,29,23,4,no
13347,59,21,3,no
19351,32,145,2,no
14392,49,261,2,no
2066,55,18722,2,no
44384,30,3096,3,no
13679,32,73,1,no
39074,48,428,1,no
5062,28,348,2,no
27164,52,2594,1,no
18244,33,-144,3,yes
16894,32,-49,8,no
21332,41,335,3,no
4976,33,11149,2,no
17876,27,151,3,no
7640,38,-974,3,no
17416,36,1743,2,no
13438,45,2020,1,no
32201,51,2337,2,yes
44451,34,661,2,yes
26751,42,9009,2,no
2793,47,4666,3,no
10898,44,1467,1,no
5208,36,5902,4,no
32937,34,551,2,no
11300,31,54,3,no
19082,38,1637,1,no
12727,41,484,3,no
33903,45,160,1,yes
4652,39,622,1,no
14048,34,161,1,no
36311,32,101,1,no
15132,26,603,1,no
16580,53,1102,1,no
6625,38,-345,2,no
41907,65,571,1,yes
25380,34,172,1,no
15818,55,127,8,yes
7713,47,176,1,no
34296,28,678,3,no
34951,53,28,2,no
1018,39,367,1,no
856,47,594,1,no
37349,25,882,1,no
15964,34,27,1,no
26952,37,6889,1,no
31514,36,4613,1,no
5720,30,214,1,no
17287,27,3933,3,yes
6502,25,6,4,no
8193,39,122,1,no
31319,43,2987,3,no
15105,58,1813,1,no
16898,26,941,1,yes
23744,32,35,6,no
17987,52,0,6,no
15760,53,28,1,no
37143,36,828,1,yes
43476,35,2646,8,yes
33521,40,1530,3,no
19886,46,1034,2,no
22037,33,23,3,no
8444,23,1309,2,no
23283,46,312,4,no
19300,35,284,2,no
27731,40,378,1,no
10615,51,1610,3,yes
38947,26,330,1,no
3719,26,-235,1,no
5889,34,2287,4,yes
38776,28,1589,5,no
39730,50,253,9,yes
35935,55,481,2,no
43837,26,1064,1,no
10115,38,0,3,no
4413,35,1602,1,no
40950,38,0,2,no
38182,34,580,1,no
25146,58,5680,2,no
29972,30,222,1,no
32161,76,1411,3,yes
11185,54,5048,1,no
32388,42,560,4,no
37063,33,61,1,no
15585,32,-360,4,no
18023,56,784,2,no
17482,32,60,2,no
13019,36,-395,17,no
36559,44,2696,1,no
34188,52,1356,2,no
27556,34,2633,6,yes
2795,45,0,2,no
22538,32,0,4,no
34909,27,0,1,yes
39957,30,155,3,no
30643,59,3000,1,no
7720,28,-232,2,no
18868,45,0,1,no
22482,46,1920,6,yes
12898,45,226,2,no
30547,29,54,3,no
3822,38,113,2,no
17449,35,0,7,no
21153,47,310,6,no
12823,26,428,1,no
7089,59,4243,1,no
9240,39,12848,2,no
37722,25,963,4,no
26397,57,412,1,no
39562,25,1602,1,no
30871,32,322,3,no
12668,36,-272,6,no
26157,51,2011,3,no
31548,39,176,2,no
35865,40,-222,1,no
31949,40,1548,3,no
4310,32,1066,9,no
36689,46,125,5,no
19291,45,333,2,no
2647,41,-4,3,no
12203,56,575,2,no
26287,49,8545,1,no
20836,60,0,4,no
24592,51,230,1,no
25296,38,728,1,no
6422,26,218,1,no
20991,35,755,2,no
14104,31,183,2,no
4662,35,2012,2,no
13514,35,2361,10,no
25770,47,4480,2,no
12579,34,277,2,no
32526,25,1790,1,no
15605,46,289,3,no
21158,42,0,4,no
38075,48,-50,6,no
23137,56,370,12,no
42552,48,1559,3,no
34856,40,1012,1,no
28425,45,1269,2,no
20099,49,348,2,no
34764,34,18,1,no
42695,58,327,4,no
37273,31,879,1,yes
12360,32,-241,2,yes
3847,23,91,2,no
22680,43,136,7,yes
13541,28,404,1,no
40732,55,538,2,yes
9632,44,414,2,no
16713,32,597,1,no
20556,54,1146,2,no
33879,52,49,1,no
15300,35,111,3,no
19403,35,-116,2,no
42632,28,4579,2,yes
43149,59,7766,1,yes
35045,33,372,1,no
3262,42,1306,1,no
12527,45,-705,1,no
30538,33,894,2,no
33567,33,526,3,no
36929,60,193,2,no
26902,36,14462,5,no
42891,21,210,2,no
33798,34,144,16,no
36609,44,25,3,no
3868,44,0,1,no
20544,52,273,2,no
6024,52,306,3,no
28451,34,892,3,no
26832,51,7464,2,no
15041,60,83,2,no
11092,40,1200,8,no
36815,59,64,2,no
13473,53,-286,1,no
31580,38,751,1,no
42451,37,0,1,yes
15063,46,509,1,no
19718,30,0,5,no
39825,58,1727,2,no
42862,37,238,1,yes
7592,35,-65,3,no
32686,29,205,1,no
21263,36,1406,4,no
42555,43,4216,2,yes
43776,78,680,1,no
24204,49,1533,1,no
27090,32,8043,1,no
26897,37,415,4,no
22988,30,15,2,no
9214,32,95,2,no
25161,38,540,1,no
25591,48,3663,1,no
31005,25,103,9,no
22639,60,963,10,no
28475,31,229,1,no
28258,30,783,1,no
14933,40,-839,2,yes
1536,48,2642,3,no
44370,59,571,1,no
21525,33,81,2,no
6308,26,592,1,no
13804,43,-1415,1,no
14029,26,17,1,no
3653,45,110,4,no
18814,50,1138,8,no
22725,46,0,10,no
28197,41,-412,1,no
43897,83,4761,2,no
3648,51,1640,4,no
38930,41,1967,1,no
3216,53,183,1,no
16623,50,27,1,no
37374,31,295,3,no
43357,57,10583,1,yes
10816,60,686,2,no
26084,47,3524,4,no
9527,40,733,7,no
21148,44,0,2,no
26633,39,1957,1,no
5715,48,-212,1,no
7314,52,691,1,no
39986,39,794,2,no
36207,51,-55,2,no
41189,63,0,2,no
16526,30,1712,2,no
31026,36,2012,7,no
43273,26,3730,1,no
4054,29,2099,2,no
39205,56,95,2,no
43560,61,848,1,no
39346,36,1548,2,no
20958,34,903,2,no
36053,43,-423,1,no
40011,29,7752,1,no
32314,38,1004,2,no
41854,51,423,1,no
40147,28,874,1,yes
13902,56,586,1,no
16904,26,254,1,no
5925,27,1693,2,no
37090,39,807,1,no
31300,28,3623,1,yes
246,42,275,2,no
5484,45,149,3,yes
5325,35,700,2,no
29523,48,-92,1,yes
29046,36,-94,1,no
28220,35,111,1,no
39297,30,-258,2,no
38628,36,-74,6,no
8801,21,-426,2,no
11732,31,224,19,no
26008,44,6649,2,no
33533,52,1440,2,no
35571,30,86,6,no
13146,30,1177,2,no
18798,38,14190,3,no
13812,39,521,1,no
33463,39,1035,1,no
5278,40,-509,1,no
24550,48,1144,1,no
708,35,226,3,no
16048,43,0,8,no
23586,59,0,7,no
14528,37,79,2,no
35957,59,148,2,yes
1579,41,-52,5,no
40459,56,3460,3,no
2525,42,5,1,no
60,46,179,1,no
11068,52,7388,2,no
1420,32,214,1,no
10598,29,584,19,no
16152,35,-196,2,no
7261,42,91,7,no
37107,38,1852,1,yes
10770,35,1374,2,no
16322,39,511,1,no
38179,51,113,3,no
21904,55,1218,2,no
926,30,112,1,no
1363,39,762,1,no
41686,39,26233,1,no
38999,54,882,1,no
36782,33,177,8,no
16718,32,3717,1,no
35278,32,39,1,no
38363,31,-254,2,no
20148,48,3886,2,no
40465,22,47,3,no
27213,35,0,1,no
19271,44,313,4,no
18255,30,116,19,no
43735,52,583,1,yes
3576,48,575,3,no
17551,36,1563,2,no
22921,42,295,3,no
30971,27,799,4,no
45189,29,703,1,yes
28792,56,642,1,no
29754,43,1317,1,no
2145,31,6890,1,no
2168,24,951,2,no
17804,49,0,2,no
44720,28,890,1,yes
28960,55,446,1,no
28428,32,604,1,no
15059,48,1513,1,no
27631,49,5996,2,no
39430,36,255,2,yes
32136,33,215,1,no
32561,29,3508,1,no
33640,47,306,2,no
16328,56,173,2,no
35250,36,280,1,no
28897,28,12,3,no
20499,36,871,3,yes
2206,29,382,1,no
39098,31,-234,1,no
34112,49,1226,1,no
25653,32,2280,2,no
35402,31,656,1,no
16018,56,345,1,no
28793,33,1194,1,no
37200,32,1779,1,no
43050,27,-69,3,yes
22806,60,-311,6,no
11944,57,1168,5,no
13521,41,557,1,no
12767,52,493,6,no
43446,51,2109,1,no
27581,42,764,3,no
16974,58,992,1,no
42185,38,3141,4,yes
23045,46,588,4,no
17590,46,564,2,no
6678,46,-136,1,no
32485,34,79,1,no
12329,49,-53,1,no
25682,33,1808,1,no
562,36,131,1,no
1523,44,373,2,no
25908,47,2524,1,no
43678,54,1624,3,yes
6447,29,10436,2,no
33214,36,-53,5,no
4291,44,1087,2,no
14352,50,1580,3,no
22661,53,0,5,no
12551,30,0,1,no
22580,30,-517,2,no
19312,55,0,4,no
37054,49,259,1,no
23224,42,324,2,no
37633,32,1914,1,no
4592,39,2019,1,no
13762,38,137,1,no
38842,24,81,1,no
14531,49,30,2,no
44847,41,1819,1,yes
24927,49,1050,1,yes
16971,35,305,2,no
6622,26,265,1,no
916,43,140,1,no
973,47,550,1,no
19428,42,60,3,no
37076,23,14,8,no
27177,35,0,1,no
119,59,262,1,no
10549,37,3154,3,no
12802,35,2110,1,no
22882,32,255,5,no
20657,32,1310,3,no
977,60,42,2,no
39253,24,174,3,no
36482,37,1415,2,no
17754,43,-7,1,no
2424,21,614,3,no
4408,39,298,1,no
1690,35,-198,2,no
3412,41,680,2,no
3134,38,664,2,no
1188,57,207,1,no
16945,36,142,1,no
35502,46,193,8,no
19084,57,1142,2,no
1145,36,248,2,no
19804,47,84,2,no
13636,47,424,1,no
32678,32,9,2,no
16384,30,521,17,no
37447,36,-978,3,no
35959,34,116,2,no
12588,44,978,6,no
28597,47,263,2,no
23656,35,75,19,no
45184,70,324,1,no
33822,31,2395,1,no
34282,19,5368,6,no
40519,61,123,2,no
39380,38,8094,7,no
22798,34,8,4,no
30470,48,318,4,yes
4724,32,3067,2,no
15064,33,-260,2,no
29725,31,302,1,no
35805,28,231,1,no
11527,40,0,4,yes
15693,47,1981,2,yes
9362,51,10,3,no
15856,38,0,3,no
11201,37,603,2,no
15219,45,307,3,no
3718,25,16,1,no
26062,42,792,2,no
17529,47,3333,2,no
27363,34,7,2,no
21015,30,1165,2,no
20752,45,324,4,no
1159,59,0,6,no
20779,32,1337,2,no
28233,31,424,1,no
31993,40,1293,3,no
33400,25,184,1,no
28718,32,0,3,no
13854,37,-261,1,no
9495,56,2774,3,no
26811,46,778,3,no
27531,30,973,2,no
6332,32,124,1,no
8457,44,497,2,no
24123,26,172,1,no
10949,38,110,3,yes
20267,34,0,4,no
43028,41,4276,3,no
3921,50,567,8,no
27634,52,2618,2,no
15821,42,1301,6,no
1868,37,131,2,no
3873,30,132,1,no
42481,45,1788,1,no
11299,51,1533,2,no
21192,36,-393,4,no
15384,58,-158,3,no
3681,39,2133,1,no
40665,46,7386,4,no
15731,25,2783,3,no
43335,52,436,1,yes
20557,44,93,2,no
11652,53,0,2,no
23988,32,16,2,no
8507,40,1698,5,no
17425,45,1214,2,no
33904,49,305,1,no
33268,34,4958,5,no
18937,47,123,2,no
15406,32,-203,1,no
5319,31,159,1,no
39582,54,6507,1,no
31624,35,270,2,no
16014,33,0,1,no
2661,31,849,2,no
33336,45,-443,1,yes
33060,31,538,3,no
4206,30,0,1,no
44898,31,3338,2,no
19440,46,0,2,no
27337,31,851,1,no
21415,60,1043,4,no
30911,30,270,1,yes
15845,33,0,2,no
12566,59,140,1,no
39773,24,839,1,no
24795,36,13,1,no
34825,45,56,1,no
16510,50,14,4,no
26439,57,3815,2,no
3729,32,0,1,no
25264,39,0,2,no
2967,36,-38,1,no
12133,42,548,2,no
14810,42,11,1,no
27101,31,5119,1,no
14976,42,166,5,no
14662,25,534,7,no
42693,57,1318,2,no
32831,58,221,2,no
744,57,807,2,no
33802,33,692,1,no
16440,42,0,1,no
33898,36,96,1,yes
11401,53,4512,2,no
16435,46,475,2,no
13032,26,-306,1,no
808,31,414,1,no
22291,33,0,3,no
11703,43,519,2,yes
35979,43,60,2,no
6517,40,36,3,no
15496,32,2858,5,no
7291,38,-762,1,no
11308,38,29125,2,no
16516,33,395,6,yes
8042,51,1415,3,no
21781,35,82,3,no
13072,45,-605,5,no
5869,41,-556,3,no
27047,45,243,1,no
31080,58,4700,6,no
7022,33,322,4,no
20326,40,271,4,no
20754,50,109,2,no
28063,40,366,2,no
96,36,101,1,no
6280,21,-28,1,no
9797,39,7372,1,no
36948,43,483,3,no
12935,37,147,30,no
28752,42,936,1,yes
30285,54,1544,7,no
44717,65,1220,1,no
16757,43,5,1,no
28614,57,2550,2,no
16162,32,476,7,no
1269,40,1,1,no
29474,32,329,1,no
32664,28,437,1,no
17347,29,209,7,no
35431,43,-91,3,no
3095,50,-13,1,no
12953,28,1581,2,no
44072,45,2897,2,no
43531,42,1216,1,yes
40434,30,1101,1,no
19941,30,221,4,no
23193,58,0,13,no
43102,30,341,1,no
39463,35,514,1,no
15901,33,0,8,no
23743,47,3440,10,no
11013,54,770,2,no
6104,38,5455,3,no
37814,33,-448,2,no
31776,49,78,3,no
44369,34,369,3,yes
36799,41,3652,1,no
14333,59,2291,3,no
44626,34,1388,1,no
16216,25,0,5,no
41965,45,1673,1,no
44334,57,1088,1,no
36820,42,-407,7,yes
4875,37,7005,1,no
40359,55,9329,1,no
8829,30,13052,1,no
8811,24,2726,1,no
19006,54,448,1,no
8646,39,0,2,no
29418,41,0,2,no
15892,38,-433,2,no
29921,27,451,4,no
31598,46,387,1,no
34684,61,0,3,no
32601,33,375,1,no
32879,43,0,2,no
37093,38,3632,1,no
14478,36,223,3,no
3583,44,140,9,no
29199,28,224,3,no
27926,29,4557,2,no
15688,32,71,8,no
3296,40,0,1,no
42287,33,271,2,yes
20786,40,372,2,no
10503,50,2636,2,no
30143,26,895,3,no
2404,30,173,1,no
15549,33,255,2,no
22094,31,0,2,no
7301,53,1202,2,no
9071,37,0,1,no
8127,42,-21,1,no
36112,28,389,7,no
5836,33,5,2,no
21831,47,689,2,no
18494,43,533,2,no
17171,58,-147,3,no
9070,37,240,1,yes
4787,32,-457,1,no
26038,39,548,2,no
19330,46,250,2,no
411,32,406,1,no
12092,39,376,3,no
22934,33,0,4,no
27470,31,17924,3,no
14231,45,-388,2,no
27566,43,6673,4,no
44653,33,1623,3,yes
18574,40,-2827,1,no
37402,33,540,2,no
14680,31,0,2,no
41819,40,13669,1,no
2817,45,1088,1,no
24426,49,202,2,yes
13050,55,979,1,no
16075,32,57,2,no
36199,38,3049,1,no
29303,26,458,7,no
43834,33,1388,1,no
24961,47,3237,1,no
26621,35,0,3,no
11444,52,425,1,no
24258,37,0,1,no
40936,31,1812,1,no
20794,34,2521,2,no
33582,34,2279,2,no
36002,29,572,6,no
4586,35,2688,1,no
44010,39,393,1,yes
34438,45,640,1,no
22269,35,84,3,no
38874,33,4996,9,no
14588,51,146,3,no
35620,47,1269,1,no
42789,63,896,3,no
4418,31,-88,6,no
25119,32,118,1,no
14419,54,522,3,no
8966,55,0,1,no
21409,46,4414,7,yes
4042,48,54,7,no
44568,60,367,2,yes
12742,40,254,3,no
18039,44,276,2,no
34740,47,235,1,no
23267,47,6,4,no
25389,40,6008,1,no
33730,71,780,1,no
19192,52,499,4,no
35592,39,464,1,no
10559,60,504,4,no
19924,55,171,6,no
23595,53,5603,6,yes
10512,37,1120,3,no
27843,55,93,1,no
19437,52,2091,2,no
29361,33,317,4,no
12716,50,9301,4,no
42495,87,433,1,no
16320,43,94,9,no
40624,62,3340,1,no
14025,59,0,1,no
19216,46,44,2,no
31766,35,16,1,yes
22917,42,0,16,no
33037,47,1388,2,no
16218,53,527,3,no
25915,41,-608,6,no
4517,37,362,2,no
27880,44,127,1,no
18632,33,166,27,no
10102,49,2585,1,no
11914,47,505,3,no
22742,37,905,7,no
1136,28,3,5,no
29689,49,298,3,no
37445,34,3,2,no
42570,28,1840,1,no
27597,45,2246,2,no
24718,41,611,1,no
22876,47,162,3,yes
4715,39,226,2,no
35730,27,14,1,no
13847,32,-23,1,no
10791,37,426,1,no
12416,36,2239,3,no
44787,68,2027,2,yes
8789,22,111,1,no
19085,49,2139,1,no
31007,34,0,1,yes
9935,60,4903,1,no
42728,92,775,4,yes
35479,28,697,2,no
27353,36,1497,2,no
25625,34,1,1,no
36187,40,208,2,no
7483,53,1852,4,no
22393,31,1,2,no
11753,42,61,1,no
45183,34,133,2,yes
15777,50,-19,11,no
33588,42,550,6,no
14067,31,-161,2,no
36421,49,-18,3,no
36099,29,477,1,no
8093,37,3574,2,no
8252,28,-511,1,no
6307,34,1575,3,no
1949,44,392,2,no
19134,37,0,1,no
30970,41,1256,3,no
5448,29,1012,1,no
6029,37,445,2,no
2459,50,160,1,no
44188,46,5021,1,yes
24045,36,-103,1,yes
27784,26,285,1,no
42640,28,1579,1,yes
26199,34,179,1,no
32624,39,394,2,no
36478,37,1388,2,no
21602,32,4133,6,no
22475,52,335,5,no
43995,57,363,6,no
32619,28,16,1,no
31118,54,511,3,no
9464,46,2899,1,no
28264,36,-557,1,no
26572,31,627,2,no
8862,35,2514,5,no
1734,26,302,1,no
23831,35,365,2,no
34568,42,3718,1,no
32135,32,-292,1,no
27344,57,24498,5,no
37064,28,-2,2,no
26339,30,586,6,no
44423,30,3528,1,yes
10207,42,8600,9,no
21065,51,429,2,no
17104,45,92,7,no
4537,33,4897,1,no
9044,48,3458,1,no
18657,36,2921,7,no
18531,40,-1737,4,no
17566,49,357,4,no
13720,37,2055,4,no
6237,32,-383,1,no
14657,36,-231,2,no
32539,37,90,1,no
40641,43,1791,1,yes
1544,37,14,2,no
36144,57,311,2,no
611,29,405,1,no
7947,39,568,3,no
5724,42,193,1,no
6519,34,1412,2,no
4554,60,328,5,no
5352,33,524,2,no
29562,32,422,5,no
35205,35,0,1,no
644,42,0,1,no
44342,29,0,6,no
2162,28,957,3,no
3206,27,0,6,no
44149,25,1857,2,yes
5390,36,1601,3,no
20704,33,0,2,no
7859,58,1025,3,no
25060,55,2043,1,no
5334,36,1168,3,no
13554,45,1097,1,no
29862,32,746,1,no
38018,46,24598,4,no
28873,59,0,2,no
24534,36,746,3,no
13133,27,1007,1,no
2322,35,36,6,no
6546,57,318,2,no
32740,30,390,1,no
28705,29,192,4,no
5089,31,2294,2,no
23008,35,0,2,no
28427,38,2978,1,no
6271,37,274,3,yes
12544,53,0,10,no
37318,47,-169,1,no
16111,31,0,2,no
10692,55,3680,1,no
34359,36,953,2,no
21180,34,0,3,no
33547,48,116,4,no
38533,34,0,5,no
29368,48,7289,3,no
42433,61,103,1,no
20328,32,1086,3,no
37845,23,650,1,no
42324,33,195,5,yes
11660,50,29,5,no
8402,54,1545,2,no
16098,37,347,1,no
22750,52,3431,4,no
35509,35,0,2,no
16745,58,5567,1,no
37865,28,335,1,no
31124,41,4047,1,yes
19295,55,6134,2,no
35314,54,0,1,no
26886,34,19391,2,no
34279,41,72,3,no
2200,23,290,4,no
35810,41,0,1,no
41265,37,127,1,yes
22790,31,0,12,no
21463,35,150,5,no
7088,43,724,1,no
22014,57,0,3,no
29544,53,751,2,yes
4140,53,33,12,no
11698,60,662,4,no
13450,35,2355,1,no
10506,51,2216,8,no
12748,47,0,1,no
43737,79,1058,5,no
7945,36,2609,9,no
44640,29,3310,1,no
41376,43,7702,7,no
37806,39,1048,1,no
33635,34,790,2,no
31366,83,0,10,no
34953,45,728,2,no
33945,47,677,2,yes
1070,39,2887,2,no
37743,34,175,2,no
23141,52,0,4,no
17907,45,3307,2,no
37834,27,-330,1,no
25222,47,21,2,no
38598,28,3412,4,no
38772,29,23,3,no
18567,41,1822,1,no
37405,44,12392,3,no
13103,26,350,1,no
13741,56,289,1,no
39501,28,707,1,yes
37717,42,22,4,no
12837,30,40,1,no
13184,60,1141,2,no
4173,45,242,1,no
16009,27,3,1,no
21922,53,-39,2,no
42699,27,2245,1,no
29858,43,1187,2,no
37942,33,43,2,no
19135,38,202,2,yes
19760,44,326,2,no
11143,28,975,3,no
24917,41,97,1,no
29462,31,2915,1,no
30316,27,616,1,no
25227,36,-92,3,no
11019,50,276,6,no
27769,30,699,1,no
17500,44,337,3,no
22029,42,2328,2,no
29695,47,3188,3,no
9149,29,425,15,yes
29519,27,924,1,no
37088,29,970,1,no
20661,32,1732,4,no
37764,28,704,3,no
15830,35,0,4,no
8236,35,98,1,no
22283,30,0,2,no
34876,47,1481,2,no
26892,39,-490,2,no
14966,31,0,2,no
22166,60,404,2,no
38686,23,531,3,no
28237,31,732,1,no
39510,33,369,2,no
5443,35,511,1,no
40085,31,447,3,yes
1761,50,2590,6,no
29040,47,332,1,no
44022,31,54,1,yes
23234,56,719,2,no
15474,34,934,3,no
38256,39,10,3,no
14889,34,602,1,no
22502,36,508,4,no
11275,44,608,30,no
33580,53,4793,4,no
11631,39,1046,4,no
40099,50,78,1,no
23441,31,201,9,no
27107,38,162,1,no
1160,29,1117,2,no
11783,30,457,20,no
38970,39,4430,4,no
43758,67,3240,1,no
12296,34,1,1,no
6623,45,-255,2,no
45177,54,66,1,yes
8065,31,-45,1,no
28038,42,0,2,no
18837,36,0,1,no
4039,31,532,7,no
4864,30,1126,1,no
30000,40,6322,1,no
4720,35,4822,2,yes
7472,29,0,4,no
38448,30,717,1,no
41785,49,197,1,no
20890,47,1303,3,no
3033,37,766,1,no
27583,49,934,4,no
37493,49,655,5,no
28198,47,1125,1,yes
5474,33,321,5,no
31987,31,290,1,no
39734,36,687,8,no
2236,24,1535,2,no
22101,53,-31,8,no
2600,35,304,1,no
41221,61,1046,1,yes
14137,58,0,2,no
24683,41,0,2,no
21541,35,417,4,no
19299,53,1138,2,no
7703,41,740,3,no
37889,29,1002,2,no
36281,58,3867,1,no
24288,59,6284,1,no
34523,30,182,1,no
38727,35,-10,2,no
25440,33,3074,1,no
36819,37,1894,1,no
11407,40,0,1,no
37196,29,35,1,no
16386,52,638,1,no
39917,32,625,1,no
6445,27,186,2,no
7330,35,1,2,no
25347,36,299,2,no
22074,59,56,5,no
1478,33,0,2,no
44408,48,156,1,yes
27733,46,0,1,no
34031,32,796,1,no
10835,45,4696,1,no
20409,32,948,2,no
27401,41,748,7,no
34907,33,2,5,no
10622,39,2198,1,no
7019,47,-598,4,no
41249,48,5473,2,yes
11823,28,-494,2,no
32056,62,1084,1,yes
32521,47,2128,1,no
18133,53,285,4,no
31785,48,4415,3,yes
38415,31,210,1,no
26718,35,2793,2,no
23070,52,83,6,yes
22855,33,79,3,no
40239,26,1444,5,no
33128,37,15,3,no
30198,50,381,1,no
43800,27,567,3,yes
14205,35,483,2,no
22610,32,102,5,no
39289,22,817,3,no
33471,35,398,1,no
32407,32,1167,3,no
30602,32,5969,7,no
66,51,6530,1,no
2316,45,141,4,no
28141,60,2041,1,no
44409,30,1788,1,yes
6171,26,3154,1,no
7878,37,179,3,no
39408,39,116,2,yes
42703,63,1528,2,no
31199,38,5115,1,yes
32,49,378,1,no
24463,53,493,3,no
4014,32,193,4,no
36499,41,362,3,no
14695,39,345,3,no
25272,41,-90,6,no
33043,39,456,3,no
13786,46,190,1,no
17232,33,0,2,no
22851,40,103,7,no
37461,47,3067,2,no
7094,33,2508,7,no
17405,26,179,4,no
16554,39,0,21,no
1534,50,0,2,no
40171,30,1159,1,yes
16868,59,2365,4,no
28971,37,21,1,no
8627,38,2472,2,no
15858,55,103,3,no
17092,25,-23,1,no
2713,36,722,3,no
20722,31,4720,2,no
39684,24,383,1,no
35986,48,1778,3,no
34693,53,2618,2,no
42393,26,644,1,yes
8946,27,1913,2,no
19561,30,-127,3,no
15646,28,250,4,no
17614,59,309,5,no
36861,39,0,3,no
40120,46,974,2,yes
26518,47,2,4,no
578,47,19,2,no
37997,39,-143,2,no
44166,27,4738,1,no
6668,27,110,1,no
4915,35,280,1,no
13373,36,199,1,no
43521,51,335,1,no
3948,33,371,3,no
36052,49,579,1,no
42121,72,1285,5,no
26345,54,615,1,no
20654,50,1240,2,no
7530,44,1732,1,no
35903,41,787,2,no
18959,40,4,3,no
7662,53,2647,1,no
1625,51,368,1,no
35839,34,268,1,no
35130,38,104,3,yes
34008,33,55,2,yes
10541,48,342,1,no
28870,56,2190,2,no
3541,35,181,8,no
25367,38,958,4,no
9757,34,5011,2,no
8692,27,60,1,no
17961,55,1817,4,no
8076,38,522,1,no
8528,28,269,1,no
238,37,0,1,no
34737,30,94,1,no
30074,43,0,8,no
39270,26,172,3,no
30421,40,-38,1,no
16594,43,0,1,no
42719,27,2855,1,yes
29299,53,1759,3,no
26575,36,0,1,no
38454,28,-215,1,no
35148,26,1700,5,no
14594,42,-178,3,no
12753,33,522,4,no
2113,31,184,3,no
16081,55,-404,3,no
23741,59,4450,3,no
20036,38,11971,3,no
4391,41,397,15,no
39006,58,1859,2,no
34729,41,-7,2,no
14888,48,119,1,no
3480,42,-628,1,no
18540,44,1,4,no
7459,25,285,2,no
34254,39,563,3,no
29115,54,719,1,no
10439,41,1165,3,no
38144,35,253,1,no
20000,39,-468,2,no
2004,30,15,1,no
43760,60,0,4,no
42244,54,2206,1,yes
10243,44,321,8,no
40529,52,2557,1,yes
13214,33,0,1,no
9137,37,168,1,no
26282,31,1064,1,no
43503,60,2408,4,no
12265,34,1,5,no
36439,45,744,2,no
42471,66,2540,2,yes
36506,34,0,2,no
1157,48,720,3,no
43764,53,1356,1,no
9896,36,13698,1,no
6193,35,-482,1,no
2249,38,762,2,no
8741,36,136,2,no
5563,32,497,3,no
21259,46,5,3,no
42798,60,438,2,no
22594,38,316,4,no
15853,38,-448,15,no
16416,55,-458,3,no
42667,49,1569,1,no
22430,37,767,2,no
11877,36,0,7,no
42547,37,6963,2,no
33598,43,2374,2,no
8288,39,4136,3,no
17342,29,676,4,no
21152,30,114,4,no
7671,37,-5,2,no
35745,38,859,1,no
28374,35,1242,1,no
32773,32,703,3,no
995,29,313,1,no
36800,50,15035,1,no
29354,55,145,3,no
4601,46,583,2,no
17455,33,1206,6,no
3818,36,246,2,no
33963,38,2812,1,yes
39844,47,172,1,no
22128,56,73,4,yes
16817,42,2032,4,no
7659,35,644,2,no
40515,49,889,1,yes
24403,32,4344,2,no
23675,34,298,10,no
11093,50,1134,2,no
43062,59,2764,1,no
34890,30,516,2,no
36865,45,644,2,no
32573,43,-181,1,no
37128,45,378,2,no
22546,47,443,3,no
14992,59,120,2,no
17380,59,88,5,no
19773,52,900,2,no
3311,56,1678,1,no
42863,29,95,3,yes
39071,31,2369,1,no
22962,46,1596,7,no
30714,32,300,2,no
27624,45,392,2,no
12376,50,877,1,no
23268,52,1697,4,no
8161,35,867,3,yes
30181,58,-382,4,no
20475,34,2757,2,no
11831,51,1295,2,no
14740,31,0,6,no
22384,30,1109,2,no
5710,59,879,1,no
43323,22,780,3,yes
1242,29,5903,1,no
33057,30,613,2,no
24692,48,2106,2,no
33964,59,493,1,yes
26057,56,382,2,no
42237,65,1370,1,no
29898,34,49,1,no
2566,46,274,1,no
18883,30,97,1,no
36743,36,5,1,no
31734,36,1746,1,no
12921,45,55,3,no
5503,38,1375,3,no
38059,57,0,5,no
5996,32,9894,4,no
43750,29,1070,1,yes
9183,48,1099,1,no
35890,32,2696,6,no
36746,39,175,1,no
27398,45,946,2,no
1200,43,-7,1,no
12945,33,2284,2,no
43295,35,262,1,yes
9438,37,160,1,no
39671,37,1559,1,no
41395,35,183,2,no
1693,27,777,3,no
32906,49,2159,1,no
44639,65,2303,2,no
1710,31,428,1,no
14452,50,305,3,no
29941,39,223,1,no
27801,32,254,1,no
20248,34,1666,4,no
33665,35,1454,6,no
18266,45,51,8,no
25188,38,678,2,no
40616,57,1660,1,yes
4436,29,43,2,no
38479,23,8627,1,no
43805,58,139,1,no
14824,51,1605,3,no
23006,32,316,2,no
41417,40,7968,1,yes
43636,72,2304,4,yes
17993,38,1149,2,no
44398,60,0,2,yes
28249,57,2743,1,no
34326,31,636,4,yes
9014,39,0,1,no
19400,50,10757,3,no
15659,28,47,3,no
29285,39,442,2,no
3152,47,351,3,no
2989,57,3240,2,no
19725,54,2819,3,no
20975,32,394,2,no
2690,47,159,2,no
43299,67,2027,2,yes
30876,45,2249,5,no
43842,36,1368,1,yes
16953,45,79,1,no
43456,56,147,1,no
115,59,81,1,no
42025,67,2,1,no
23861,32,284,2,no
9530,46,1190,2,no
15410,32,2343,1,no
18865,31,387,1,no
23619,37,729,8,no
13893,28,-170,2,yes
22593,49,702,7,no
7024,39,-931,5,no
44052,72,1285,4,no
21914,44,0,2,no
11607,25,1782,1,no
37034,58,602,1,no
2998,42,329,4,no
34033,28,227,1,yes
18019,45,321,4,no
41919,74,4912,3,no
25580,49,6613,1,no
41487,43,2160,1,yes
12871,59,623,4,no
9357,41,118,1,no
27659,42,1275,5,yes
34617,53,0,1,no
15099,53,1348,3,no
600,31,0,5,no
35565,27,979,4,no
36250,44,0,2,no
20056,57,243,4,no
36224,43,-416,1,no
553,30,34,1,no
40268,56,-1206,2,yes
39531,60,205,2,no
5235,33,165,1,no
29262,75,46,1,no
26169,33,6904,2,no
13265,27,167,2,no
30863,31,395,3,no
11194,42,-813,4,no
15096,28,379,1,no
37849,39,-100,1,no
30805,30,520,5,no
12532,27,2,1,no
9889,38,217,6,yes
6145,37,-21,2,no
839,35,-532,1,no
35965,36,23,2,no
36507,41,-648,3,no
16534,26,831,13,no
5244,43,4243,10,no
13433,50,38,1,no
28499,49,145,2,no
416,34,67,1,no
41541,23,1235,2,no
10419,37,1627,2,no
15949,32,553,1,no
23259,31,11,2,no
35704,30,4,5,no
6487,26,557,2,no
2163,31,297,1,no
16688,54,0,2,no
13873,34,870,1,no
8612,41,2195,5,no
44272,33,307,6,no
34510,26,2572,1,no
8432,34,220,13,no
7656,51,986,2,no
42922,29,3310,2,no
1433,38,162,2,no
10616,55,25,3,no
42228,21,123,1,yes
33081,22,3982,1,yes
26905,53,1203,7,no
26445,32,1249,1,no
20300,40,32,4,no
6511,48,627,5,no
39751,57,0,3,no
8908,47,273,1,no
33551,49,603,3,no
4573,39,4286,2,no
11161,43,657,1,no
5178,33,4369,3,no
10467,27,806,21,no
9978,40,6,3,no
1964,39,126,2,no
37749,30,-97,1,no
5447,43,242,1,no
17470,35,303,9,no
6675,24,1611,1,no
26431,48,3230,3,no
11460,54,211,2,no
21704,46,0,1,no
19785,32,0,4,no
8956,32,255,1,no
4272,43,1040,3,yes
37617,35,-566,2,no
17039,30,1625,3,no
43835,26,515,1,yes
1703,40,794,1,no
43759,30,780,2,no
18230,29,630,5,no
15400,33,4149,2,no
40069,39,22086,1,yes
13220,47,0,1,no
8704,28,1958,1,no
25514,33,0,1,no
9555,52,3303,1,no
33449,32,1831,2,no
9455,41,84,3,no
2213,56,2087,1,no
24731,42,981,1,no
17695,39,0,4,no
8105,41,114,3,no
28828,51,0,1,no
33138,57,202,1,no
10470,58,3628,2,no
43061,26,3411,1,no
14449,53,-162,6,no
4090,50,256,2,no
9923,35,8412,4,no
26359,59,1473,1,no
24249,53,65,1,no
41494,26,1094,1,yes
14011,29,6586,1,no
33773,32,228,3,no
10295,46,270,1,no
31002,29,362,7,no
16507,47,13,2,no
7676,44,1379,1,no
45061,64,4833,1,yes
34102,47,2749,2,yes
2557,51,463,5,no
5963,36,4587,4,no
25,40,0,1,no
2452,54,879,1,no
39664,37,1967,1,yes
22379,46,225,6,no
40201,31,252,3,yes
9132,45,1227,3,no
20201,35,0,2,no
13163,33,870,3,no
41734,78,0,1,no
13111,58,-230,2,no
28286,34,276,1,no
10041,59,0,2,no
19853,30,224,2,no
43386,80,235,1,yes
8883,29,201,3,no
1390,39,82,5,no
13819,38,1351,1,no
18546,46,4039,9,no
27323,32,5600,1,no
20302,37,-681,3,no
35404,51,3025,1,yes
35214,54,300,1,no
43519,52,371,2,yes
42486,30,2326,1,yes
16223,32,1539,2,no
30191,38,475,1,no
35915,39,170,2,no
301,42,408,2,no
35447,36,441,4,no
17134,41,1915,4,no
26331,33,6843,1,yes
25889,43,12618,1,no
37124,34,1089,3,yes
17763,58,145,13,yes
21291,35,0,6,no
24547,48,5326,2,no
6782,29,-397,1,no
17579,32,91,5,no
11812,46,296,4,no
18714,35,280,50,no
31382,30,2,1,no
18097,53,6671,9,no
22247,30,151,1,no
14907,39,1323,1,no
6752,25,1242,2,yes
22065,46,0,3,no
42007,38,70,3,yes
32278,39,-17,1,no
37560,56,126,2,no
3491,27,94,2,no
3079,44,248,1,no
41406,71,653,1,yes
32453,42,52,1,no
3210,47,201,1,no
17638,45,6200,2,no
7467,42,629,3,no
18948,41,4477,2,no
43064,38,407,1,no
17593,56,1199,2,no
25863,31,-489,3,no
440,35,530,1,no
20277,50,1,10,no
34177,30,305,1,yes
10317,57,5657,1,no
21978,32,116,2,yes
6892,40,-312,1,no
38100,36,125,3,yes
12191,30,4,2,no
16804,35,0,6,no
6775,23,665,1,yes
40570,73,1609,2,yes
69,55,1205,2,no
13176,53,0,1,no
688,53,244,2,no
24458,47,2192,1,no
37346,36,679,1,no
44719,31,3192,1,no
16193,27,300,2,no
38634,45,369,5,no
28787,34,443,1,no
15441,51,-714,2,no
7313,41,2015,10,no
29035,42,46,1,no
17058,35,786,1,no
4280,40,125,2,no
18804,42,-7,6,no
32608,35,48,1,no
10865,58,73,1,no
15379,46,505,4,no
11583,25,722,1,no
45036,47,3676,1,yes
39678,26,2509,3,yes
43470,25,4599,6,no
34988,34,339,2,no
22995,38,0,4,no
1097,59,873,3,no
1983,34,297,4,no
14090,34,46,2,no
13188,34,280,2,no
29692,27,16,3,no
30491,37,-491,2,no
26113,44,6491,2,no
34368,57,1103,2,no
31287,32,409,2,yes
7967,33,1994,9,no
12216,28,-267,4,no
11625,44,148,2,no
37310,34,3050,1,yes
32234,52,979,1,no
6799,39,638,2,no
32884,34,165,2,no
15787,37,0,1,no
39673,28,157,3,yes
13822,50,-10,6,no
21286,33,3335,6,no
10827,39,4722,1,no
14761,28,0,5,yes
33810,31,1081,5,yes
17362,53,2267,6,no
4804,38,1073,2,no
36423,38,279,3,no
41579,34,262,2,yes
44344,47,-130,4,no
42661,50,78,3,no
29518,27,32,1,no
23120,31,734,9,no
4702,35,-202,3,no
40890,51,1679,1,yes
8150,40,98,5,no
25438,43,481,1,no
28300,28,60,1,no
36869,49,5058,2,no
42485,40,3797,1,no
43687,31,533,1,yes
11854,38,293,2,no
18638,25,0,28,no
33237,35,1345,1,no
28340,26,523,1,no
42394,60,4,1,yes
17284,38,-278,2,no
44207,26,2469,8,no
44068,43,4389,2,yes
7377,51,1491,3,no
8281,40,2635,21,no
3802,28,507,1,no
30126,32,557,3,no
26504,34,16489,1,no
5615,37,0,3,no
29227,28,689,1,no
34647,43,0,2,no
36033,40,0,1,no
37710,55,366,1,no
32394,35,6,2,no
10050,42,5345,3,yes
16678,49,93,4,no
38536,49,598,6,no
38554,28,-594,2,no
17226,59,373,7,no
33671,32,268,3,no
40501,39,257,1,no
16723,30,2702,2,no
17558,42,7547,2,no
22545,36,33,2,no
41883,72,806,1,no
32042,66,3473,2,no
6424,35,-229,2,no
19876,58,-257,2,no
15509,37,2364,4,no
41537,53,27,3,yes
7548,50,237,4,no
20750,38,128,5,no
3731,45,804,1,yes
41860,35,690,1,no
24970,39,3732,1,no
3459,34,4,1,no
31944,36,569,1,no
13061,27,-90,1,no
35326,41,-278,5,no
12228,45,2098,3,no
44917,34,3311,2,no
35650,41,2039,1,yes
42271,39,260,1,yes
42500,29,572,1,yes
41148,55,1938,1,yes
42128,35,1224,1,yes
15245,45,0,3,no
23426,47,1707,7,no
41709,77,121,1,no
5897,37,-498,1,no
3521,43,18,3,no
43382,56,1947,1,yes
25997,56,3610,4,no
38765,29,-2,5,no
44971,28,326,1,yes
9907,55,190,2,no
29661,32,272,4,no
42318,21,347,1,no
1489,50,1164,2,no
14424,44,163,2,yes
43625,26,401,2,yes
38703,33,-104,10,no
28434,34,3080,1,no
18430,43,2105,2,no
44452,45,2077,1,no
26890,35,656,4,no
24141,28,7,1,no
37367,35,0,8,no
39647,60,1574,2,no
8188,41,795,1,no
4780,38,1092,1,no
13011,44,-24,1,no
16303,55,159,1,no
11288,31,671,4,yes
16961,51,1495,4,yes
25630,39,800,6,no
3668,36,512,1,no
25234,39,517,3,no
36747,30,0,1,no
39800,34,262,1,yes
26315,34,7541,1,no
35981,52,824,1,no
19380,36,900,4,no
1647,35,40,4,yes
1745,27,118,3,no
28375,28,1034,1,no
17880,27,-71,3,no
36228,33,451,1,no
31344,45,10768,2,no
2178,43,0,1,no
12223,51,1377,2,no
1836,40,360,1,no
19637,37,5733,4,no
17064,51,18,6,no
31422,46,70,2,yes
24246,46,-292,1,no
22977,38,21,2,no
27794,30,1572,1,no
21865,40,47,4,no
35044,33,5289,2,no
26595,59,13836,1,no
36593,33,1034,6,no
29918,43,223,2,no
39139,50,116,2,no
2439,31,263,2,no
29391,39,5803,3,no
31702,36,3740,1,no
29011,35,1,2,no
6204,27,910,1,no
818,31,0,3,no
17786,39,345,3,no
19062,34,697,1,no
23175,33,151,6,no
23090,37,-533,4,no
11064,27,370,21,no
2393,34,505,1,no
26649,48,7861,1,no
43553,26,77,1,yes
13038,46,562,1,no
14469,51,-406,4,no
4374,51,6482,2,no
14079,47,761,2,no
33429,32,3322,1,no
33,60,39,1,no
5729,53,137,1,no
43438,31,3289,1,no
8101,30,578,4,no
3577,49,3033,5,no
44559,30,0,4,no
32821,24,-220,1,no
38562,36,249,5,yes
36620,34,2825,1,no
39736,36,953,1,no
7718,42,287,2,no
19181,50,486,2,no
20996,31,414,5,no
28281,60,3875,1,no
73,54,282,1,no
9595,53,7067,3,no
1462,46,1069,2,no
45054,25,1734,1,no
37660,38,-119,1,no
19370,32,1423,4,yes
30055,37,687,3,no
28355,30,554,1,no
10341,58,657,2,no
20258,46,379,6,no
11370,59,4143,1,no
1326,44,-617,1,no
28377,26,-402,2,no
42972,33,22867,1,no
37297,41,158,1,no
18633,30,-570,22,no
4454,39,0,2,no
28424,29,914,1,no
25840,37,253,2,no
31596,48,4459,2,no
33729,44,509,7,no
8362,36,0,1,no
13139,27,0,1,no
29051,40,507,1,no
40811,53,4401,1,yes
2794,43,1516,1,no
30013,32,202,1,no
34562,43,2598,2,no
40564,23,749,4,no
41999,55,0,1,no
12138,45,4,9,no
19005,57,466,2,yes
27716,23,1003,1,yes
16284,40,2279,1,no
5798,31,360,4,no
35038,35,2576,3,no
31863,33,331,2,no
10373,55,214,1,no
39103,29,-218,2,no
18022,44,6486,4,no
12718,51,34,1,no
42190,40,0,1,yes
1822,33,-665,1,no
21018,57,2625,2,no
32257,31,1981,1,no
21151,31,31868,6,no
8775,23,145,1,no
22027,38,221,3,no
29737,41,2423,1,no
24559,52,1319,1,no
3498,60,313,2,yes
19753,33,2126,2,no
19110,43,2126,2,no
8957,26,-74,1,no
22506,49,502,4,no
9327,39,599,1,no
27753,38,316,1,no
21987,35,0,2,no
28680,46,802,1,no
10105,53,-285,1,no
6221,31,1411,4,no
21471,31,979,10,no
758,55,6920,3,no
7807,37,-403,6,no
14798,29,694,4,yes
31595,41,-68,3,no
10106,39,393,1,no
15656,38,-558,1,no
9623,39,158,2,no
18994,43,0,2,yes
41163,89,553,5,no
6339,31,-429,1,no
41510,35,2161,3,yes
6906,47,-480,1,no
40886,47,2408,1,no
11072,36,2357,2,no
38005,35,2212,2,no
10250,43,59,19,no
24154,40,9916,1,no
44602,23,43,1,no
15940,37,0,3,no
37280,35,2116,2,no
3573,46,435,3,no
43755,46,5993,1,no
32164,58,2745,1,no
35430,32,216,2,no
28766,55,905,1,no
13571,52,32,1,no
10621,38,1559,1,no
4488,31,160,2,no
9263,35,2074,7,no
44440,41,1646,3,yes
43255,34,158,3,yes
13447,53,-626,1,no
21465,54,3601,3,no
26606,35,3102,1,no
712,40,0,2,no
17109,45,88,4,no
31440,32,2833,1,no
9311,41,2770,2,no
43078,48,0,4,yes
6734,25,55,1,no
19819,37,630,6,no
20961,42,27,4,no
4463,32,863,1,no
40255,54,2081,1,no
922,41,169,2,no
43388,27,6036,1,yes
4329,34,164,13,no
27710,40,0,3,no
5060,29,445,2,no
44779,58,0,2,yes
7074,33,91,3,no
32378,48,113,2,no
30109,55,10,3,no
44269,35,4124,2,yes
34659,30,6432,6,no
581,39,190,2,no
9925,56,1172,3,no
11355,60,987,13,no
35245,35,1147,1,no
9924,54,2226,3,no
14794,31,-230,1,no
10145,39,2,1,no
41770,46,1187,1,no
32024,34,703,1,yes
13236,55,-246,2,no
38553,28,278,9,no
23642,34,-173,2,no
25876,31,2420,1,no
14968,31,-455,2,no
30568,31,3729,2,no
3673,32,75,1,no
26197,55,12159,2,no
20777,33,296,4,no
32621,30,306,1,no
4883,35,350,1,no
24617,38,0,2,no
638,30,1144,1,no
12705,58,4850,2,no
20607,34,496,6,no
8737,52,2002,4,no
16956,34,765,1,no
20123,48,476,3,yes
27816,58,584,1,no
40139,57,1841,1,yes
1259,49,458,1,no
16241,46,99,1,no
22900,43,778,5,no
32105,35,5250,2,no
43532,43,11115,1,yes
5064,37,-114,2,no
25159,31,545,2,no
40196,37,1758,2,no
8466,26,-630,2,no
44757,64,48,3,yes
33701,65,1973,3,yes
5901,53,105,3,no
11777,40,1876,1,no
7563,53,146,1,no
26436,37,862,1,no
26203,38,5122,1,no
40130,58,1980,1,yes
42377,83,20,3,no
43482,30,232,1,yes
2041,35,86,4,no
3172,41,1132,4,no
25408,30,8781,1,yes
42756,39,0,1,yes
32134,36,11387,1,no
40025,27,1,1,no
13993,33,66,1,no
25382,33,833,6,no
36008,42,714,1,no
29906,52,528,1,no
33940,37,153,1,no
5847,28,0,2,yes
40672,29,74,1,no
37036,36,421,5,no
10911,38,2641,1,no
15644,32,14,1,no
33957,45,706,2,no
39132,44,777,3,no
36653,43,1495,1,no
3888,49,16,11,no
1461,34,487,2,no
5088,38,-165,2,no
37314,42,969,1,no
29781,55,384,1,no
6653,31,162,1,no
39070,39,463,1,no
40406,41,203,2,yes
14754,25,377,4,no
36068,50,284,1,no
21142,47,584,2,no
1695,35,337,1,no
14960,38,123,6,no
44417,30,19,1,yes
17333,35,449,4,no
25214,34,500,2,no
6545,42,3620,16,no
4006,32,0,7,no
42249,77,3417,1,yes
44555,50,0,2,no
2676,33,-15,3,no
7936,32,-540,7,no
15095,39,251,2,yes
16557,42,206,1,no
40717,49,5361,1,no
7771,43,690,1,no
18622,37,-57,20,no
29317,27,0,1,no
37736,40,973,1,yes
34914,38,689,2,no
22952,48,0,5,no
33317,43,701,1,no
21760,56,1750,7,no
7833,47,1387,4,no
31385,57,1292,1,no
4931,27,0,1,no
8424,39,0,1,no
5722,48,145,38,no
18812,49,388,4,yes
34872,37,83,1,no
15922,38,56,2,no
44630,28,-46,1,yes
14313,43,-416,3,no
17967,45,-479,2,no
5010,38,585,3,no
11968,42,1430,3,no
27444,31,111,2,yes
27980,32,393,2,no
12171,34,2926,25,no
24791,30,33,1,no
14851,27,100,2,no
24993,56,0,1,no
5840,57,138,5,no
41129,70,10171,2,no
34000,29,534,2,no
22553,45,88,3,no
6491,43,2344,2,no
15294,60,0,10,no
29963,29,2559,2,no
27682,31,1601,3,no
39729,23,565,7,no
30592,64,440,1,yes
21962,39,49,4,no
18697,42,0,36,no
4518,33,163,1,no
20753,51,712,2,no
35527,38,595,3,no
39889,39,1587,3,yes
33023,40,1060,3,no
18437,54,12,4,no
21512,47,0,2,no
39272,24,-156,2,no
31297,23,3092,2,no
24220,51,195,1,no
27628,32,368,2,no
15916,27,28,3,no
15091,31,2336,1,no
33082,45,-258,5,no
35522,33,50,2,no
25814,37,1353,1,no
8104,33,77,1,no
21227,55,3485,4,yes
39707,25,222,1,no
36999,38,876,7,no
23604,42,3,26,no
34444,26,4116,1,no
22125,37,28,2,no
21867,52,511,4,no
4095,30,71,6,no
27298,59,42,1,no
39369,58,4256,1,no
23169,45,0,4,no
16589,34,1,1,no
26853,33,1782,4,no
32305,36,2774,1,no
26299,55,2408,1,no
40152,53,1796,1,no
3532,43,632,2,no
45033,29,2806,1,no
17466,43,400,3,no
17914,51,0,4,no
37747,43,214,1,no
15581,32,648,1,no
39559,27,405,1,no
9463,42,202,1,no
32186,30,1683,2,no
31312,25,4461,5,yes
5112,38,924,2,no
5341,36,973,1,no
24255,39,3324,1,no
18117,55,33,3,no
14763,29,0,4,no
6931,33,-61,2,no
29917,47,-230,1,no
7140,54,426,1,no
6974,22,35,3,no
33166,33,6,1,no
14504,47,530,3,no
36076,45,746,1,no
24417,43,-36,1,no
12795,56,21,1,no
20279,58,0,2,no
24789,53,2496,1,no
28819,32,130,3,no
1355,42,47,1,no
14039,34,-73,1,no
4935,36,-872,1,no
8047,32,56,1,no
29423,60,0,1,no
17843,39,-409,23,no
39325,32,135,2,no
9685,42,0,1,no
26024,46,15,3,no
12346,26,-266,3,no
13509,42,808,1,no
11136,42,0,4,no
39995,35,3109,1,no
43423,33,562,1,yes
15111,32,133,1,no
1568,32,20,3,no
24306,46,0,1,no
15587,54,252,1,no
11267,53,1776,7,no
7289,36,3670,2,no
16984,46,-220,1,no
23507,44,3762,12,no
24992,51,7848,1,no
6000,39,26,4,no
15767,26,188,1,no
39401,39,0,1,yes
11713,53,2057,1,no
7217,46,1307,1,no
9660,44,-63,2,no
25303,33,3572,2,no
5793,34,-175,1,no
42563,70,828,1,no
2302,40,3122,3,no
12644,28,934,2,no
43128,34,31,1,no
9443,28,-1042,2,yes
44353,35,1227,5,yes
16764,32,-156,2,no
27330,40,285,1,no
32701,38,5432,1,no
20335,30,4459,2,no
29926,60,414,1,no
18780,42,247,5,no
4125,38,323,1,no
42110,54,473,1,yes
22537,40,0,4,no
22436,35,54,2,no
20894,30,46,3,no
9120,45,6397,2,no
21295,36,6,3,no
40504,32,0,1,no
8429,44,776,1,no
15027,36,-633,1,no
14986,45,-312,1,no
17924,52,686,2,no
34633,51,-463,1,no
43138,46,2033,2,no
20767,35,481,2,no
16784,61,291,5,no
28771,32,604,2,no
23440,33,1138,4,no
31084,44,348,2,yes
13379,34,31,3,no
35591,26,279,3,no
2504,51,3132,1,no
24444,36,441,2,no
11818,37,43,3,no
42664,48,517,1,no
9771,39,2810,1,no
25968,50,5794,1,no
12253,22,4659,4,no
40054,35,52,2,yes
11039,38,197,9,no
30206,59,19102,1,no
14462,57,-305,4,no
17871,50,2678,6,yes
12543,57,91,3,no
13680,32,0,1,no
26469,35,-476,6,no
28201,59,-296,1,no
31327,33,258,4,yes
7542,38,5669,1,no
9204,53,1554,1,no
21756,50,1687,5,no
40005,32,785,1,no
33169,34,-538,1,no
20892,56,1561,1,no
23664,30,3028,5,no
2423,50,478,5,no
9538,43,1260,4,no
468,50,71,1,no
1689,31,307,1,yes
14060,38,114,3,no
28638,26,249,3,no
35496,28,75,3,no
3313,45,3583,1,no
30850,29,103,5,no
38658,35,-56,2,no
31585,33,1636,1,no
45041,34,159,1,yes
29931,33,1473,1,no
11353,39,0,11,no
38381,31,184,1,no
13857,33,91,1,no
7783,54,12159,2,no
8624,31,576,3,no
1170,34,-947,3,no
694,39,1205,2,no
16792,25,30,2,no
24810,35,172,1,no
14310,60,0,3,no
41558,73,1843,2,yes
37415,57,408,2,no
35131,37,-57,5,no
10675,41,-100,21,no
41776,52,3343,1,no
35692,31,691,1,no
32229,29,2553,1,no
16077,27,-247,1,no
42149,50,112,5,no
22299,33,109,5,no
42771,32,291,6,no
4355,31,352,9,no
25322,47,1095,1,no
16562,42,0,1,no
8196,31,1529,8,no
15345,35,513,1,no
32387,47,109,2,no
14317,33,390,2,no
31946,33,0,2,no
10188,59,4445,7,no
37923,47,177,3,no
29229,28,0,1,no
296,56,13,2,no
20200,32,3184,2,no
32366,32,519,2,no
16120,34,228,4,no
40680,65,4717,1,yes
41805,45,8692,1,no
38921,27,5,1,no
30706,46,718,2,no
2135,36,650,2,no
26273,38,76,1,no
5245,55,989,4,no
36057,38,625,1,no
32604,34,329,1,yes
31864,44,1704,2,no
32844,42,250,3,no
13107,55,197,1,no
8577,34,765,7,no
5886,44,189,3,no
35175,41,293,1,no
12383,55,700,1,no
39221,29,318,2,no
22770,35,0,4,no
43,60,104,1,no
5377,28,38,1,no
11494,50,1389,3,no
19955,33,-534,7,no
24034,37,3452,9,no
34454,36,80,1,no
8290,42,4,8,no
4050,27,276,2,no
35385,53,148,1,no
16224,39,1029,3,no
25372,30,1589,4,no
41898,31,8304,1,no
41680,26,6036,1,no
40823,21,280,2,no
32979,38,566,2,no
5812,28,930,1,no
42585,34,2561,1,no
20743,33,390,2,no
27027,35,1054,1,no
15841,47,1484,3,no
33402,50,13,1,yes
421,49,163,3,no
43706,68,1146,1,yes
31006,24,1179,1,no
7959,49,6312,2,no
41542,67,708,2,no
2475,23,4,2,yes
1218,32,5,1,no
20888,30,366,6,no
42896,48,1730,1,yes
20683,58,2609,5,no
10948,56,4266,4,yes
43822,32,554,2,no
26781,37,3370,4,no
9198,40,269,1,no
2641,32,363,1,no
16547,29,2485,6,no
26302,39,4777,1,no
39273,33,136,2,no
38196,60,174,1,no
8765,28,4,11,no
34678,39,519,3,no
88,41,1270,1,yes
11566,37,313,7,no
22142,45,430,2,no
14254,30,-94,2,no
18320,50,2284,17,yes
10655,43,8014,1,no
34351,26,237,3,yes
15061,46,-154,1,no
25444,41,353,2,no
31194,28,1363,1,yes
16629,45,1867,1,no
10016,40,2394,4,no
34423,33,931,2,no
39402,58,720,1,no
2484,60,1262,1,yes
2939,48,20718,1,no
25224,48,1042,2,no
36590,43,1076,1,no
43271,58,1016,2,no
43962,57,3287,1,yes
33438,36,832,2,no
10761,34,2026,8,no
10910,55,39,1,no
17711,25,88,18,no
19694,34,0,3,no
22800,37,0,4,no
8350,60,11615,10,no
14952,59,4387,6,no
33678,40,2129,3,no
12873,26,278,1,no
8655,44,2958,2,no
32842,33,301,1,no
23103,36,219,4,no
39828,60,3824,3,no
7622,42,1767,1,no
41289,26,620,1,no
14812,32,8,1,no
43501,73,2850,2,no
4075,44,556,3,no
39738,45,2033,4,no
39155,26,-887,2,yes
41699,24,0,1,no
29837,39,512,1,no
4357,27,4923,7,no
37062,42,-580,1,no
31109,71,2850,1,yes
29876,31,454,3,no
41623,37,539,2,no
43583,56,0,1,no
40531,29,1599,1,no
2382,36,-195,1,no
40541,34,980,1,no
15919,31,112,7,no
15678,34,130,1,no
1649,36,-333,1,no
28294,38,-33,1,no
37462,39,41,3,no
36927,38,5733,8,no
11418,41,2636,1,no
34967,37,21,2,no
16495,42,149,3,no
5744,29,340,1,no
30661,30,93,4,no
41026,34,1228,2,no
28899,37,1534,6,no
6679,28,1849,1,no
35015,36,-78,1,no
8837,27,0,2,no
45071,49,2400,3,no
6098,32,-15,2,no
42303,22,410,1,no
9875,53,4222,1,no
22306,60,70,1,no
5201,37,1813,4,no
32796,52,940,1,no
9346,38,0,1,no
15881,33,-160,5,no
36661,43,56,2,no
39056,29,797,2,no
5306,41,-326,2,no
25434,41,1362,1,no
30630,31,492,1,no
36354,39,0,2,no
5618,46,4707,8,no
11153,44,1147,3,no
26446,44,-230,1,no
19203,42,-197,7,no
31178,25,760,2,no
24967,42,130,1,no
13511,31,1,1,no
31963,31,1406,2,yes
11317,51,1994,2,yes
18277,38,0,28,no
17917,48,862,2,no
3913,55,-45,7,no
17815,39,738,2,no
13210,29,0,1,no
2530,40,221,2,no
14252,48,58,2,no
39619,32,4089,7,no
40471,29,5547,2,no
22852,45,1335,2,no
12397,60,78,2,no
40208,35,1177,4,yes
6449,28,68,2,no
9735,36,3783,1,no
42295,37,1276,1,yes
24031,38,0,3,no
2331,31,472,2,no
2327,26,-3,5,no
44899,24,393,1,yes
21306,34,332,7,no
28786,33,572,2,no
44611,63,0,5,yes
11256,50,3296,2,no
13156,28,510,2,yes
11849,60,1393,6,no
27856,54,1129,1,no
20333,59,-13,1,no
40629,47,699,3,no
41969,39,416,4,no
10848,47,145,1,no
35577,37,-158,2,no
16412,42,1331,2,no
16856,54,1371,2,yes
15438,53,263,7,no
25137,44,533,1,no
22498,50,82,4,no
39589,32,267,1,no
37382,40,635,2,no
31573,26,5005,1,yes
17410,39,-104,2,no
446,51,228,1,no
3324,42,1865,1,no
34133,34,1281,1,no
36434,35,202,2,no
43729,29,865,3,no
9963,51,0,3,no
38291,48,501,5,no
34395,20,130,3,no
26694,52,1466,1,no
17231,36,1587,2,no
12957,29,218,2,no
17547,48,2263,2,yes
5850,30,265,4,no
2923,41,2097,1,no
23754,30,0,7,no
30987,37,356,2,no
40100,58,7369,2,no
27872,38,275,1,no
3796,30,194,1,no
17604,39,1234,4,no
31700,38,0,2,no
4528,39,327,1,no
863,37,52,1,no
16054,26,5116,3,no
12553,50,-221,1,no
41835,62,1528,2,yes
19375,37,-56,4,no
37121,39,36,1,no
13080,56,87,2,no
25176,47,19,2,no
29624,27,1,6,no
14983,32,0,4,no
28615,47,1225,3,no
44475,47,2306,4,yes
3684,57,3431,1,no
11114,54,3151,7,no
27280,32,1397,3,no
43620,64,2352,2,yes
26023,53,1014,2,no
21942,51,337,4,no
4412,39,0,1,no
42830,37,953,1,no
42118,59,4412,2,yes
1000,33,56,2,no
17620,58,3,16,no
33801,46,454,9,no
35901,38,0,2,no
8445,38,205,1,no
41387,37,310,1,no
23355,39,816,3,no
36395,35,244,2,no
36725,38,883,1,no
5304,30,595,1,no
10896,48,1562,2,no
22971,41,1413,5,no
38762,28,3029,6,no
26915,40,87,2,no
8642,42,1017,18,no
16671,38,0,2,no
34648,35,27,2,no
23695,30,42,3,no
7585,35,52,1,no
6847,26,70,2,no
34006,31,1812,1,yes
24401,35,1108,1,no
20070,34,326,7,no
44375,55,240,3,yes
14728,35,635,12,no
25576,49,342,3,no
294,54,0,2,no
25437,46,1082,1,no
35688,31,106,1,no
40912,57,7633,1,no
132,32,217,1,no
40804,22,1215,1,no
23558,44,2179,10,no
15478,51,941,6,no
17300,28,902,2,no
2729,28,468,3,no
15553,59,161,2,no
17239,28,181,3,no
28257,30,19,1,no
11038,39,1551,16,no
13196,57,4442,6,no
30169,34,314,3,no
29667,48,2,5,no
33699,63,2193,4,yes
10263,48,13551,3,no
26571,36,7449,2,no
38555,36,530,2,no
22185,32,46,6,yes
42422,27,3511,3,no
27601,44,2388,2,no
16148,54,-369,4,no
15681,38,-145,2,no
9730,42,4362,1,no
21458,40,169,4,no
14162,48,0,2,no
12770,54,92,4,no
8814,28,559,1,no
9711,36,3503,1,no
33294,28,1394,2,no
44642,35,992,1,yes
12646,26,36,2,no
32326,30,445,1,no
43045,30,2424,1,yes
19267,37,1863,2,no
24360,52,5423,1,no
23372,30,-218,15,no
8827,29,1634,2,no
10940,49,150,1,no
36677,49,425,1,no
38032,51,421,4,no
29543,28,3463,1,no
17971,47,-535,2,no
30968,27,1301,5,no
11536,54,3846,2,no
18507,37,4357,2,no
660,38,1349,1,no
24512,51,-174,1,no
40349,42,1539,5,no
26375,45,8032,1,no
33337,56,159,3,no
5831,51,-1013,1,no
26231,34,3119,1,no
6508,31,-538,1,no
5786,56,0,1,no
16501,33,844,3,no
42193,61,2557,1,yes
16846,43,38,6,no
42482,72,3856,4,yes
8089,30,4,1,no
30928,40,516,5,no
22218,52,0,4,no
19320,41,55,4,no
36223,48,1282,2,no
9884,42,314,2,no
39032,38,49,1,no
21820,30,3048,2,no
10400,43,1476,2,no
44773,25,486,3,yes
13623,30,1,1,no
22811,48,193,10,no
27135,55,1181,1,no
5782,32,-204,2,no
20559,57,8897,2,yes
25313,33,88,1,no
32195,51,1801,3,yes
21560,57,31,2,no
35838,49,863,1,no
8643,45,3638,7,no
25646,30,2708,1,no
2067,54,42,2,no
30309,29,1562,1,no
1072,31,89,3,no
7077,48,219,4,no
23732,31,162,9,no
16235,50,294,1,no
13242,45,146,1,no
1721,36,211,2,no
30019,37,-143,1,no
37146,32,2137,1,no
39701,46,2199,1,no
30644,48,264,2,no
37475,45,809,2,no
21625,56,64,4,no
32064,32,1012,1,no
41994,22,23,1,yes
9959,38,1805,2,yes
17622,42,2534,2,no
23829,45,1186,7,no
21615,57,0,4,no
18539,46,466,8,no
20882,47,183,1,no
18513,35,-195,4,no
19845,31,172,2,no
34435,29,1514,1,no
3879,57,-524,4,no
4981,29,0,1,no
24618,49,1058,3,no
12799,30,0,1,no
17124,37,-70,2,no
11801,57,1466,1,no
30022,42,234,2,no
42101,29,3851,2,no
18963,38,658,2,no
36330,36,779,1,no
38643,33,1423,2,no
16250,33,370,1,no
17508,46,0,16,no
20903,42,17,6,no
13769,31,181,1,no
37019,47,-98,1,no
2570,53,592,1,no
2224,33,341,3,no
35817,41,10,2,no
28194,27,254,1,no
80,55,1,1,no
36001,39,-405,1,no
20032,46,778,10,no
37903,31,0,3,no
10778,37,718,1,no
26409,49,5711,1,no
4627,31,2038,1,no
1480,30,80,2,no
16482,44,8262,16,no
44378,32,8304,1,no
28082,28,95,4,no
32236,37,-670,1,no
20190,31,15,2,no
33015,40,1270,2,no
42858,35,221,2,no
16084,45,644,1,no
3373,35,6,1,no
16475,41,1408,3,no
25107,50,642,1,no
11986,49,947,2,yes
26598,33,1354,2,no
423,39,113,1,no
22646,50,26394,4,no
23612,32,864,19,no
30495,31,823,2,no
41334,35,7546,1,no
32797,44,266,2,no
18498,33,5,3,no
39850,37,597,1,yes
25282,49,1887,3,no
6304,33,22,1,no
14660,35,300,2,no
18427,41,428,2,no
39919,32,530,1,no
32112,32,1129,2,yes
12535,29,84,3,yes
26808,57,0,2,no
33099,35,1347,1,no
40302,28,502,2,yes
1152,31,53,4,no
11151,49,1202,1,no
1557,40,23,5,no
28354,33,973,1,no
22098,32,9,2,no
28557,54,0,3,no
23756,49,592,15,no
39371,27,1925,1,no
772,50,156,3,no
27143,56,2583,1,no
9279,36,-661,3,no
19378,46,874,1,yes
15077,32,14611,1,no
36424,42,869,2,no
4167,31,41,1,no
13641,58,3884,8,no
26579,44,7876,1,no
31484,46,926,1,no
16787,40,203,1,no
9006,35,-640,6,no
30527,34,713,2,no
33970,40,2487,1,no
38132,46,4602,1,no
27952,34,36,1,no
15536,47,150,7,no
35880,43,917,2,no
23118,30,1271,5,no
23538,31,44,13,no
21459,33,-5,4,no
28269,33,-81,2,no
29186,34,-624,8,no
29432,31,433,1,no
29934,37,2442,1,no
36132,37,295,3,no
16025,26,399,2,no
42625,31,2544,1,yes
39028,30,1256,3,no
27507,45,302,2,no
44310,49,308,5,no
11367,60,6313,2,no
31520,38,0,2,no
11772,40,5807,1,no
32507,54,1895,1,no
8397,30,418,1,no
42092,60,4243,2,yes
14510,40,-349,19,no
6144,39,-50,1,no
18012,44,629,4,no
6818,31,158,1,no
5849,27,-446,1,no
13968,35,63,4,no
12940,25,0,1,no
15250,43,0,3,no
21912,56,300,3,no
10863,42,651,1,no
3406,54,907,1,no
30179,38,890,2,no
12131,50,278,3,no
13182,55,971,1,no
25413,39,3911,2,no
17955,31,0,24,no
32630,38,-113,1,no
29719,41,236,2,no
27048,44,701,1,no
11924,47,2820,3,no
15008,50,1832,1,no
11915,24,126,58,no
24183,30,816,1,yes
7750,57,0,2,no
31184,73,1641,2,yes
4114,49,128,1,no
21711,49,5,1,no
31724,71,951,1,no
16544,35,-290,3,no
10731,58,278,5,no
2471,55,1192,1,no
7164,47,72,1,no
39366,45,397,1,yes
18151,59,1180,3,no
36015,57,657,5,no
9141,49,414,3,no
19866,57,853,4,no
26767,34,1310,3,no
17742,59,0,2,no
39847,54,1664,3,yes
29097,53,798,1,no
7015,28,22171,3,no
30243,29,549,1,no
4744,58,2429,7,no
7102,42,-106,1,no
13510,60,681,1,no
26105,35,759,3,no
3355,49,2219,2,no
41588,50,1612,1,no
17706,36,0,8,no
10962,50,608,4,no
24099,38,385,1,yes
28820,38,-70,1,no
26697,49,-471,3,no
39149,40,-35,3,no
3486,31,605,10,no
31582,28,172,14,no
18290,35,161,4,no
4008,32,217,3,no
36774,28,1453,1,no
27814,43,2478,1,no
29659,40,1308,2,yes
9326,48,2313,1,no
25494,33,102,1,no
31802,35,21,2,no
38854,24,-92,1,no
35714,31,-423,6,no
12877,29,-597,2,no
11215,44,17361,1,no
36732,36,-308,1,yes
24296,35,1718,1,no
13718,46,2583,1,no
20106,39,454,2,no
7609,58,1874,5,no
26414,39,782,3,no
30635,30,1924,1,no
4314,37,122,2,yes
32733,49,5795,1,no
33171,27,2784,1,no
6410,28,781,2,no
25973,48,4770,2,no
13810,51,0,1,no
2779,45,37378,1,no
4155,40,296,1,no
17220,48,513,3,yes
3899,46,770,1,no
19522,58,312,2,no
10053,37,1393,3,no
26316,51,3736,1,no
42198,71,1311,2,yes
40713,79,2354,2,no
24499,52,0,2,no
24233,37,411,1,no
9178,39,15,2,no
16709,34,176,1,no
10363,38,0,1,no
39794,47,293,1,yes
32309,30,9,1,no
36875,43,422,2,no
18178,36,251,7,no
18725,30,702,29,no
42992,57,501,7,no
22837,55,269,4,no
28966,62,1495,1,yes
4193,54,-754,2,no
44955,32,927,1,no
21668,55,-408,9,no
15086,34,-191,6,no
17690,52,594,2,no
38445,28,2257,1,no
892,53,-291,1,yes
26803,46,2514,2,no
9516,29,213,3,yes
11302,28,623,41,no
33296,26,52,1,no
18223,40,423,24,no
20578,45,2552,7,no
9721,38,9618,1,no
10220,43,7298,2,no
27749,42,-593,1,no
17217,53,202,3,no
28330,50,380,1,no
13604,38,-257,1,no
16772,57,6,6,no
24604,47,734,3,no
25615,55,4103,1,no
31607,37,1335,4,no
1359,28,486,1,no
5132,31,510,3,no
41858,33,8514,1,no
23977,47,947,17,no
30848,53,559,5,no
37709,31,183,1,no
18833,41,1254,1,no
25418,31,3564,1,no
38236,43,-1,1,no
3603,52,2206,5,no
38597,28,118,3,no
7308,32,340,1,no
6080,24,9,7,no
41071,45,2671,4,yes
43841,30,0,1,yes
21079,38,2813,2,no
20831,35,3549,4,no
35260,33,475,1,yes
450,42,132,1,no
5365,32,1212,2,no
3904,56,4166,1,no
34203,34,992,1,no
18858,43,36,1,no
4540,32,489,1,no
13620,37,0,6,no
40012,30,4168,1,no
33914,60,1163,8,yes
19473,34,873,2,no
18348,45,830,2,no
35086,26,0,3,no
37338,59,506,1,no
20330,31,-204,7,no
33621,32,705,4,no
10258,36,272,2,no
8482,38,27,4,no
3377,29,20,1,no
9637,45,1807,2,no
14235,46,1299,2,no
1373,43,2067,1,yes
2754,52,0,2,no
44621,69,2661,1,no
31075,64,1473,2,no
12815,25,437,1,no
36232,32,1145,1,no
3336,60,1224,1,no
14513,37,0,3,no
26898,32,1475,5,no
4457,30,695,1,no
11135,56,3760,3,no
4610,31,585,2,no
32398,42,1027,2,no
19898,55,1821,2,no
733,37,183,4,no
1911,44,271,1,no
19885,33,390,2,no
19632,60,6557,2,no
7144,52,2081,1,no
39659,47,2279,1,no
15078,43,833,1,no
19824,47,405,2,yes
12029,55,166,4,no
25624,34,2490,2,no
30753,47,691,6,no
1664,31,0,2,no
27768,34,260,1,no
19668,56,255,1,no
44958,32,3289,2,no
24370,42,328,1,no
39184,37,139,5,no
44484,75,3504,1,no
41986,41,942,1,yes
14298,35,2436,3,yes
13275,42,-29,2,no
31104,65,2416,2,yes
14432,53,0,3,no
27990,58,37,2,no
28116,31,374,4,no
24199,34,105,1,no
8965,56,62,1,no
35982,34,366,4,no
35253,36,0,1,no
30094,28,4253,6,no
40341,57,9902,3,no
12085,54,1021,7,no
40662,30,81,6,no
2907,49,387,1,no
6093,47,48,2,no
8258,42,342,5,no
21662,34,56,2,no
974,58,268,1,no
6994,56,77,2,no
35411,35,0,2,no
21553,34,5399,4,no
26464,34,273,1,no
6498,26,261,2,no
3091,45,532,2,no
23821,48,647,8,no
10435,46,2223,3,no
5480,50,0,1,no
39947,35,2823,4,no
14344,32,-169,3,no
16137,50,-556,2,no
12073,35,1256,29,no
25768,41,1011,1,no
20710,45,2096,2,no
2507,35,414,2,no
17605,38,9881,2,no
41188,59,1978,1,no
18090,34,356,7,no
15197,32,820,3,no
41355,45,4119,2,yes
32373,36,736,2,no
15437,44,236,3,no
25053,30,2995,1,no
25581,30,4591,1,no
36403,31,1598,2,no
41429,57,6468,1,yes
20968,33,620,2,no
17607,51,-338,2,no
43353,62,3371,1,yes
40752,33,22867,1,no
26056,59,0,2,no
12118,46,137,3,no
39604,50,2635,2,no
43294,25,839,1,no
24675,35,0,2,no
11305,60,358,2,no
13563,40,22,2,no
42843,53,2398,1,no
1315,36,1852,1,no
10026,35,-269,10,no
15588,30,1824,2,no
42488,35,3402,1,no
2778,56,871,1,no
1113,30,98,1,no
13259,42,2476,1,no
4905,31,2287,1,no
16938,27,1,1,no
5113,33,240,3,no
3760,50,556,2,no
27888,51,176,1,no
41813,58,4198,5,yes
8633,29,711,4,no
10487,47,477,3,no
9353,28,708,5,no
2946,28,334,4,no
9459,39,123,3,no
26232,44,11,1,no
19802,60,345,6,no
43461,30,3779,1,yes
11329,54,1455,4,no
3157,26,786,5,no
35649,37,120,4,no
32817,43,90,2,no
24700,37,5115,2,yes
39993,45,406,1,no
14549,34,223,3,no
21476,48,466,7,no
40199,52,426,5,no
18370,42,490,4,no
4830,33,17,1,no
40259,32,914,1,yes
10038,39,0,7,no
5295,34,750,1,no
13424,51,-201,2,no
35641,43,0,1,no
30584,38,346,3,no
27737,26,609,1,no
1336,52,0,1,no
9369,38,794,3,no
2873,47,2775,1,no
31895,36,1198,3,no
30232,34,788,1,no
29134,34,926,2,no
33349,35,876,1,no
23160,52,359,14,no
3447,38,1372,1,no
21815,47,798,2,no
19313,48,855,4,no
41341,39,24277,1,yes
35361,28,-470,2,no
41314,29,323,2,no
42831,67,1287,1,no
6350,37,836,2,no
35127,22,223,1,no
40643,47,86,1,yes
18816,38,47,11,no
16131,59,0,2,no
25320,50,525,2,no
21555,46,687,13,no
35190,33,29,1,no
32505,59,2358,1,no
12993,28,619,2,no
9971,37,651,2,no
44870,59,5397,1,yes
25368,34,3990,2,no
34051,34,5462,1,yes
42227,39,1509,1,no
27882,36,301,1,no
9230,40,429,2,no
35642,31,-181,1,no
1102,38,1807,3,no
20116,47,838,3,no
19333,48,490,2,no
13012,28,305,1,no
4442,36,860,15,no
19065,30,16922,1,no
13301,26,0,2,no
19451,31,418,6,no
1958,29,348,2,no
17181,42,7041,4,no
22398,57,20,2,no
42260,50,3608,2,yes
43391,26,3,1,yes
33649,33,1158,2,no
6730,53,-137,1,no
5579,32,1780,4,no
36293,43,426,2,no
39460,26,689,2,yes
44056,42,2152,2,no
40606,32,315,1,no
20271,32,300,2,no
19913,50,290,2,no
30015,32,-849,1,no
19410,45,22,3,no
33443,38,0,2,no
7518,36,1345,3,no
37283,32,416,1,no
2700,35,11,4,no
19722,34,7487,2,no
22301,30,13,1,no
9003,59,3940,2,no
5459,32,1667,3,no
40416,51,1801,1,no
14083,55,561,2,no
614,53,3397,1,no
4127,43,953,1,no
3012,36,338,1,no
14521,30,13,3,no
226,48,278,2,no
43848,70,2346,1,no
2355,48,86,1,no
8302,34,1090,2,no
22792,30,3418,7,no
35777,40,4647,2,no
31605,41,3123,2,yes
17887,26,-42,3,no
9144,47,1996,2,yes
43280,33,1676,2,no
42658,62,180,1,yes
1527,33,61,2,no
43973,25,1957,4,yes
37061,28,53,1,no
11062,58,57,3,no
27430,34,1434,2,no
10322,54,292,1,no
41159,58,0,4,no
19179,46,940,2,yes
5984,46,479,3,no
41794,32,2688,1,yes
27016,43,0,2,no
44562,35,2885,3,yes
14727,29,5,5,yes
7414,43,-3372,2,no
16977,30,-242,2,no
16144,30,791,2,no
37994,53,765,3,yes
27261,32,2204,4,no
15286,34,393,3,no
28643,46,-154,2,no
17531,44,964,2,no
5381,28,4,1,no
21864,53,570,4,no
30900,41,242,3,no
7185,55,505,2,no
3966,41,1649,3,no
22574,47,871,9,no
19411,55,41923,3,no
6845,44,0,1,no
28669,44,1308,1,no
23263,33,1020,4,no
14924,45,258,2,no
18226,49,395,3,no
31240,29,316,1,yes
3485,48,981,2,no
11409,55,477,1,no
27946,48,1449,1,no
3416,54,3965,2,no
40693,57,501,2,no
32184,69,21446,2,no
170,50,0,3,no
3035,44,2017,3,no
23561,55,185,4,no
30070,28,95,2,no
39298,40,664,5,no
5429,32,3,3,no
44684,32,260,1,no
39887,57,3376,2,yes
34400,28,4229,2,no
37174,50,7317,1,no
34120,44,630,2,no
39618,30,166,1,no
11448,46,641,1,no
25156,32,1636,1,no
45015,36,1830,1,no
27411,57,0,2,no
18840,37,0,1,no
14492,27,0,4,no
21193,52,66653,3,no
11146,48,0,3,no
30597,40,990,3,no
16522,38,74,3,no
21514,36,140,9,no
43008,57,9367,1,yes
15761,35,0,3,no
25359,39,9579,3,no
29771,35,134,1,no
979,33,1716,2,no
40154,35,471,2,yes
15355,59,-2,1,no
41804,60,1167,2,no
40979,77,610,3,no
41350,33,2340,5,no
9484,48,0,5,no
22569,45,0,3,no
7049,51,606,9,yes
25689,33,-148,2,no
9755,46,39,2,no
14938,43,5705,2,no
5460,35,430,50,no
20237,33,0,7,yes
17422,30,2,4,no
42419,44,733,2,yes
44805,32,0,1,no
38134,31,177,1,no
5172,46,2173,5,no
40930,46,1040,1,no
15343,34,4963,1,no
12103,54,827,2,no
11009,51,5244,2,no
18033,59,0,4,no
25981,59,10114,3,no
4023,38,-326,3,no
6865,28,1536,2,no
38095,26,787,2,no
7875,27,271,2,no
19075,47,295,1,no
14801,33,208,1,no
29109,46,587,1,no
9743,58,1280,1,no
17652,42,275,3,no
6928,26,419,3,no
793,40,407,1,no
25665,48,2749,1,no
16198,48,113,1,no
6828,31,-449,2,no
27072,47,-81,1,no
24358,56,2126,1,no
34538,34,188,1,no
23755,35,1684,8,no
747,56,7,2,no
1934,24,304,3,no
17839,58,1321,6,no
27278,33,920,1,no
22566,31,336,1,no
30743,34,457,5,no
18179,30,166,4,no
17585,44,2575,2,no
3670,29,1956,6,no
1334,51,340,1,no
1245,49,104,1,no
40756,48,1730,1,no
18669,41,284,23,no
43367,59,4007,2,no
42470,69,3588,1,yes
1777,34,318,2,no
35210,34,2607,1,no
4630,43,1825,2,no
24894,46,836,1,no
24102,31,352,1,no
25294,35,222,2,no
26668,37,1016,3,no
26437,46,1,1,no
31131,85,7613,3,yes
33390,33,2184,1,no
12563,61,313,1,no
28837,29,596,2,no
32417,53,3703,1,no
15288,54,467,3,yes
25757,36,1503,1,no
382,49,245,1,no
7320,52,2076,1,no
509,60,15,1,no
43672,78,3417,1,yes
9869,47,-423,2,no
34393,31,200,5,no
27255,30,358,2,no
478,31,301,1,no
13458,51,-267,1,no
25613,46,96,1,no
15466,29,242,4,no
9820,39,2601,1,no
40238,48,58,2,no
16058,52,5275,3,no
39238,35,9336,2,no
44912,67,4416,3,yes
24000,35,385,2,no
17653,52,1331,2,no
3825,36,63,2,no
44696,72,1978,1,yes
1587,26,498,3,no
8199,34,1780,9,no
8040,32,109,13,no
19128,59,1040,2,no
40858,44,1070,2,yes
21616,33,0,8,no
16825,32,62,3,no
39442,54,258,1,no
26639,35,410,2,no
43322,31,7826,7,no
42317,49,972,3,no
32319,35,824,2,no
29102,31,284,1,yes
3570,49,2201,3,no
6538,47,-1148,2,no
34810,40,69,2,no
9951,56,3021,2,no
32310,35,0,1,yes
28577,31,304,2,no
22700,46,575,3,no
11076,35,0,7,no
18915,58,0,1,no
19407,33,422,3,no
36828,49,1598,2,no
24368,58,-565,2,no
37528,32,-446,2,no
889,32,233,1,no
8442,37,1510,2,no
16896,50,556,1,no
7650,31,-13,4,no
37256,28,65,1,no
26703,47,3070,2,no
41458,62,367,1,no
6654,27,442,1,no
32287,37,1300,1,no
17542,40,-495,2,no
14913,35,387,2,no
37794,29,1761,1,no
23655,39,0,17,no
21320,59,1100,10,no
2669,57,452,4,no
39946,34,21,1,no
7552,37,1255,2,no
39819,30,3343,1,yes
44281,26,3090,1,no
34262,26,160,2,no
39557,29,923,1,no
18166,42,206,2,yes
44577,24,1592,3,no
12418,26,-72,9,no
24738,43,1201,1,no
3038,45,-31,2,no
3144,34,82,6,no
35851,43,66,1,no
3326,53,1178,2,no
30254,33,7114,2,no
8855,30,17036,7,no
31429,69,647,1,no
36466,41,1236,3,yes
21656,43,42,2,no
34835,26,96,1,no
32258,37,8311,2,no
15668,34,0,2,no
1255,57,3058,1,no
26494,42,2145,3,no
33132,45,658,3,no
559,39,170,2,no
7497,34,425,6,no
40951,47,4,2,no
10818,36,810,1,no
40451,70,7781,1,no
1855,37,277,2,no
32239,37,345,1,no
3683,30,901,1,no
8087,31,7505,1,no
13962,49,2568,1,no
14948,43,381,6,no
23694,36,0,13,no
41643,29,14,1,no
36265,57,5486,7,no
36558,42,335,1,yes
42166,31,2440,1,no
34928,31,17,1,no
38754,28,171,2,no
4334,45,4111,2,no
12931,25,402,1,no
4602,36,7171,2,no
16733,26,-16,1,no
12814,39,2319,1,no
41495,32,2915,1,yes
41098,55,0,1,no
8269,35,53,4,no
18221,52,0,3,no
18631,32,139,5,no
40234,60,544,7,yes
26659,39,966,1,no
14950,41,634,2,no
13759,39,1146,1,no
38883,37,471,1,no
28778,27,1277,4,no
3901,30,122,1,no
544,34,0,1,no
43644,47,97,1,no
37360,35,670,1,no
44933,71,1696,1,yes
23922,59,0,2,no
10820,37,3,1,no
16237,45,295,1,no
39245,38,5643,2,no
14237,58,821,2,no
16920,31,-723,2,no
10608,37,3321,3,no
12456,54,9,1,no
7085,51,943,1,no
26473,32,3166,3,no
824,33,95,1,no
28954,22,2162,1,no
17581,43,9173,2,no
45161,35,0,1,yes
42336,78,1204,1,yes
6349,35,-267,1,no
12622,27,243,1,no
33437,54,309,1,yes
28188,46,294,1,no
17329,28,-97,4,no
33148,58,745,1,no
25398,32,3845,3,no
34290,51,296,5,no
39496,30,1165,1,no
22066,51,3486,11,no
6275,46,258,1,no
14734,46,406,4,no
35270,35,1618,1,yes
41990,28,0,1,yes
13488,54,0,2,no
16783,26,3382,5,no
17662,52,1818,4,no
33249,50,335,4,no
26771,33,2975,1,no
34309,31,4182,2,yes
13004,31,256,24,no
18055,38,223,4,no
29067,38,304,1,no
606,39,285,1,no
43699,63,0,1,yes
16746,39,334,4,no
9218,35,214,1,no
22562,56,150,1,no
31942,37,443,3,no
3871,44,73,1,no
12797,32,1604,1,yes
17636,45,6269,2,no
6578,32,350,2,no
29660,34,651,3,no
12218,39,861,5,no
32514,42,120,1,no
1265,37,391,3,no
3025,32,10600,2,no
40260,25,1185,1,no
32978,50,12519,2,no
20616,36,1072,2,no
33966,35,1750,1,yes
39178,34,17,3,no
25734,46,2420,2,no
30855,40,89,6,no
4367,45,1345,7,no
19090,50,1098,1,no
31169,49,503,5,no
18906,47,0,1,no
6377,28,891,1,no
44924,31,439,1,no
15000,43,1880,6,no
24356,53,720,1,no
16845,55,728,2,no
31388,49,377,2,no
18202,39,346,3,no
6960,31,305,14,no
38316,38,1099,5,no
14249,29,138,3,no
6933,45,-36,4,no
37285,38,3344,1,no
12839,34,205,1,no
40189,50,309,1,no
41398,63,4752,2,yes
43804,46,38,3,yes
4076,55,517,4,no
40004,56,3554,1,no
32036,34,2646,1,yes
44033,33,3143,2,yes
19011,50,2313,1,yes
19323,31,33,4,no
25064,35,2878,2,no
29899,31,141,2,yes
29788,32,1974,1,no
13338,26,16,2,no
22453,46,0,2,yes
19630,45,770,2,no
44631,55,8304,1,yes
38480,21,66,1,no
25042,59,538,2,no
15449,60,949,2,no
37929,60,2147,1,no
17537,58,2086,2,no
35050,40,34,2,no
32885,58,650,3,no
42870,74,5539,2,no
18664,39,572,20,no
8584,38,0,2,no
31126,78,158,1,no
20288,30,725,4,no
37409,30,2191,4,no
25419,51,538,4,yes
18519,51,5350,4,yes
20740,32,297,2,no
35556,46,-154,2,no
10240,57,5888,3,no
2194,43,-63,4,no
45176,38,2543,3,yes
18032,53,1389,4,no
36347,25,931,2,no
34509,25,1141,1,no
7623,29,1671,1,no
38509,42,169,4,no
13449,30,1090,1,no
19953,31,942,2,no
37618,39,49,1,no
23462,32,17,15,no
16513,53,8918,2,no
27509,46,2045,2,no
12874,33,1834,3,no
24385,58,315,2,no
36890,45,963,5,yes
39841,47,2351,2,yes
38938,27,876,1,no
9298,38,635,5,no
14892,25,-213,1,no
12283,25,0,1,no
5718,36,19,1,no
34922,36,7506,2,yes
16082,28,47,2,no
16660,35,218,2,no
2670,30,49,2,no
20114,52,347,2,no
1055,36,-20,3,no
26622,43,0,3,no
43184,28,598,1,yes
30775,34,196,3,no
12692,43,47,5,no
42041,64,3951,1,yes
31328,49,1807,1,yes
16176,25,7,3,no
4839,30,908,1,no
41077,20,210,1,no
6126,34,-92,1,no
27257,41,13489,2,no
10793,60,0,1,no
19692,56,1956,2,no
30494,60,2281,2,yes
27422,49,66,4,no
10819,42,1068,8,no
26805,32,3774,3,no
5152,33,1499,2,no
42989,33,1211,1,yes
29142,44,7822,1,no
16776,40,445,1,no
6832,44,1196,1,no
34355,48,3776,4,no
34982,29,-803,1,no
16203,35,1031,1,no
37697,49,816,7,no
28706,29,404,3,no
30689,42,1048,2,no
7098,30,179,3,no
37511,32,4908,2,no
31680,33,561,1,no
40440,31,625,2,yes
31331,61,1332,1,yes
19572,54,10,2,no
34447,51,734,1,no
24935,37,353,1,no
2185,43,275,4,no
3488,54,784,1,no
22330,33,18,2,no
6733,27,1401,1,no
43106,47,368,1,yes
34968,39,0,2,no
4074,40,2784,1,no
6163,30,0,1,yes
35481,36,181,2,no
24833,39,2165,1,no
9652,35,3339,2,no
6243,57,33,1,no
30145,46,594,2,no
2046,28,131,5,no
44549,31,6980,2,no
40723,49,305,1,no
24590,37,-954,1,no
5834,34,66,1,no
4771,34,120,1,no
23532,42,-671,2,no
4175,31,6042,1,no
9657,46,77,3,no
9410,41,406,1,no
43950,46,1723,2,yes
37120,33,219,1,no
22438,31,125,2,no
31525,54,1342,1,no
28883,27,0,4,no
34056,30,364,2,yes
12776,27,77,1,no
25851,30,1566,1,no
30211,53,264,1,no
2263,55,309,4,no
19476,55,284,2,no
43175,59,315,1,yes
42013,29,1788,1,yes
28831,60,143,1,no
17182,34,215,5,no
37677,37,0,7,no
3332,50,461,32,yes
35041,36,634,2,no
11841,43,506,1,no
12790,39,366,1,no
9606,47,0,2,no
2784,52,258,1,no
33623,34,6707,3,no
40219,36,3407,4,yes
30724,45,776,4,no
5616,40,5517,13,no
44635,77,1492,1,no
24086,50,3537,1,yes
43420,50,377,1,no
21761,51,260,2,no
38827,27,0,5,no
36508,41,4063,5,no
7655,32,241,3,no
19374,32,421,6,no
25603,47,1172,1,no
19647,51,2125,2,no
36901,51,2499,5,no
31830,46,964,1,no
15479,39,-421,17,no
23554,34,0,4,no
4910,35,569,5,no
44947,28,616,1,no
5413,35,-205,14,no
33952,55,357,1,no
13840,48,0,1,no
15976,47,109,1,no
15029,30,7032,1,no
11888,45,904,9,no
34386,23,0,1,no
25961,53,2580,5,no
43500,27,453,2,yes
11572,46,626,2,no
8599,45,21,2,no
39945,34,0,2,no
34910,31,13,1,no
35330,57,192,1,no
26191,35,146,2,no
27738,48,641,1,no
20615,49,53,6,no
30507,45,67,2,no
7020,34,261,3,no
38967,36,-294,1,no
15840,27,1109,5,no
35186,31,874,1,no
13382,47,0,1,no
41462,64,2280,1,no
36123,36,-461,2,no
28187,50,567,1,no
44761,28,5741,5,yes
39372,59,106,1,yes
15341,43,704,1,no
26236,30,11391,1,no
37060,45,0,3,no
6453,27,132,1,no
39434,27,616,1,yes
5993,31,27,5,no
10988,44,99,7,no
1580,56,397,7,no
23654,33,436,8,no
19353,50,0,2,no
14796,35,-353,1,no
43104,80,0,1,yes
15545,29,0,2,no
44090,37,432,3,yes
25062,47,0,2,no
17789,58,35,7,no
17352,45,219,4,no
21932,37,414,4,no
20918,32,1517,3,no
23429,39,0,3,no
19515,52,635,4,no
7736,37,614,2,no
32375,47,5012,2,no
33848,62,1486,2,no
37050,38,8637,1,no
10418,48,1000,2,yes
18076,37,11,8,no
28803,30,167,2,no
44617,62,532,2,no
22161,34,0,2,no
43707,53,1004,1,yes
11060,52,502,3,no
44444,53,3591,2,yes
44147,65,828,1,yes
23380,58,235,4,no
659,29,-150,1,no
30455,41,791,1,no
24620,41,7595,2,no
36415,46,916,2,no
6206,35,712,2,no
43220,25,509,1,yes
35161,53,0,1,no
25422,30,187,1,no
27781,33,-354,1,no
39133,34,392,3,no
20397,33,335,7,no
12079,44,10,2,no
17629,50,176,2,no
29421,33,644,2,no
16934,32,176,1,no
19051,57,241,1,no
20115,35,2277,2,no
23519,59,866,3,no
3132,49,2631,2,no
37223,32,-119,1,no
23011,46,3,14,no
45163,29,464,2,yes
32227,33,666,1,no
44994,43,386,1,no
31636,34,266,2,no
43493,21,546,1,no
32714,39,-3058,3,yes
14412,30,332,3,no
40155,30,2419,2,no
32166,44,0,1,no
1204,39,419,1,no
36210,39,1403,8,no
42791,50,2366,2,yes
37878,54,-473,1,no
9849,57,5553,1,no
14570,58,3864,4,yes
5944,38,6,4,no
22041,31,79,12,no
6533,31,1183,6,no
22311,30,254,1,no
37883,33,1145,3,no
13961,48,454,1,no
18552,31,1030,5,no
6346,53,1715,1,no
32424,30,411,1,no
36945,39,631,2,no
39151,32,-39,2,no
18213,30,35,4,no
15381,27,33,1,no
30914,32,0,7,no
31879,51,155,1,no
45082,34,1279,3,yes
28516,26,1996,2,no
21884,30,46,4,no
42794,31,283,2,no
38215,37,222,6,no
33370,37,2320,3,no
14971,39,1238,1,no
10972,36,404,2,no
40103,30,3384,2,yes
34384,30,2107,5,no
24988,39,5009,1,no
6455,44,-562,5,no
4082,60,12210,1,no
37937,49,1039,2,no
16369,25,323,1,no
19563,35,1654,2,no
33117,42,165,1,no
19,60,60,1,no
11582,28,182,1,no
44000,30,185,1,no
29650,59,282,2,no
7455,29,1366,3,no
42654,35,3816,2,no
44792,74,1843,2,yes
23354,31,382,19,no
38823,32,483,6,no
37585,58,2946,1,yes
10953,44,3706,3,no
22556,31,55,1,no
25039,55,16786,1,no
20185,46,2421,4,no
31762,35,0,1,no
12386,54,255,2,no
38206,30,-118,1,no
23376,56,321,4,no
16882,49,566,2,yes
11298,51,1238,10,no
31467,59,1035,2,no
44922,42,2152,1,no
4308,35,1253,2,no
19905,33,2604,2,no
31082,42,3274,1,no
37135,33,2565,2,no
21804,42,233,4,no
35600,34,0,3,no
12961,44,300,3,no
17505,31,3,4,no
32292,30,0,1,no
12270,42,341,3,no
34039,33,2599,2,yes
2079,25,1135,3,no
24451,42,1048,1,no
11797,41,-206,1,no
12075,58,324,4,no
24853,59,306,1,no
18568,52,655,3,no
19060,43,2048,1,no
2392,36,-423,1,no
27176,32,0,1,no
2523,49,199,2,no
14963,60,0,7,no
30004,39,1309,2,no
7477,46,0,2,no
43719,50,0,3,no
19576,35,5059,2,no
36817,51,1250,2,no
36716,40,-244,3,no
43498,57,3738,1,no
39882,50,3370,2,yes
30189,30,296,7,no
9051,56,41,1,no
1502,59,-820,2,no
35783,36,0,2,no
1223,49,181,3,no
5903,34,-566,2,no
32901,37,539,3,no
11231,48,17957,7,no
15750,33,119,3,no
30119,29,853,7,no
2155,27,3675,2,no
37468,47,409,2,no
30313,41,13874,1,no
7260,23,8254,3,no
44618,31,18,1,no
31161,35,2823,1,no
18683,33,-923,9,no
27745,37,1358,1,no
31801,34,2726,1,no
33774,52,5193,2,no
1804,55,186,1,no
8978,35,344,1,no
44111,19,372,3,yes
27445,43,1751,4,no
14215,31,505,3,no
33683,32,419,3,no
32244,58,8195,1,no
16497,56,2399,2,no
13384,41,112,1,no
21552,47,1884,2,no
38984,27,105,1,no
6031,31,823,3,no
25284,42,1673,2,no
6729,46,-619,1,no
37632,32,22,1,no
19530,34,4953,2,no
6142,53,-725,1,yes
5692,30,0,1,no
26109,35,31,3,no
26291,38,6994,2,no
12443,34,66,2,no
27410,44,16178,1,no
206,50,5699,2,no
25411,35,2019,2,no
42043,26,338,1,yes
24643,34,0,2,no
26548,33,3605,1,no
2604,39,1554,1,no
9984,41,0,2,no
18015,40,69,2,no
37991,30,378,2,yes
40975,26,611,2,no
3539,42,679,2,no
27245,49,771,2,no
31424,35,122,1,no
21655,50,-1,2,no
25530,43,186,1,no
959,38,-32,2,no
5702,39,0,1,no
15924,60,1412,4,no
16690,59,867,1,no
17390,37,1616,3,no
39550,43,79,1,yes
30308,37,2203,8,no
41162,22,4111,1,no
41358,55,1504,3,yes
2772,54,447,4,no
38501,33,309,4,no
6801,27,294,2,yes
17392,46,711,11,no
25623,32,4262,1,no
18656,36,76,5,no
22390,55,419,8,no
32847,45,396,4,no
16763,31,33,2,yes
13318,25,189,2,yes
10289,55,3664,2,no
31089,27,516,1,no
23759,58,0,9,no
8110,30,579,2,no
32281,37,504,1,no
2340,22,395,1,no
40583,50,5312,3,no
9509,40,2936,2,no
41332,72,0,1,no
31745,30,3568,1,no
12402,24,11,4,no
12845,27,-428,1,no
33905,43,279,1,no
9333,51,12,4,no
43231,64,1220,1,no
25883,32,264,1,yes
41656,35,611,2,yes
4198,27,72,1,no
14365,34,146,2,yes
29820,29,1713,2,no
34175,28,68,1,no
14551,37,0,4,no
8118,35,1098,2,no
2234,28,2845,2,no
39856,48,238,2,no
20430,30,646,2,no
39668,26,155,4,no
43244,64,588,1,yes
32269,28,94,1,no
13409,53,888,1,no
12090,53,3765,3,yes
8067,35,1825,1,no
25972,40,1759,2,no
39152,28,1609,2,no
40694,66,5464,1,no
29901,42,75,1,no
26241,46,2558,1,no
31926,41,3658,1,no
22451,55,139,2,no
43679,31,136,2,yes
38369,30,3037,5,no
21255,60,3122,12,no
1477,41,292,2,no
42608,73,1388,2,yes
5749,53,1252,1,no
9265,41,1304,3,no
11629,39,1473,4,no
41272,34,1281,1,no
4732,30,432,3,no
13106,33,621,1,no
39910,56,659,1,no
15163,41,0,11,no
7438,28,1086,2,no
28712,33,1173,3,no
51,54,1291,1,no
19985,38,523,1,no
16641,31,1224,2,yes
5013,40,0,4,no
44866,29,1055,1,yes
34461,47,3363,1,no
33930,42,1559,1,yes
20783,58,382,2,no
23798,35,56,12,no
29930,39,794,1,no
8917,28,710,2,no
8183,34,8558,2,no
21143,34,3031,6,no
42232,28,805,5,no
27382,48,0,2,no
30604,52,0,4,no
32430,38,1617,1,no
39680,30,1027,2,no
32683,54,426,2,no
40556,22,185,1,yes
20502,35,77,4,no
21789,43,101,3,no
9219,37,0,13,no
1211,55,325,1,no
14609,36,854,6,no
26695,59,2467,2,no
33259,25,147,2,no
10978,36,251,6,no
19583,50,423,4,no
41593,40,1819,1,no
4225,41,262,1,no
30529,59,0,2,no
25100,41,0,1,no
18259,44,670,6,no
12632,29,-102,1,no
38840,32,477,6,no
43196,29,7585,2,yes
25824,37,1784,5,no
9013,58,590,1,no
41258,77,680,3,no
4829,38,620,1,no
4261,60,148,1,no
5028,38,126,2,no
13085,29,1274,1,no
36821,48,574,2,no
18792,33,-75,8,no
20194,34,1763,2,no
24968,52,54,1,no
14621,47,0,1,no
15994,36,322,1,no
35633,57,52,3,no
6452,44,51,2,yes
9361,39,0,1,no
33034,37,6889,2,no
11141,42,1279,4,no
28869,53,2336,2,no
21111,43,2616,5,no
35570,32,626,2,no
43389,27,1393,1,no
43975,75,468,1,no
11871,38,9669,3,no
13647,26,818,2,no
40326,49,4200,2,no
13252,59,439,1,no
9158,40,743,2,no
7111,21,1903,2,no
41191,51,1797,1,no
1224,26,20,1,no
42621,34,15,1,yes
3626,34,452,3,no
40269,55,4577,1,no
38795,34,428,2,no
40449,34,0,1,no
9786,53,443,1,no
3361,41,6526,3,no
39726,39,437,2,no
10734,51,108,2,no
15366,30,501,1,no
30873,37,408,9,no
18667,54,198,3,no
44257,27,2855,2,yes
17315,51,224,5,no
23637,60,1690,11,no
23032,42,154,10,no
16911,27,41,1,no
11202,36,755,1,no
44837,33,-195,1,no
34657,38,0,2,no
33620,51,563,6,no
16147,52,-588,4,no
14306,30,635,2,no
983,33,188,3,no
5024,25,491,1,no
28119,35,0,3,no
24931,35,2732,1,no
8728,34,258,2,no
36807,30,249,1,no
24920,43,764,5,no
35072,35,343,2,no
35573,43,146,3,no
24508,52,0,2,no
4753,31,1025,3,no
44732,60,957,1,yes
37105,55,2171,5,no
25283,44,-236,2,no
26229,33,4902,1,no
43066,28,154,2,yes
13343,34,567,3,no
26041,52,1648,3,no
28824,38,451,1,no
44241,35,-17,1,no
19948,34,5266,4,no
29416,33,312,8,no
8261,54,277,3,no
39874,59,2026,1,no
40267,26,617,1,no
8396,51,1355,1,no
21850,57,0,4,no
15232,59,-365,11,no
26511,56,1803,2,no
37939,31,150,2,no
2417,31,2363,1,no
19741,30,0,3,no
21243,31,63,7,no
34235,60,316,2,yes
15094,30,931,1,no
34894,34,0,1,yes
415,36,1169,2,no
10442,36,-85,2,no
17550,28,1154,3,no
24134,43,94,1,no
4672,36,5436,1,no
10030,44,3295,4,no
10811,53,1296,1,no
10971,40,106,2,yes
42453,24,1847,1,no
515,50,1716,1,no
16434,32,458,2,no
34721,37,0,8,no
23550,31,60,2,no
14243,25,-41,2,no
44852,60,3735,1,yes
30053,39,3045,2,no
42035,57,2326,1,yes
2123,48,602,1,no
23056,42,145,2,no
33442,48,1060,2,no
32677,36,275,1,no
9587,29,87,3,no
8412,42,-129,1,no
35095,26,47,4,no
14920,39,0,6,no
35102,38,435,4,no
2861,47,1294,2,no
29358,51,2095,4,no
4324,44,177,4,no
12322,32,328,1,no
34980,32,-92,1,no
29674,36,58,2,no
44441,38,115,3,no
5862,39,116,3,no
34314,32,3271,3,yes
7900,29,193,2,no
12246,49,4846,9,no
28275,40,1361,1,yes
24876,56,664,1,no
11644,37,1818,11,no
30516,33,377,2,no
28570,53,127,2,no
36518,54,87,8,no
9750,35,2308,1,no
9339,39,0,1,no
27680,36,515,7,no
32495,42,1118,1,no
13892,29,1186,1,no
19921,32,4843,4,no
40920,46,0,1,no
26246,31,3364,1,no
7661,43,1440,1,no
27023,36,289,4,no
2631,26,1531,4,no
30887,31,1815,1,yes
18992,49,5673,3,no
14499,35,-870,4,no
5949,46,626,2,no
38292,31,360,1,no
36191,34,1611,2,no
40191,36,64,2,no
28053,46,1227,3,no
9544,44,9192,3,no
10350,36,409,1,no
8952,29,-167,1,no
40569,34,5973,3,no
26147,58,50,7,no
12812,45,-57,1,no
1666,30,1,1,no
22270,31,351,3,no
15205,54,1298,4,no
39939,39,3797,2,no
27942,37,857,1,no
11007,37,9,6,no
18082,54,114,3,yes
5151,31,-194,2,no
22136,36,1130,8,no
32252,38,290,1,no
39526,32,705,2,yes
44795,88,433,1,no
9259,53,12,2,no
38671,30,220,3,no
1990,32,312,2,no
31783,55,12159,5,no
21654,40,119,2,no
13213,35,790,1,no
14827,56,14,1,no
13024,50,5,1,no
30352,34,309,1,yes
2440,45,4646,1,no
32390,37,0,2,no
20462,32,100,2,no
2419,51,205,1,no
39331,24,508,3,no
19764,33,0,2,no
778,45,103,4,no
27359,33,87,4,no
8173,38,577,2,no
22179,48,91,8,no
11410,42,692,1,no
3935,49,495,5,no
14644,51,65,1,yes
41085,36,1228,2,no
35494,41,424,5,no
18424,49,1629,2,no
18745,49,371,44,no
10732,36,736,2,no
21664,57,114,2,no
26522,47,5041,1,no
44175,30,180,1,no
18349,51,3404,7,no
8658,37,1345,2,no
5016,35,1,1,no
17685,38,1283,6,no
37404,31,2194,2,no
27249,54,4503,3,no
23054,37,9,2,no
26429,31,54,1,no
8800,33,355,3,no
20360,53,2639,4,no
43610,60,5,1,yes
37646,28,3,1,no
38860,35,1312,1,no
30479,39,2976,12,no
38583,41,90,2,no
38577,34,-184,3,no
2453,46,1934,1,no
7399,31,3283,5,no
11480,41,1,1,no
41426,55,2587,2,yes
23321,42,105,4,no
4319,36,141,5,no
43267,70,647,1,no
26334,52,6909,1,no
3365,53,4928,7,no
3820,37,49,2,yes
27947,35,4213,1,no
33158,41,1334,5,no
41412,32,995,1,yes
43799,29,459,1,no
24160,28,160,1,yes
36959,40,332,2,no
13290,39,7711,1,no
33850,68,20723,2,no
32750,38,2273,1,no
5065,35,1631,2,no
33591,57,2087,4,no
19606,50,152,4,no
19529,50,-54,2,no
2047,57,106,4,no
29843,51,371,1,no
15908,44,6393,20,no
16362,45,308,2,no
35247,24,6837,1,no
31787,34,3404,1,no
6328,36,0,2,no
41245,44,21,2,no
24841,44,0,1,no
8090,33,0,1,no
30203,33,741,1,no
6124,48,653,1,no
33922,44,1529,1,yes
41609,70,44,2,yes
9624,25,2704,3,no
29485,43,177,1,no
4117,27,374,2,no
11252,41,707,1,yes
28097,32,197,3,no
38440,41,2002,2,no
21416,61,985,6,yes
17821,45,219,8,no
32663,29,580,2,yes
22154,53,144,4,no
28156,28,1638,1,no
23897,33,22,2,no
17928,47,192,6,no
40797,24,2376,1,no
7384,41,-252,5,no
13443,56,787,1,no
38929,32,-770,1,yes
13748,40,540,1,no
21270,36,110,4,no
10004,38,272,2,no
20065,34,1433,3,no
12177,39,122,5,no
41725,60,197,1,no
33483,46,0,2,no
18474,45,16,2,no
24068,31,7424,1,no
15846,48,101,3,no
21507,56,0,15,no
6016,32,5151,4,no
21107,48,4558,2,no
6648,26,755,1,no
32904,30,-280,2,no
25404,34,577,1,no
28240,32,540,1,yes
24624,41,271,2,no
28646,27,223,2,no
12400,52,2430,3,no
19975,47,11,4,no
5177,53,1023,3,no
27730,59,2143,1,no
17402,31,456,11,no
13978,37,54,1,no
6591,53,49,1,no
39285,24,-398,3,no
41477,35,44,2,no
21171,35,-547,2,no
39227,30,1814,4,no
10141,42,1202,1,no
35953,48,443,2,no
1293,41,2398,2,no
12696,43,-313,4,no
9603,48,927,6,no
12920,54,0,1,no
25102,35,1854,2,no
3976,44,696,3,no
24773,57,2101,5,no
1120,39,0,1,no
34997,26,191,1,yes
27907,52,337,1,no
23734,48,81,9,no
38926,32,687,1,no
42996,76,3324,1,yes
9180,44,588,2,no
4863,35,6659,1,no
28981,36,-206,1,no
10149,40,6,1,no
33186,33,4136,5,no
9781,52,3899,1,no
16026,53,0,1,no
34108,34,0,1,yes
30636,44,837,1,no
1179,25,1348,1,no
43789,59,1727,4,yes
35004,49,6882,2,no
41084,39,942,3,yes
10281,45,3370,3,no
8480,32,12686,1,no
31298,34,4447,2,no
33510,33,-267,3,yes
42395,44,18881,2,no
26353,34,7602,1,no
39717,32,4339,2,no
38404,42,505,1,no
5838,26,-330,2,no
17830,54,3067,3,no
30185,41,4,1,no
20849,52,9139,2,no
7109,36,0,1,no
38538,59,671,2,no
43671,44,618,1,yes
286,33,352,2,no
24372,53,1661,1,no
17806,48,1850,1,no
41891,54,831,3,no
34683,42,2152,2,no
25409,48,214,1,no
24501,45,3150,2,no
38773,27,504,5,no
17853,56,1316,5,no
8742,41,-22,2,no
34698,41,440,1,no
42327,40,764,1,yes
26139,52,8979,3,no
523,52,484,1,no
19837,52,331,4,no
3049,51,111,1,no
38986,38,-38,4,no
16779,33,640,1,no
11946,41,0,3,no
39202,28,224,2,no
37769,32,-103,1,no
4047,58,331,4,no
701,24,77,2,no
37231,37,1852,2,no
27029,30,495,1,yes
37150,25,1,5,no
1980,50,3284,3,no
26440,55,9774,1,no
2068,43,210,5,no
35514,51,1854,3,no
40265,59,259,1,yes
16013,32,0,2,no
37586,55,203,5,no
10077,43,0,1,no
17677,54,136,2,no
29434,43,21,3,no
38779,37,481,8,no
43150,22,948,1,yes
22278,33,206,3,no
5920,50,517,2,no
23542,31,23,2,no
3062,40,2610,3,no
17541,59,0,3,no
42826,77,7802,2,yes
7351,43,3350,1,no
35786,39,-196,2,no
4692,27,89,5,no
3284,41,957,4,no
21839,52,-33,2,no
44144,72,2321,6,no
23551,45,751,4,no
2920,40,2540,1,no
17069,27,5505,1,no
39410,54,511,2,no
43394,84,81204,1,yes
11085,52,424,3,no
1694,37,378,1,no
22736,30,171,4,no
14555,44,100,4,no
30405,47,947,2,no
36017,46,1807,3,no
39180,38,2368,3,no
28101,53,8,3,no
2756,29,23,4,no
12649,45,8,1,no
27703,38,-17,4,no
21022,44,624,2,yes
8879,53,579,7,no
2965,56,881,2,no
24926,31,482,1,no
22647,31,1385,8,no
2847,59,2516,1,no
3756,43,6,1,no
7058,45,25,4,no
17389,30,253,4,no
39731,34,8000,2,no
23140,34,479,2,no
23685,53,15,5,no
8955,43,350,1,no
22355,41,965,10,yes
13646,31,-147,2,no
5231,34,0,1,no
39818,48,3842,2,yes
20406,50,3656,2,no
10935,44,711,1,no
31091,21,2265,2,yes
22864,56,17,5,no
23413,31,137,14,no
40111,50,431,2,no
30856,27,556,7,no
34124,55,139,1,yes
22709,47,52,5,no
33113,31,1742,1,no
42188,42,2816,2,yes
42031,64,4787,1,yes
29312,34,4,2,no
16755,30,78,1,no
9496,44,259,2,no
7594,39,1034,1,no
18867,42,255,2,no
27518,31,0,2,no
9894,36,284,1,no
25533,38,2600,1,no
7083,34,34,3,no
1374,48,448,1,no
24080,51,5254,1,yes
33852,31,608,2,no
11522,28,237,7,no
24511,50,830,1,no
36626,37,103,1,no
38692,46,494,3,no
29928,45,1778,1,no
28135,33,118,1,no
29905,38,814,1,no
23531,37,236,2,no
427,39,1142,1,no
19436,41,-832,5,no
15983,42,1336,1,no
13756,47,894,1,no
9614,58,1873,2,no
29847,31,168,2,yes
153,40,-4,1,no
340,32,121,2,no
19865,47,17,2,no
38768,28,788,14,no
36131,45,839,1,no
37272,35,143,1,no
724,28,251,2,no
43325,59,2126,1,no
45068,52,335,1,yes
8834,32,253,3,no
9413,46,0,1,no
32983,40,643,2,no
19897,31,9506,2,no
19482,43,1663,2,no
10979,39,1317,4,no
3650,41,480,2,no
34608,30,280,3,no
27550,37,363,4,no
41832,54,1311,3,yes
1859,41,442,2,no
19344,49,0,2,no
35328,33,399,1,no
26916,53,0,6,no
130,55,2476,1,yes
3664,39,186,3,no
24978,55,1174,1,no
42511,67,258,1,no
5351,30,253,2,no
28367,34,381,1,no
35069,34,0,4,no
30763,35,2158,2,no
4790,39,4025,1,no
3195,48,2235,2,no
33854,34,640,2,yes
26244,42,0,2,no
11510,47,5735,4,no
15507,31,212,3,no
34716,37,597,1,no
17170,47,0,3,no
30458,35,137,4,no
39992,33,1268,1,no
14397,43,408,8,no
13150,33,1248,1,no
21145,36,2195,4,no
42813,48,866,2,no
1236,37,134,1,no
3404,42,1146,2,no
37534,30,2,8,no
25601,34,1,1,no
16666,32,401,1,no
19654,58,225,6,no
2503,43,4478,1,no
1654,34,33,1,no
42991,75,37127,1,no
22870,47,259,5,no
5023,31,1755,2,no
21944,45,638,9,no
5243,30,435,1,no
42880,37,115,1,no
9819,56,819,1,no
9821,55,8592,1,no
44948,55,0,1,no
26862,35,3831,2,no
9458,26,1417,3,no
31632,41,523,3,no
22671,47,1083,4,no
16993,33,-319,1,no
20862,52,556,6,no
676,38,389,1,no
20,33,0,1,no
34392,59,514,6,yes
32006,44,1367,3,yes
23730,44,278,4,no
17597,29,7,5,no
1644,29,0,1,no
16278,28,2938,2,no
38731,38,157,11,no
41114,45,982,2,no
19906,45,2406,2,no
19988,57,1963,3,no
2488,48,618,1,no
15991,27,-790,4,no
25829,30,538,1,no
2828,47,4151,1,no
24943,56,-346,1,no
16129,44,722,2,no
23772,36,34,1,no
44108,38,2656,2,no
33991,30,1185,1,no
30798,57,1532,3,no
13069,30,0,1,no
7116,39,1,1,no
31867,48,507,1,no
27526,55,1937,3,no
38665,40,269,8,no
12008,31,356,5,no
9960,35,-521,2,no
6060,30,108,8,no
38458,33,2411,1,no
10159,41,1179,4,no
36513,39,2783,2,no
44931,34,239,1,no
2479,41,225,1,no
3801,25,1400,1,no
41108,36,1189,1,yes
6901,27,1995,2,no
44983,46,171,1,no
24085,49,10250,1,yes
35074,32,-6,2,no
34472,32,12,1,no
24344,34,1265,1,no
18699,39,2,29,no
38050,47,355,3,no
32943,34,1806,2,no
7895,32,501,5,no
7649,32,315,2,no
43937,38,2946,3,yes
11274,37,523,2,no
42225,44,1070,1,yes
39830,55,16873,2,no
24891,57,1681,1,no
1984,32,-89,2,no
39966,59,2632,1,no
6168,46,-371,1,no
35093,38,427,3,no
44612,55,1212,1,no
10349,40,2082,1,no
32290,32,1078,1,no
25657,57,2762,1,no
34101,58,3585,1,no
26237,39,5549,1,no
8850,48,2330,1,no
28721,29,202,2,no
44006,38,623,4,yes
752,54,254,2,no
10274,37,1706,3,no
25899,46,1410,1,no
33047,31,1970,3,no
29598,27,1,2,no
43302,41,6046,6,yes
44616,34,625,1,yes
41036,37,775,2,yes
33844,47,0,2,no
12836,35,0,11,no
38336,29,213,1,no
11603,47,4923,3,no
22540,43,4990,10,no
32993,32,298,2,no
23109,57,1113,20,no
2087,35,247,2,no
35529,41,348,2,no
8595,42,461,1,no
11845,39,80,2,no
32656,37,-90,2,no
19187,34,218,2,no
23443,47,65,8,no
7932,35,1609,3,no
37251,32,398,1,yes
32784,34,678,1,no
38225,24,145,1,no
25330,53,952,3,no
22843,57,49,4,no
12865,35,25,1,no
22051,46,123,3,no
42679,39,2939,2,yes
2365,42,-1664,1,no
48,44,0,2,no
28450,33,484,1,no
2830,33,261,1,no
14719,45,-183,4,no
2501,50,5356,1,no
15953,30,44,1,no
40157,59,0,1,no
14575,42,843,3,no
42126,44,205,1,yes
11453,36,1437,2,no
45196,68,1146,1,yes
38191,48,-13,6,no
15785,57,687,3,no
35397,35,2227,1,no
11338,36,946,3,no
26521,31,16,1,no
21931,43,2,2,no
27187,45,2220,1,no
19674,41,0,1,no
44504,38,2543,1,yes
22344,30,0,2,no
14768,51,-11,4,no
21140,32,-1,6,no
6500,39,-342,2,no
41663,36,39385,1,no
32045,36,4394,1,no
38674,41,5745,3,no
19036,40,39,2,no
8753,51,1446,7,no
16184,61,479,5,no
21208,46,456,6,yes
33664,50,3924,2,no
2447,42,476,1,no
22649,60,0,2,no
31058,72,0,1,yes
43876,56,699,1,no
39334,32,518,7,no
36613,31,17,1,no
34261,31,6495,2,no
28358,39,1281,1,no
16803,39,434,6,no
11124,37,223,10,no
17598,47,917,2,no
19930,57,815,2,no
22495,30,696,4,no
7161,50,6174,1,no
44407,63,3904,2,yes
37023,25,0,9,no
11633,38,1686,28,no
18884,34,164,2,no
36892,49,108,2,no
8099,33,3868,1,no
10109,60,3538,1,no
25349,35,0,4,no
15637,37,167,3,no
37236,37,2610,1,no
12607,42,1156,1,no
27117,51,330,3,no
34412,27,-289,5,no
15465,33,1393,3,yes
2913,34,9,2,no
7128,37,34,1,no
6370,53,1555,2,no
17423,34,2683,2,no
24316,50,246,1,no
1736,31,-346,1,no
31966,43,59,3,no
17535,59,-1246,2,no
14228,39,-810,2,no
18940,41,260,1,no
42158,31,220,2,no
14953,32,-138,2,no
14667,38,0,7,no
7390,43,747,2,no
25306,30,0,2,no
41795,63,1084,1,no
43909,58,256,1,no
22121,30,-123,2,no
36836,59,1575,3,no
40340,34,443,3,yes
41216,60,211,1,no
28627,32,316,3,no
1026,39,356,1,no
8884,27,373,1,no
42937,22,216,1,yes
16071,36,189,1,no
15202,30,135,5,no
34103,25,436,2,no
13369,38,618,1,no
39338,30,1837,2,no
8339,39,13,4,no
26721,31,-212,4,no
40877,57,2223,1,yes
42921,34,1221,2,no
16626,38,-255,1,no
37211,45,2523,4,no
11788,49,923,2,no
32138,31,1131,1,no
8549,48,3778,6,no
39110,45,382,1,no
17339,60,-361,6,no
18080,41,779,10,no
1953,32,150,4,no
41346,36,490,8,yes
38900,33,2557,1,no
17979,39,1014,4,no
35601,27,-584,2,no
28833,56,314,2,no
1985,28,244,3,no
35562,29,0,2,no
15319,32,454,1,yes
28696,28,242,1,no
10873,51,1869,3,no
25421,45,17,1,no
17427,29,417,11,no
41066,37,444,1,yes
37681,37,9,1,no
41354,27,118,3,yes
1784,48,149,1,no
63,57,249,1,no
16385,54,0,1,no
38241,28,-42,1,no
39208,29,219,2,no
3463,43,8016,3,no
17761,30,7,4,no
29994,33,138,2,no
36672,34,-53,2,no
15698,35,0,4,no
32791,37,395,2,no
18529,36,3770,4,no
5463,37,510,6,no
5853,35,690,3,no
16309,29,721,1,no
3666,39,880,1,no
41359,41,285,4,no
34183,45,10252,2,yes
16990,27,139,3,no
15680,38,0,1,no
31457,29,250,2,no
29550,29,877,3,no
2272,38,332,4,no
18263,46,5681,5,no
11080,49,662,2,no
28950,59,979,1,no
15874,36,1654,2,no
36973,41,1356,2,no
34926,32,-206,1,no
32261,39,200,1,no
42963,39,172,2,yes
24658,44,3684,3,no
11727,53,1777,1,no
33939,37,1330,1,yes
30416,49,1,1,no
14013,50,4,5,no
33787,39,732,4,yes
24965,40,3185,1,no
37101,58,6004,1,no
6544,29,2597,3,no
23909,49,146,2,no
4222,41,0,1,no
26142,38,2,2,no
1942,47,77,4,no
29191,41,437,1,no
12394,34,2019,1,no
5910,48,1492,2,no
8328,23,27,2,no
3450,39,9541,1,no
25909,33,2293,2,no
5893,31,-68,4,no
31869,30,3286,1,yes
39326,37,176,2,no
16425,53,2156,4,no
40366,43,0,3,no
21588,34,0,2,no
1947,48,244,1,no
32171,59,3302,2,no
22956,51,19,10,no
13183,28,3694,2,no
29640,52,411,3,no
14715,36,3420,2,no
20911,40,823,4,no
17935,57,11254,2,no
414,48,182,2,no
44926,21,519,1,no
9368,50,1743,5,no
25029,46,1758,1,no
20312,30,1191,4,no
15692,27,202,1,no
36649,37,1573,3,no
20339,37,825,5,no
4882,30,453,2,no
21723,46,167,3,no
8465,35,412,1,no
14863,31,85,1,no
7386,50,429,2,no
37358,35,1396,1,yes
42194,76,2302,2,no
31643,35,694,1,no
41309,26,97,1,no
7797,31,453,3,no
32751,40,572,1,no
20682,30,4210,4,yes
26091,31,8436,2,no
2289,31,520,7,no
35211,40,4,2,no
31105,57,403,2,no
6302,34,0,2,no
13497,29,492,1,no
37278,35,450,1,no
21706,33,2666,3,no
33091,28,1021,2,no
42028,75,4984,1,yes
27815,52,425,2,no
17372,27,3305,3,no
8054,31,859,1,no
17908,44,4425,2,no
9764,46,154,1,no
31492,38,2422,2,no
20354,56,476,7,no
32651,43,316,1,no
29912,45,274,1,no
29454,34,-142,3,no
19019,53,-8,1,yes
45035,33,718,1,no
2119,25,641,1,no
35896,44,293,2,no
19982,39,316,1,no
14072,34,9,2,no
34822,28,123,1,no
1131,43,2527,4,no
44088,60,259,1,yes
35383,51,1703,1,no
40691,46,4693,1,yes
17801,32,-252,4,no
22234,34,0,2,no
32610,33,264,1,no
1622,35,19,2,no
5398,30,2,3,no
11720,38,0,1,no
18225,37,869,8,no
5442,35,30,1,no
37025,32,944,2,no
7178,32,118,10,no
31317,65,715,1,yes
11724,47,194,2,no
24669,40,1565,2,no
27572,38,2767,2,no
22004,37,198,5,no
43278,64,43,1,no
11491,51,4711,1,no
31413,29,201,12,no
1487,35,433,2,no
5621,49,1878,11,no
15065,56,0,1,no
20908,43,1201,3,no
22967,33,659,2,no
1239,24,620,1,no
29330,31,0,2,no
26990,37,-499,3,no
9910,52,-9,1,no
6110,29,1016,1,no
36284,32,-15,3,no
42415,31,988,5,no
32517,44,788,1,no
15584,56,21,3,no
38323,56,276,1,no
6125,28,737,1,no
11541,46,63,1,no
37669,55,8180,2,yes
4929,37,405,2,no
37215,32,396,4,no
40223,25,3630,7,yes
25401,33,2206,1,no
25535,52,424,1,no
42803,28,261,3,yes
42742,36,6,1,no
35173,29,504,1,no
8615,37,2236,2,no
34399,35,62,4,no
12417,49,2169,3,no
42296,64,679,1,yes
6968,38,-1350,4,no
5247,32,1261,1,no
6660,30,419,1,no
44517,70,324,1,yes
37640,46,225,1,no
33503,39,2357,3,no
17934,42,-269,6,no
12304,56,594,1,no
8676,28,228,9,no
28423,27,954,1,no
16458,53,6388,2,no
17700,54,244,2,no
15304,34,1602,2,no
8002,52,0,1,no
32157,38,1344,2,no
6077,47,-1379,3,no
35916,44,1248,3,no
27950,28,4465,1,yes
21326,47,1219,4,yes
6468,41,725,3,no
34877,32,509,1,no
8331,51,0,5,no
14685,39,5009,2,no
9561,48,2803,24,no
22966,39,0,2,no
6244,35,21,1,no
40946,61,1471,2,no
15325,48,192,1,no
38251,30,-228,1,no
26153,35,867,2,no
23486,34,473,11,no
27993,41,1508,2,no
10961,41,402,17,no
29669,49,780,5,no
5617,58,5505,4,no
19336,37,566,2,no
32820,59,6290,4,no
39584,48,17964,2,yes
13496,34,0,1,no
30435,40,367,1,no
24513,51,1357,3,no
41079,32,2976,5,no
43425,33,718,1,yes
17753,41,295,1,no
16975,34,675,2,no
2750,38,547,4,no
25017,38,706,2,no
30957,45,4365,2,no
18945,45,2834,1,no
6106,35,4038,6,no
29359,27,24,2,no
24698,40,1269,1,no
27186,53,352,1,no
39657,50,843,3,no
24586,53,38,1,no
24120,41,523,1,no
2803,54,1288,1,no
33556,35,353,3,no
38223,35,712,1,no
38615,31,1803,8,no
18439,41,2053,4,no
14879,60,646,2,no
14961,28,61,8,no
21108,38,-498,6,no
25907,31,203,1,no
21472,55,549,5,no
33392,39,1457,1,no
9602,52,-38,1,no
12937,31,1598,33,no
27479,58,50,4,no
17655,46,1148,2,no
32104,39,-145,4,no
21237,48,4,4,no
26268,33,3071,2,no
26205,53,7,1,no
33199,30,1473,1,no
40246,50,1612,2,yes
15016,52,10,3,no
26248,31,5972,1,no
24299,55,2410,1,no
31658,40,462,1,no
8749,22,7982,1,no
33954,30,398,1,yes
933,40,-94,1,no
11167,42,197,1,no
10405,50,1347,1,no
33242,48,0,2,no
31010,47,292,1,yes
30511,44,184,3,no
37916,34,626,2,no
15601,42,0,2,no
38184,49,400,1,no
23217,47,1647,13,no
42293,58,169,1,yes
19962,38,5244,4,no
25785,45,0,2,no
43365,30,2994,1,no
34142,36,2957,2,no
30382,35,186,2,no
30102,38,599,2,no
31451,24,753,15,no
33601,43,590,2,no
28801,40,1554,1,no
11027,36,3649,2,no
25667,31,14,1,no
19505,33,595,2,no
35067,30,1282,3,no
11066,42,46,6,no
15797,49,-888,1,no
2675,59,559,2,no
20182,33,0,2,no
9726,45,1603,2,no
36504,33,310,2,no
25988,32,2515,2,no
12671,37,380,2,no
21384,39,3913,4,no
41022,36,376,1,yes
27191,40,-605,1,no
18999,40,348,2,no
38625,44,-1313,10,no
14835,39,0,9,no
2637,31,413,1,no
59,40,24,1,no
474,39,983,1,no
10857,38,505,2,no
35246,34,-38,1,no
40552,59,281,2,no
24062,32,8749,1,yes
5439,32,0,3,no
5991,23,-213,2,no
36103,31,147,5,no
15334,44,427,1,no
35863,36,0,1,no
44339,61,264,1,yes
21748,39,218,9,no
43343,27,6791,2,no
9974,39,7783,2,no
12560,51,-800,1,no
9741,37,351,1,no
36697,52,3029,2,no
16445,48,329,1,no
6958,34,6,2,no
43203,47,0,2,no
1294,30,31,1,no
29952,54,7249,2,no
4897,33,1624,2,no
31439,49,255,6,no
16374,27,0,3,no
44508,46,0,1,no
39632,21,164,1,no
30818,40,108,6,no
5167,31,1138,3,no
15303,32,280,4,no
22722,33,2054,6,yes
14031,38,50,2,no
42401,53,980,1,yes
30622,36,0,1,no
35732,47,296,1,no
12399,56,0,2,no
18183,30,285,11,no
15495,26,0,2,no
41956,33,2411,1,yes
18152,39,3972,3,no
42593,29,814,1,no
25158,48,648,1,no
5280,32,11315,1,no
22345,33,1109,2,no
31017,61,1257,1,yes
40572,75,26452,2,no
36893,41,124,3,no
34677,36,103,2,no
44748,24,834,1,yes
35224,30,222,1,no
37561,30,348,3,no
5251,30,184,1,no
40236,30,523,3,no
5525,60,-46,2,no
17045,28,633,1,no
28218,41,1322,1,no
18002,44,-4,2,yes
16012,26,7,2,no
8586,54,559,6,no
7018,31,439,4,no
14981,31,-1038,2,no
26505,53,421,1,yes
11331,37,1104,8,no
22829,56,154,6,no
27804,30,1309,1,yes
6267,44,-88,2,no
1003,30,660,2,no
13350,28,-469,3,no
26235,35,935,1,no
39353,43,519,6,no
31554,46,854,3,no
42761,44,2403,2,no
33927,48,11371,1,no
6724,32,-648,2,no
10146,46,379,2,no
9918,60,2261,1,no
12344,51,0,3,no
42722,63,2716,1,no
39157,40,220,2,no
31651,40,754,1,yes
25963,34,899,3,no
38556,57,225,7,no
14324,27,-238,4,no
40050,50,810,3,yes
39377,33,81,1,no
42195,67,405,2,yes
27239,43,437,1,no
38619,49,3309,2,no
39914,49,7019,1,yes
22718,34,545,4,no
35315,37,2469,1,no
14854,31,256,2,yes
4683,39,1022,2,yes
15222,56,864,6,no
28916,32,71,1,no
11387,45,3626,2,no
5934,31,-502,2,no
44445,56,2037,1,yes
2954,31,6943,1,no
44520,51,346,1,yes
21624,55,17,4,no
23341,34,0,7,no
2738,27,362,2,no
42678,60,979,3,yes
28822,28,2992,4,no
26887,40,3430,3,no
16286,36,328,1,no
41099,27,1123,1,no
8292,35,2387,2,no
28335,35,175,1,no
28214,59,1245,1,no
34853,34,134,1,no
3040,57,629,2,no
36372,39,626,2,no
19242,43,1304,2,yes
4437,53,574,2,no
5107,32,644,1,no
21054,35,331,2,yes
23844,59,374,2,no
27042,42,215,1,no
34187,36,1228,3,yes
23119,31,25,16,no
26419,34,4223,1,no
8130,42,-755,1,no
37238,48,-85,1,no
654,39,104,1,no
33486,34,375,1,no
30716,50,86,8,no
38584,34,393,2,no
21010,34,-14,2,no
16149,28,143,13,no
33232,31,635,1,no
24799,44,2126,1,no
3546,50,395,2,no
31135,51,117,2,yes
14097,57,2518,2,no
17098,27,15,3,no
34641,43,122,2,no
44328,64,1574,3,yes
26821,38,1906,2,no
37264,29,69,4,no
35975,36,0,2,no
32342,42,8238,2,no
9763,51,-467,5,no
33092,30,161,3,no
10474,37,1053,3,no
22517,32,17,4,no
36408,34,174,4,no
2822,41,1618,1,yes
18406,41,4900,2,no
14089,58,342,2,no
42385,66,2149,6,no
27189,35,-31,2,no
22986,45,0,2,no
2165,37,115,1,no
31357,31,115,1,yes
5281,31,1273,1,no
22483,52,2944,18,no
42887,30,4,2,no
18941,46,3009,2,no
35194,29,422,1,no
28184,37,345,1,no
7090,48,48,1,no
28030,48,769,2,no
5239,33,1138,1,no
19729,37,171,3,no
9095,51,1,1,no
15569,58,64,2,no
17898,44,0,2,yes
16566,51,29,1,no
35715,38,350,1,no
43455,31,1229,1,yes
17138,60,90,3,no
1854,43,36,2,no
45188,32,1168,1,yes
2164,40,888,2,no
4364,52,2231,4,no
39406,33,86,1,no
1251,50,40,1,no
19209,33,2727,3,no
43870,39,70,2,no
10919,43,103,2,no
8819,22,967,1,no
10070,53,1846,1,no
3967,58,886,4,no
34818,32,1137,1,no
36468,41,0,3,no
16262,60,0,1,no
10119,54,4789,1,no
7142,41,262,1,no
4984,31,1410,1,no
36280,53,-102,2,no
16140,37,2991,3,no
28331,43,2940,1,no
24466,51,17092,1,no
21873,56,374,4,no
44110,79,2628,7,no
36605,50,289,5,no
3657,50,1332,3,no
14786,51,34,2,no
40164,31,924,2,yes
37831,36,779,1,no
35256,40,178,1,no
1562,43,177,3,no
22294,41,0,11,no
40230,30,27,2,no
8986,33,1240,2,no
5092,46,-867,5,no
39626,36,635,1,no
40508,31,132,1,no
34115,49,298,2,no
9134,53,3107,1,no
6967,57,327,2,no
26762,56,1448,1,no
25278,57,380,2,no
43479,26,1066,1,yes
21315,45,4112,13,no
20242,47,4040,5,no
32857,37,982,1,no
2927,57,6874,1,no
33947,26,168,1,yes
24949,45,5862,1,no
13386,53,673,1,no
16633,31,0,1,no
8963,52,531,1,no
44608,34,4659,1,no
3409,30,124,4,no
23012,56,272,2,no
34760,23,589,1,no
4000,30,863,5,yes
33263,70,2575,2,yes
32837,35,528,1,no
34107,30,766,1,no
29611,69,2713,1,no
939,27,134,3,no
26663,43,0,2,no
44650,27,321,1,no
33446,34,0,3,no
13602,49,0,1,no
29977,31,301,1,no
2242,32,-18,3,no
4311,28,-134,2,no
26720,40,3765,2,no
2590,31,-745,1,no
29999,40,1142,1,no
31583,57,211,2,no
40165,34,657,2,no
5147,31,0,9,no
12720,38,1444,2,no
42397,32,84,1,no
6299,39,459,2,no
41989,46,311,1,no
34313,34,308,4,no
13228,54,175,1,no
40923,44,163,1,no
10200,59,7049,2,no
44957,29,687,2,no
42503,81,452,1,yes
42413,42,2913,2,no
4722,31,1097,3,no
16067,35,162,2,no
40266,25,266,1,no
459,33,-60,1,no
29535,51,377,4,no
12768,37,343,7,no
29836,32,4,2,no
2556,29,17,2,no
11790,55,5,1,no
29443,48,197,2,no
39481,56,281,1,no
37599,37,2139,3,no
44819,37,529,1,no
25461,44,1206,3,no
22143,32,0,2,no
9232,33,113,11,no
11090,46,-1,3,no
21951,33,344,4,no
16936,30,60,2,no
4390,33,730,1,no
27022,50,4117,1,yes
15490,30,-51,4,no
2554,35,56,6,no
44586,61,681,6,no
11371,40,117,3,no
20224,34,0,2,no
10121,42,16,1,no
9865,55,229,3,no
40051,30,596,2,no
3858,32,100,2,no
42460,80,155,2,yes
31090,82,278,7,no
24126,34,8,1,no
19862,60,2934,2,no
13483,35,218,1,no
41074,23,272,2,yes
1011,35,624,1,no
35624,37,4760,2,no
15941,25,0,1,no
5364,32,151,2,no
1506,36,70,4,no
40986,39,1301,1,no
31965,39,0,2,yes
28137,33,360,1,no
24953,45,728,1,no
22696,33,9135,4,no
5466,36,176,1,no
22927,60,17297,11,yes
44593,48,1033,1,no
33925,29,7345,1,no
35939,48,257,4,no
935,54,-932,1,no
19284,36,577,2,no
40892,37,300,1,no
34605,35,1432,3,no
37840,29,604,4,no
23582,32,0,12,no
44395,32,200,3,no
41789,36,592,2,yes
1344,49,-22,1,no
16312,25,148,1,no
8710,35,1128,1,no
24936,30,371,1,no
775,55,92,3,no
32031,25,1765,3,no
17014,47,4397,1,no
14861,57,0,1,no
25536,31,1186,1,no
3087,42,645,5,no
17533,30,1103,15,no
19339,30,1403,4,no
38510,26,255,1,no
12476,43,91,2,no
10247,52,83,29,no
27593,40,877,3,no
22982,35,7838,23,no
16855,35,0,3,no
924,30,542,2,no
23101,60,41,6,no
17749,55,2298,1,no
43114,32,324,1,yes
44318,27,204,2,yes
32980,33,745,2,no
28895,49,-969,2,no
36349,41,926,2,no
6007,24,685,3,yes
25853,44,12,2,no
44762,65,588,4,no
2505,59,-892,1,no
21149,49,301,2,no
40576,31,3,2,no
33262,28,1011,3,no
36646,30,29,1,no
8390,30,-306,1,no
29634,32,520,2,yes
39447,37,732,1,no
25745,50,3149,1,no
24971,39,585,1,no
34903,44,0,1,no
20100,32,212,2,no
28185,26,455,1,no
34413,38,859,6,no
41035,58,1227,2,no
7618,41,1455,1,no
25202,46,897,2,no
31073,67,1341,1,yes
23089,43,10,16,no
25930,46,0,1,no
13877,25,19,1,no
16561,46,0,1,no
44151,29,1579,1,yes
11504,51,1938,1,no
23660,30,167,14,no
17759,52,1452,3,no
18008,47,8226,2,no
17621,54,1390,2,no
6336,42,-437,1,no
2235,27,2420,2,no
12356,25,6100,2,no
21537,49,0,2,no
34370,31,690,4,no
34025,28,1808,1,yes
33275,46,329,1,no
39104,35,1043,1,no
2395,31,279,1,no
44919,35,318,1,no
17474,27,192,17,yes
5919,54,-800,2,no
36374,33,-530,5,no
39763,49,1808,1,yes
30838,40,100,8,no
5770,54,682,1,no
18821,39,-328,27,no
19702,45,1181,3,no
20548,45,3241,2,no
31973,30,464,1,no
16290,26,14004,1,no
22069,54,909,3,no
20131,53,657,2,no
26256,39,3655,1,no
10667,52,167,1,no
7773,45,2022,1,no
1328,37,237,1,no
11730,56,4365,1,no
6614,30,363,1,no
24181,58,4152,1,yes
22120,35,147,2,no
19470,37,649,2,no
3277,46,1480,1,no
19131,43,2169,2,no
30522,37,21,2,no
15721,40,0,4,yes
8295,31,-617,2,no
8084,32,2507,1,no
26676,59,4263,2,no
26238,30,5956,1,no
501,46,276,2,no
14973,25,195,3,no
35665,40,167,4,no
3675,58,6,1,no
2336,27,-541,1,no
35545,32,203,2,no
38975,32,-489,1,no
20250,48,113,13,no
35115,35,2953,2,no
11466,35,2808,12,no
9887,51,3982,1,no
30519,37,655,2,no
5162,49,913,3,no
4186,31,97,1,yes
5476,27,1996,1,no
21829,46,0,2,no
16240,27,2526,3,no
14811,60,686,1,no
12926,59,3372,1,no
16653,51,921,1,no
519,31,17,1,no
7160,53,451,2,no
33311,34,565,4,no
21201,51,7197,5,no
6361,33,-616,1,no
43404,54,118,1,yes
19730,50,506,4,no
26584,31,0,1,no
2359,26,54,1,no
22408,30,0,2,no
7343,48,219,4,no
25016,39,694,1,no
23374,54,124,11,no
6655,28,1996,1,no
17322,39,1439,6,no
12685,49,-157,3,yes
42112,35,5462,1,yes
26846,48,387,3,no
19844,34,1352,2,no
33517,36,340,2,no
37789,32,811,1,yes
13493,33,0,1,no
26711,49,5095,2,no
4966,32,15341,3,no
4350,28,224,5,no
11042,52,1490,4,no
39536,24,23878,1,yes
35098,31,1407,3,no
35277,34,-1490,1,no
41880,26,334,1,no
24805,34,559,1,no
33961,34,1337,1,yes
17595,26,84,3,no
11372,57,0,1,no
13074,36,68,4,no
1086,35,136,1,no
8496,30,149,2,no
17125,38,0,5,no
25980,36,1207,2,yes
6219,36,271,2,no
25237,39,0,2,no
36317,30,740,3,no
35195,25,140,1,no
15518,29,788,2,no
39714,54,55,2,no
19429,32,71,3,no
37458,34,3821,2,yes
45094,37,480,2,yes
27956,54,1279,2,no
38489,27,940,1,no
33518,35,1011,2,no
39960,27,261,4,yes
44203,38,4803,2,no
1770,36,0,1,no
30104,39,481,8,no
3709,31,144,1,yes
21261,51,2323,10,no
19173,30,552,2,no
16138,28,968,2,no
23064,38,0,4,no
7627,45,1964,1,no
43264,61,2801,1,yes
31964,44,21,3,no
1500,34,-315,2,no
19947,48,4415,6,no
23044,31,-51,2,no
43810,26,531,1,no
34367,35,2971,4,yes
27836,58,903,1,no
41664,95,0,1,no
21265,50,569,4,no
28297,44,287,1,no
21303,32,1117,4,no
1177,37,190,1,no
41250,37,165,1,no
36464,48,-551,2,no
33525,37,630,2,no
28501,27,261,2,no
33912,29,697,1,yes
1826,29,5406,2,no
27754,43,323,1,no
35456,53,162,2,no
3905,40,6110,1,no
8068,29,493,6,no
31258,32,506,2,yes
15649,33,1034,6,no
161,48,1705,1,no
30320,35,457,3,no
37295,34,1798,3,no
29179,39,-145,2,no
22062,31,1170,4,no
22151,57,96,4,yes
34283,33,661,4,no
39084,28,1080,1,no
18092,34,2892,7,no
2217,30,458,3,no
6330,31,1000,1,no
2996,51,658,1,no
28369,34,451,1,no
38873,30,120,1,no
31777,27,3687,2,no
399,34,283,1,no
39702,24,192,1,no
2945,60,3932,2,no
35155,37,1780,1,no
27372,34,2594,3,no
29975,43,6,1,no
36383,34,-333,4,no
30771,40,49,3,no
20456,49,0,2,no
42096,37,1506,3,no
40766,52,618,2,no
4017,23,105,2,no
10307,57,5305,1,no
12944,29,-305,1,no
31387,34,978,1,yes
14878,26,74,2,no
25493,35,4845,1,no
32875,45,1577,1,no
17693,29,-689,9,no
36365,42,-204,1,no
42353,23,922,1,no
13572,25,959,5,no
24411,45,597,1,no
27800,27,589,1,no
22328,47,29,8,no
6176,27,0,1,no
25761,35,304,2,no
33428,35,2179,1,no
15904,46,5169,14,no
25470,50,0,1,no
16834,48,2409,2,no
26841,51,4178,4,no
36090,54,7249,1,no
26301,57,6519,1,no
16760,29,658,1,no
40787,83,6236,1,no
15430,53,530,4,no
39901,35,269,1,no
36556,32,146,1,no
32864,47,-245,1,no
25112,34,-85,1,no
36410,37,284,5,no
6607,34,2570,3,no
9908,40,400,1,no
22906,49,338,3,no
26413,30,2766,1,no
15648,32,0,1,no
367,38,308,1,no
24192,57,0,1,no
18911,46,-48,4,no
23944,46,0,6,no
34280,36,188,3,yes
14969,59,-232,2,no
38681,38,341,3,no
30208,41,438,1,no
18275,59,201,7,no
34808,31,53,1,yes
5204,33,511,2,no
28659,39,163,2,no
4671,36,3127,2,no
42258,33,133,2,yes
5967,45,0,2,no
37838,34,28,1,no
41016,30,305,1,no
24209,40,1623,1,no
7584,40,-28,2,no
14410,35,31,3,no
5096,33,1390,1,no
18073,44,-156,2,yes
13709,49,-1965,2,no
38987,30,3410,1,no
36427,50,388,4,no
28481,40,56,1,no
20677,36,295,6,no
20999,41,1194,5,no
27463,32,73,1,no
22170,51,307,6,no
12126,38,1679,18,no
22183,52,225,2,no
13130,25,314,1,no
23534,55,1233,2,no
34110,54,1014,1,yes
2666,42,-135,11,no
35078,34,1259,2,no
41276,64,380,1,yes
16926,30,-635,1,no
21207,46,3,4,no
36924,43,555,2,no
30403,27,0,1,no
16839,25,1272,2,no
10216,49,133,6,no
2138,31,337,1,no
6959,26,-284,3,no
165,45,86,1,no
28429,53,246,2,no
23125,30,21,7,no
41778,41,2579,1,no
39658,44,2033,1,no
34248,44,4236,3,no
43984,53,960,1,no
35785,46,1098,3,no
33451,29,368,5,no
40539,79,0,1,no
1853,43,336,5,no
24676,42,1027,2,no
30943,35,-100,7,no
39742,25,7103,3,yes
3743,30,67,1,no
42868,53,6571,1,yes
16121,29,-247,1,no
10664,44,0,1,no
34044,32,4,1,no
34125,30,620,1,no
7863,40,692,3,no
44003,72,0,6,no
4788,34,0,1,no
23472,34,0,11,yes
26284,33,7,1,no
16639,30,79,1,no
26926,32,5276,1,no
34836,30,415,1,yes
25879,36,3953,1,no
4475,36,409,1,no
8262,46,-205,1,no
10612,41,1287,1,no
22435,52,994,2,no
10724,54,1156,2,no
12280,53,3815,3,no
12573,40,-313,2,no
35554,24,638,3,yes
40309,28,136,1,yes
44057,32,12569,2,yes
8767,29,708,1,no
934,39,-345,1,no
4356,40,-22,3,no
13405,60,2270,1,no
28888,53,2180,3,no
32063,65,2173,1,no
37548,37,3269,2,no
11688,36,1173,5,no
13662,32,-17,5,no
24284,33,0,1,no
16337,31,5248,1,no
32129,36,543,2,no
14532,59,1121,2,no
33191,57,-384,1,no
26586,34,5007,1,no
42768,52,659,4,yes
33004,45,349,2,no
5643,37,152,3,no
16239,46,0,1,no
15264,44,292,4,yes
22316,52,6,2,no
41070,72,614,1,no
15555,36,94,2,no
11067,29,-95,3,no
8263,29,1492,10,no
30253,44,17747,7,no
1038,60,1310,2,no
21860,50,1431,4,no
27281,48,0,2,no
4849,36,115,1,no
22381,34,36,6,no
32623,32,329,1,no
29548,26,450,1,no
19742,34,555,18,no
4416,38,419,1,no
3248,54,524,1,no
44233,45,31472,7,yes
11156,43,62,1,no
15137,37,101,1,no
37042,33,41,1,no
39352,35,719,3,yes
40801,42,94,2,yes
17337,32,273,10,no
32888,31,0,3,yes
44425,33,180,1,yes
27648,38,6742,2,no
36615,43,323,3,no
24305,47,4403,1,no
5001,32,728,1,no
36582,53,545,1,no
34440,27,-72,1,no
19479,32,1349,2,no
23916,33,335,4,no
42825,72,1285,2,no
37573,56,244,3,no
39569,45,1040,5,no
33346,35,1047,2,no
34429,47,-246,1,no
28414,59,671,2,no
27274,36,210,1,no
26863,37,1559,2,no
13192,56,307,1,no
13779,40,624,1,no
31365,30,8089,2,yes
8686,36,6290,20,no
43141,33,1852,1,no
14991,47,49,7,no
9040,44,533,1,no
13637,46,6253,1,no
42837,33,685,1,no
16209,34,246,1,no
23036,32,5167,18,no
12175,49,-190,7,no
7323,37,1731,4,no
14610,57,1275,4,no
31004,27,-172,5,no
11171,40,397,1,no
43492,31,4,2,no
41616,71,4380,1,yes
21832,51,-12,7,no
38062,32,687,3,no
28843,45,909,1,no
32003,52,543,2,no
6507,29,-105,3,no
29430,26,1720,1,no
14615,40,299,4,no
26564,38,1327,1,no
25993,37,-483,3,no
21570,57,1183,4,no
33675,27,497,2,no
8367,58,107,1,no
31976,38,1663,3,no
25910,38,190,1,yes
39301,31,342,2,no
27472,36,407,1,no
23233,48,6748,3,no
17097,32,194,2,no
3937,42,351,21,no
10177,50,0,1,no
31265,53,2693,1,yes
45170,31,2994,1,no
27424,30,618,6,no
4909,33,1630,1,no
8044,57,-1480,5,no
22724,47,1990,4,no
16689,35,1290,1,no
12704,60,-63,5,no
11751,35,165,1,no
28976,56,218,2,no
3047,47,430,1,no
22578,30,0,2,no
10255,40,316,5,no
7766,39,356,2,no
41703,45,3727,1,no
20305,35,569,3,no
39313,29,1472,2,no
44367,54,386,2,no
35720,32,259,3,no
43225,30,201,7,no
7078,46,571,1,no
22337,45,0,4,no
26417,39,3384,1,no
7891,37,157,8,no
22460,36,276,2,no
28571,30,133,2,no
19391,32,6359,1,no
42637,34,6718,4,no
24397,45,819,1,no
17336,29,553,5,no
8729,42,336,2,no
32412,42,695,2,no
17524,26,344,4,no
14802,36,64,1,no
39694,51,2239,1,no
15635,33,-12,2,no
12309,43,720,8,no
5906,33,-167,1,no
469,55,52,1,no
13013,31,2,1,no
37031,34,412,1,no
26559,32,2555,1,no
22484,58,701,4,no
15847,25,289,3,no
4258,41,1897,3,no
37494,42,21,5,no
42571,35,7546,1,no
17002,57,4185,2,no
29147,36,145,1,no
1311,36,250,1,no
14107,51,174,7,no
44789,75,1765,1,yes
1717,44,223,2,no
33285,32,1819,1,no
39908,56,1350,1,no
22290,34,22,3,no
3252,45,-149,2,no
14282,55,481,3,no
35515,53,2144,2,no
43702,27,535,1,yes
28124,27,0,1,no
32082,39,7685,3,no
7674,36,419,1,no
12058,49,1669,3,no
33417,44,-337,3,no
18372,37,2924,2,no
15965,36,399,1,no
29813,51,2,1,no
43618,51,4305,1,no
1474,37,670,3,no
8759,28,-625,1,no
34194,40,1646,2,yes
43139,64,1977,2,no
43077,47,1568,1,yes
22347,42,580,2,no
10402,35,163,1,no
19214,32,632,2,no
23708,34,553,12,no
5859,39,1,2,no
23396,31,171,3,no
41390,30,4129,1,no
25698,48,1428,1,no
2657,24,-427,3,no
19863,37,3288,2,no
29138,39,794,1,no
13956,29,3,1,no
8700,31,321,16,no
38118,37,357,2,no
2658,25,53,2,no
29534,45,19706,3,no
5519,31,1340,2,no
43934,64,3189,1,yes
41370,36,191,1,no
26262,42,3,1,no
3527,26,500,6,no
12401,41,2970,2,no
33120,34,-314,3,no
10028,45,513,3,no
18261,45,726,6,no
17246,43,-399,3,yes
14619,31,-112,1,no
34096,46,699,1,yes
42873,32,0,3,yes
21652,44,1127,8,no
9235,55,457,3,no
10783,39,123,1,no
12135,41,4684,6,no
25559,59,16869,1,no
14985,37,680,3,no
40181,51,1315,2,no
24216,33,200,1,no
18764,41,1402,14,no
22309,35,-146,1,no
17168,35,-16,3,no
2597,32,1611,1,no
32206,32,760,1,no
31812,26,3415,1,yes
4798,38,821,1,no
13415,30,5,2,no
20873,56,19,2,no
13337,41,97,2,no
26796,59,5314,2,no
16762,31,0,1,no
16742,50,5260,2,no
24345,57,738,1,no
38239,41,2067,7,no
43612,45,360,1,no
8725,31,10787,2,no
35664,32,56,1,no
14686,41,664,5,yes
43468,35,670,4,yes
19418,43,5926,2,no
5538,42,3465,9,no
13250,38,10,3,no
44198,61,938,2,yes
601,38,384,3,no
18472,47,2597,2,no
25442,42,283,1,no
23811,35,515,3,no
7505,42,163,6,no
10427,52,199,2,no
28663,32,-509,1,no
31857,38,206,2,yes
23566,55,123,8,no
20450,42,1622,2,no
22194,48,2008,4,no
14320,43,0,3,yes
10385,38,506,1,no
185,36,211,2,no
4353,25,316,2,no
43928,59,1194,4,no
23529,47,-105,2,no
22449,32,3601,15,no
14094,34,12,2,no
24195,41,7028,1,no
15155,39,363,1,no
38904,44,1434,3,no
40994,66,204,1,no
43399,45,1348,2,yes
25139,56,803,2,no
25190,47,2540,5,no
41893,28,172,2,no
2428,21,-273,1,no
31053,71,362,2,no
41740,29,3528,1,yes
37079,28,458,11,no
42261,50,2794,5,no
21308,30,1535,4,no
27295,35,5301,2,yes
42732,74,935,1,no
17212,43,1220,2,no
23439,58,21,19,no
40362,32,3083,2,no
14709,36,185,2,no
31673,30,297,4,yes
5386,27,672,1,no
41852,72,2850,2,no
20703,55,0,2,no
28957,32,1,1,no
29234,26,5569,1,no
2653,52,0,2,no
6018,29,0,2,no
32128,48,1738,1,no
33059,40,106,2,no
41464,24,0,1,no
18670,50,813,2,no
8531,33,3456,2,no
6474,36,-295,3,no
25913,52,1291,1,no
13691,27,9,2,yes
114,36,448,1,no
35010,29,114,1,no
473,46,1044,1,no
32163,58,3612,1,no
4682,40,311,2,no
35163,26,7475,1,no
29799,59,0,2,no
44319,26,267,2,yes
43889,63,48,1,yes
32121,41,1836,1,no
40613,67,65,1,no
12479,41,7264,3,no
23736,43,1077,3,no
33351,43,517,2,no
10358,36,4138,1,no
10120,51,1137,1,no
20512,31,1836,2,no
29569,44,764,1,no
849,56,-203,1,no
5050,32,1330,1,no
11821,56,549,2,no
39799,60,261,1,no
29478,50,1558,1,no
1529,32,177,3,no
15820,42,9,1,no
23037,47,612,4,no
24957,36,1100,1,no
3774,34,169,1,no
29697,57,2610,2,no
19142,47,0,4,no
40844,81,4321,3,no
5368,28,56,1,no
44427,38,4017,1,yes
19920,30,0,5,no
2026,27,564,3,no
16520,28,3761,3,no
29714,55,-350,4,no
39623,34,0,1,no
14736,36,898,5,no
31242,58,10180,2,yes
18084,26,179,3,no
20321,32,741,1,no
31097,32,312,2,yes
31815,60,2000,1,no
28631,54,263,4,no
12938,52,497,2,no
7117,32,3935,2,no
41405,46,2552,1,yes
8103,35,0,1,no
28090,51,2662,2,no
14431,33,908,2,no
29336,52,2851,1,no
18969,59,3713,2,no
32499,33,1940,3,no
35857,40,287,1,no
26664,32,3829,1,no
44521,36,353,2,yes
6559,32,-274,3,no
38421,32,252,1,no
44865,46,7485,1,no
3007,35,592,1,no
20382,34,1054,3,no
41657,35,2088,1,no
37029,32,7444,1,no
6567,37,0,13,no
43297,82,0,2,yes
34574,29,197,2,no
11107,37,2657,1,no
11481,53,2774,1,no
38551,38,432,2,no
35268,41,32,1,no
426,43,375,2,no
14752,60,480,6,no
40232,25,12,6,yes
10630,55,4359,2,no
44366,25,31,3,no
21653,52,0,2,no
15134,36,25,1,no
29955,37,175,2,no
32090,78,2235,3,yes
4694,48,5058,4,no
31982,49,190,1,no
5317,30,136,1,no
41128,61,1128,2,no
23195,54,656,6,no
18916,51,21244,2,no
20749,38,334,2,no
20763,55,23,2,no
34629,42,89,1,no
41111,30,591,1,no
16491,25,72,2,no
36104,37,511,1,no
7016,32,-33,3,no
36353,34,395,2,no
4112,46,4301,2,no
3767,59,646,1,no
36961,43,359,3,no
40271,47,372,1,yes
24606,39,5,2,no
21745,33,0,3,no
26410,33,2254,1,no
14226,47,3038,2,no
28235,45,707,1,no
25092,33,82,2,no
4800,33,57,1,no
5236,34,456,1,no
34080,56,1947,2,no
42017,63,937,2,no
13583,45,-288,2,no
3912,48,478,2,no
40088,25,594,2,yes
9581,40,5349,1,no
15157,34,1360,1,no
13981,37,456,6,no
39872,35,2789,1,no
42493,64,67,2,no
38476,33,35,3,no
40866,35,353,1,yes
8701,51,11222,7,no
44500,30,2325,1,yes
17038,37,334,12,no
3124,38,360,2,no
23935,40,0,3,no
7663,36,243,2,no
25842,32,2044,1,no
19619,49,0,3,no
22597,55,176,11,no
10591,39,0,1,no
39461,28,482,1,yes
9306,51,1699,2,no
30695,43,309,5,no
37867,47,133,1,no
4252,31,396,1,no
13219,43,-392,1,no
7694,36,577,1,no
24950,49,1342,1,no
18484,56,0,2,no
26046,59,21,2,no
44615,52,4012,3,yes
39624,29,1135,2,no
16313,26,14054,1,no
42934,67,704,2,yes
30499,28,510,2,no
34231,52,94,9,no
16003,29,652,1,no
17660,39,150,4,no
31125,24,23878,1,yes
13523,57,323,1,no
40297,60,2196,3,no
20689,31,745,4,no
35837,57,830,1,yes
40812,31,199,2,no
23610,31,81,2,no
9902,39,267,5,no
18517,44,755,4,yes
3119,54,1487,16,no
40136,26,2158,1,no
26039,39,747,2,no
39669,27,7,2,no
771,42,0,3,no
42982,34,2885,2,yes
27485,37,105,2,no
8491,30,2186,1,no
10758,49,-55,3,no
44404,68,2812,1,yes
9055,51,540,2,no
10042,35,406,12,no
28893,59,2605,2,no
36087,45,1265,8,no
32360,50,180,2,no
26297,30,3750,1,no
32137,47,342,1,no
35412,28,15,2,no
26976,32,5164,1,no
20552,47,-1854,2,no
6996,54,192,3,no
42300,25,5695,1,no
8831,31,-341,3,no
28850,36,605,2,no
4133,38,59,1,no
4623,34,-508,2,no
15753,26,609,1,no
16951,31,395,3,no
23152,36,699,8,no
25358,32,6217,2,no
22772,54,983,6,no
35676,33,0,1,no
13495,59,-114,2,no
37326,45,23,3,no
29041,60,358,1,no
40307,29,2800,1,no
5382,24,45,1,no
5316,39,21,1,no
21843,54,194,2,no
12421,37,1309,2,no
12496,27,158,2,yes
40291,45,8319,2,no
28532,30,141,2,no
44372,32,388,8,no
45057,64,5112,7,yes
27119,43,2100,1,no
13258,31,4,1,no
39503,39,246,1,no
38690,40,1112,2,no
42707,31,460,1,no
11290,44,692,4,no
35900,34,1866,3,no
9432,32,189,2,no
36806,50,126,3,no
15828,41,187,1,no
15783,33,0,1,no
33033,32,620,2,no
26220,57,15062,9,no
18180,31,29,3,no
25334,51,1612,2,no
6835,41,2835,1,no
29408,33,69,2,no
17442,26,-685,4,no
10157,45,44,1,no
7688,52,2144,1,no
2630,41,14,6,no
7700,26,2,4,no
30474,29,401,2,no
45095,47,1693,2,yes
4817,36,687,3,no
20273,36,741,2,no
26544,35,258,1,no
40898,32,386,3,no
42425,39,481,5,yes
32688,32,225,1,yes
4523,36,3763,1,no
27368,39,2319,1,no
16830,47,2,2,no
41636,77,0,1,yes
25298,52,5350,2,no
21185,58,2705,1,no
34238,39,8876,1,no
28834,26,152,2,no
31249,32,3820,1,no
2544,43,1916,2,no
21008,30,2782,2,no
43966,64,109,1,yes
33009,31,579,3,no
10468,31,0,5,no
34545,32,2829,1,no
42746,38,70,4,yes
24997,52,2619,2,no
36708,32,91,1,no
16669,39,1086,1,no
15943,47,1715,8,no
999,49,1377,1,no
33674,34,1553,6,no
35803,36,0,1,no
21405,45,47,4,no
23539,37,1309,4,no
42068,30,853,1,yes
7362,34,500,1,no
7170,37,11953,1,no
18103,32,167,6,no
29355,53,-1,3,no
12199,52,2276,3,no
28411,28,278,1,no
17385,29,91,4,no
29946,60,385,1,no
4769,32,-345,1,no
30262,36,258,1,no
27822,31,581,1,no
4282,26,0,3,no
23584,42,1013,8,no
37614,34,-204,6,no
4534,34,161,1,no
16687,52,3510,7,no
19492,39,4765,2,no
12943,28,-1270,2,no
10108,54,16843,1,no
30068,49,0,3,no
23915,38,173,4,no
20977,58,2553,2,no
23425,47,-315,9,no
9749,44,1497,1,no
27968,37,417,1,no
8470,24,1073,2,no
38782,49,490,5,no
17810,35,840,4,no
8353,31,674,3,no
21811,41,5561,2,yes
38264,42,-106,1,no
30238,32,3322,2,no
2380,22,594,1,no
35923,41,549,4,no
17546,53,5624,2,no
17067,31,0,6,no
112,46,79,1,no
30229,59,99,1,no
43290,27,3754,3,no
14009,53,0,27,no
24727,48,42,1,no
23709,34,2032,12,no
3893,43,822,1,no
30992,36,546,3,no
8989,47,0,1,no
19796,42,42045,2,no
9389,56,2152,1,no
28894,46,43,3,no
3978,37,197,3,no
3547,32,55,9,no
4404,39,6421,1,no
7394,45,1929,15,no
30691,56,2780,3,no
11396,41,426,1,no
1375,26,37,1,no
26680,37,4760,2,no
35235,44,134,1,no
30755,42,419,2,no
9966,40,2932,17,no
22543,57,0,6,no
4316,27,5,3,no
40875,36,29,1,yes
4879,34,0,1,no
25041,40,159,1,no
6652,31,-454,2,no
37886,37,1287,1,no
2662,26,-214,4,no
8348,35,2529,7,no
5703,35,-239,1,no
7121,40,327,1,no
23405,37,80,3,no
27384,31,1565,6,no
372,38,46,1,no
23338,47,598,8,no
3789,33,272,3,no
14652,59,122,1,no
32605,34,598,1,no
41362,34,15,1,no
9469,52,4793,2,no
15580,59,-187,7,no
31431,32,234,2,no
6260,57,411,3,no
31543,24,1283,2,no
15563,49,375,7,no
23984,47,1056,2,no
35027,29,27,1,yes
31904,35,898,1,yes
38304,23,15,2,no
5943,41,-140,3,no
37751,55,-966,1,no
29655,30,732,4,yes
43137,77,680,2,no
40010,37,6384,1,no
32075,78,2628,2,no
14586,29,2,3,no
25756,43,1993,1,no
17033,29,-251,1,no
14880,47,-4,1,no
34654,45,251,2,no
44523,58,2155,2,yes
14620,34,-109,4,yes
7335,27,12956,3,yes
21364,32,3628,2,no
28641,31,442,3,no
36441,44,953,2,no
22605,33,349,1,no
43697,77,3324,1,yes
24492,46,-637,1,no
37857,29,111,1,no
31177,29,1275,1,no
37219,32,309,1,no
10432,52,310,4,no
3652,51,2547,2,no
27534,49,1320,2,no
25832,55,563,1,no
23796,51,21614,20,no
3685,60,8837,4,no
27017,50,985,1,no
19543,59,-131,2,no
10272,34,352,3,no
29514,64,1176,1,no
39040,29,615,1,yes
2482,48,1199,1,no
13789,37,2023,1,no
17487,56,-59,6,no
34068,34,18,1,yes
6904,32,-421,2,no
36208,37,275,1,no
38899,43,-480,1,no
7533,37,949,1,no
36203,45,542,5,no
23704,37,552,1,no
9048,52,14363,1,no
25406,42,1540,1,no
18641,32,-105,19,no
1603,39,813,2,no
20519,30,368,2,no
21538,49,-962,2,no
11251,37,2128,1,no
34505,57,0,1,no
27355,30,2766,1,yes
43933,27,2786,2,no
14373,43,-76,3,no
41348,34,0,5,no
36813,52,-637,5,no
37673,44,275,5,no
36700,22,246,1,no
319,40,0,2,no
32942,43,9261,2,no
34539,27,376,1,no
9462,48,11146,1,no
8001,40,2378,1,no
4313,32,424,2,no
9841,60,1190,1,no
7122,30,1016,1,no
13549,49,-120,5,no
34878,29,0,1,no
7465,34,1031,3,yes
33739,34,136,1,no
34015,32,4,1,no
43370,70,1295,1,no
22206,57,2109,6,no
19685,36,0,5,no
7069,40,-428,3,no
2372,37,36,1,no
42292,34,129,1,yes
36765,30,419,3,no
24253,49,0,1,no
29537,41,0,1,no
37246,25,1954,1,no
8823,29,-8,2,no
15133,38,1803,1,no
10114,42,0,2,no
12550,35,1659,1,no
24884,44,1442,2,no
15931,43,-17,1,no
12078,58,1697,2,no
1825,23,151,1,no
30218,29,503,1,no
85,46,137,1,no
30031,34,382,2,no
10499,38,1018,3,no
19797,38,5177,2,no
3852,54,29887,1,no
28515,42,5717,2,no
16747,42,634,2,no
26953,54,1251,1,no
22427,51,0,2,no
41285,36,3064,3,no
36895,40,209,2,no
10433,49,3049,2,no
44518,60,116,2,yes
32391,24,60,2,no
3608,56,-382,4,no
15590,42,182,2,no
27460,37,2951,3,no
40275,43,3518,2,yes
6154,32,535,2,no
23508,40,170,24,no
1321,31,432,1,no
38344,28,-267,2,no
10569,51,13292,2,no
43791,56,12356,1,yes
33018,74,921,2,yes
21765,53,428,4,no
5818,51,21,1,no
32405,32,301,3,no
36489,27,235,5,no
39348,24,-1414,2,no
18331,42,634,2,no
39820,38,25,2,yes
8361,31,7634,1,no
31901,43,275,2,no
16840,41,0,16,no
17528,49,-249,5,no
8487,30,346,1,no
15481,37,392,3,no
552,30,46,2,no
7277,57,-353,3,no
20861,34,-346,4,no
30868,43,938,2,no
29527,31,-106,4,no
14467,40,-90,3,no
24975,48,0,1,no
21719,32,0,1,no
2804,46,1029,1,no
35937,39,0,1,no
150,54,348,2,no
19454,51,10077,2,no
39600,28,805,1,no
8685,56,207,4,no
95,57,-37,1,no
24010,52,64,2,no
44141,36,93,2,yes
33174,37,17335,1,no
915,57,1013,1,no
35259,58,-324,2,no
14847,31,105,1,no
37173,42,1080,3,yes
4767,32,157,1,no
34352,54,1168,5,no
19940,48,811,2,no
17881,28,1199,20,no
22744,54,182,4,no
35511,23,66,2,yes
35972,50,81,2,no
14394,57,107,2,no
595,55,141,2,no
4886,34,883,1,no
30482,40,1908,2,yes
10634,55,29,1,no
42330,52,583,1,yes
44472,32,0,5,no
34152,32,0,3,yes
7874,35,1,4,no
39592,26,4311,1,no
4178,24,-46,1,no
37009,43,3,1,no
30979,49,267,5,no
11549,42,587,9,no
44731,52,994,1,no
12334,42,160,1,no
39358,27,568,6,no
22577,43,445,18,no
37563,28,20,5,no
33065,38,667,2,no
19164,39,8195,3,no
41514,35,114,3,no
29477,35,0,1,no
35567,45,608,3,yes
10122,58,0,1,no
4902,34,1671,1,no
18384,56,3846,7,no
32692,39,260,1,no
33218,45,-114,1,no
21530,49,25,2,no
31474,27,0,1,no
23669,45,396,1,no
21953,32,138,4,no
1968,29,15,2,no
39823,39,139,1,no
9377,31,694,2,no
43688,50,2611,1,no
45089,38,1373,4,no
1635,31,3007,1,no
31631,42,11891,1,yes
23787,36,432,2,no
34971,36,22,2,no
19076,40,1251,1,no
26194,41,-386,1,yes
16618,26,1,2,no
27895,60,362,1,no
40826,26,96,1,yes
19422,42,128,2,no
9672,36,1245,9,yes
39300,31,500,2,no
22631,35,126,2,no
17311,31,17,3,no
26075,33,0,2,no
28751,26,828,1,no
16828,34,3990,7,no
20476,56,3616,2,no
42131,52,2398,1,yes
10331,49,518,1,no
31459,33,260,1,no
21071,46,648,4,no
30400,29,228,1,no
22276,36,161,3,no
10033,41,36,4,no
14762,36,446,5,no
31559,39,2869,1,no
13622,51,104,1,no
17717,48,3726,2,no
9225,58,150,4,no
5150,32,76,2,no
15116,31,2251,1,no
19651,57,4547,4,no
10523,33,372,10,no
19073,44,10888,1,no
18099,37,0,6,no
37558,32,822,8,no
33520,32,472,2,no
40013,42,576,2,yes
31241,62,4562,1,yes
6038,32,4,5,no
8524,27,818,5,no
31957,36,2556,1,no
13066,35,0,1,no
32641,38,2264,1,no
20240,59,754,4,no
17563,46,10,7,no
24507,42,970,1,no
23903,46,1685,2,no
37720,23,21,3,no
12091,41,0,2,no
14242,31,338,2,no
16008,48,380,5,no
26458,30,3086,1,no
29362,29,1679,2,no
10908,36,531,2,no
21649,31,0,2,no
26465,31,10,1,no
24893,37,2152,1,no
33648,28,230,3,no
23965,40,185,4,no
6256,52,388,1,no
14334,43,1344,2,no
19329,33,764,2,no
27427,45,2403,1,no
40674,44,0,1,no
24878,48,363,1,no
15054,32,2017,1,no
31370,33,1107,1,yes
3601,37,1,2,no
2819,52,1541,1,no
35088,51,318,2,no
951,29,147,2,no
5363,55,-102,1,no
29730,57,82,1,no
31860,58,5253,4,no
24809,33,1636,1,no
5481,53,-375,1,no
31190,75,1470,1,no
31931,40,1074,2,no
24381,45,20187,1,no
37602,33,1733,3,no
6386,34,-329,1,no
33644,45,-63,5,no
15170,50,84,8,no
43877,22,361,4,no
38706,31,320,2,no
33289,35,62,3,yes
13247,34,434,3,no
18319,39,42,2,no
22836,33,31,3,no
22641,39,140,1,no
21539,32,0,6,no
28306,45,487,1,no
29033,45,430,1,no
15464,41,4824,7,no
42177,64,2331,1,yes
37852,35,478,1,no
30504,32,315,2,no
18448,30,48,13,yes
33748,65,276,1,yes
14047,37,1672,1,no
29192,46,973,1,no
43466,40,11766,2,yes
7317,36,828,1,no
1966,28,655,2,no
21695,32,1625,6,no
988,42,157,1,no
24200,37,8230,1,no
43103,23,381,1,yes
18410,38,4336,6,no
25177,34,107,2,no
44581,65,1760,4,yes
9358,44,248,1,no
34905,26,1494,2,no
13555,42,-422,1,no
11762,50,-1137,1,no
27522,30,5641,3,no
4964,33,5,2,no
4128,35,5,3,no
39136,34,-301,2,no
21636,35,141,2,no
7682,55,11743,1,no
42646,41,5372,3,yes
30633,28,29,1,no
2929,45,1691,1,no
15497,42,0,5,no
24553,36,99,1,no
44607,27,25,1,no
43508,39,1672,1,yes
30413,33,3358,2,no
30359,54,883,4,no
35766,43,177,1,no
6955,53,3443,2,no
44230,60,478,2,yes
23784,36,216,2,no
42687,26,1099,2,no
42452,34,250,1,no
45162,31,720,3,no
7027,43,-516,2,no
23382,55,1713,5,no
42907,76,2302,1,no
25807,36,2323,1,no
20530,52,544,2,no
31252,24,1030,2,yes
28564,40,822,2,no
39925,45,10768,3,no
1594,36,491,3,no
26778,55,3459,2,no
4384,28,154,9,no
42735,48,1167,4,no
17085,50,797,8,no
17702,49,126,2,no
7444,41,51,22,no
34533,24,547,1,no
11059,51,307,2,no
11378,55,2010,1,no
11886,43,177,18,no
14578,60,1091,3,no
20414,39,52,2,no
14307,53,-391,3,no
28572,41,140,2,no
44709,32,1089,2,no
25891,39,5848,1,no
26999,31,667,1,no
17149,31,5156,3,no
19501,36,5340,4,no
33272,46,1147,1,yes
20727,45,-571,2,no
17143,31,1767,6,no
2416,44,353,1,no
6599,29,314,2,yes
38359,45,900,1,no
28816,36,238,1,no
45206,25,505,2,yes
19469,41,0,2,no
36958,58,26,4,no
39,36,506,1,no
19998,55,1909,1,no
26032,39,155,2,no
33088,40,284,2,yes
9829,60,2508,1,no
28238,29,550,1,yes
25677,40,260,1,no
21659,48,83,6,no
15404,51,0,3,no
39982,31,216,1,no
7204,43,-456,4,no
19279,42,24780,2,no
5047,24,-148,1,no
36571,37,1733,3,no
4588,37,5064,1,no
28947,43,877,1,no
10097,59,307,5,no
32469,35,126,1,no
33027,26,1375,2,no
9246,36,-17,2,no
6725,29,168,1,no
40384,71,2887,1,yes
4857,33,56,1,no
8699,51,303,7,no
19360,58,47,2,no
28889,32,1465,5,no
17409,31,-343,4,no
7573,28,410,3,no
22686,32,1840,13,no
28031,55,8585,2,no
11079,36,2596,6,no
15655,38,189,2,no
2808,44,0,1,no
30417,54,2253,1,no
20725,52,36,2,no
10473,49,785,6,no
37284,29,1052,1,no
31929,31,3323,2,no
8497,35,11,3,no
34830,35,-441,1,no
35552,33,348,2,no
18478,55,2,2,no
36378,42,498,2,no
9179,41,21515,1,no
3477,33,402,1,no
43833,83,0,1,no
20518,42,759,3,no
16637,55,-268,1,yes
37683,48,194,1,no
5083,34,1739,2,no
14547,53,425,3,no
512,34,507,1,no
24092,58,3260,1,no
22153,35,249,8,no
30853,33,0,2,no
31718,41,446,3,no
7235,51,10287,1,no
3334,42,9,3,no
2531,27,331,2,no
30336,26,1242,2,no
32911,43,175,4,no
24790,33,256,1,no
23819,47,193,2,no
28544,34,297,2,no
34489,41,537,1,no
25445,48,571,2,no
751,30,115,3,no
37894,56,3309,1,no
6851,47,490,1,no
18733,43,-97,4,no
6075,36,-870,2,no
37527,33,181,7,no
36777,31,-112,2,no
44469,45,476,1,yes
24753,36,4324,4,no
10843,57,1870,1,no
26378,35,127,2,no
35637,25,50,1,no
19055,46,0,1,no
16023,57,0,2,no
6941,26,855,2,no
12902,35,14,2,no
38435,39,-172,2,yes
11464,48,2961,1,no
32638,37,1776,1,no
17850,58,610,2,no
35238,37,900,1,no
7223,41,285,1,no
29384,55,754,3,no
26780,59,12270,2,no
18775,60,0,20,no
4698,31,1352,2,no
32312,47,1375,2,no
306,50,1234,2,no
31938,34,899,2,no
5379,44,759,1,no
15583,35,-67,1,no
8574,40,0,3,no
25512,40,2168,1,no
5298,33,-386,1,no
13461,56,24,1,no
33851,33,3446,2,no
28433,39,1837,1,no
36907,32,465,2,no
43073,36,1466,1,no
24941,43,685,1,no
663,33,101,1,no
704,43,0,2,no
37250,34,178,1,no
30711,57,-435,5,no
23202,59,-47,4,no
31811,39,1048,2,no
42203,33,1388,1,no
3468,32,287,3,no
2997,42,3743,1,no
28982,50,1088,1,yes
528,46,459,1,no
31257,50,268,2,no
31544,35,2643,3,no
44220,33,183,2,yes
25561,36,-485,1,no
8632,39,766,3,no
25179,57,236,2,no
20166,31,69,2,no
35533,33,5214,2,no
22085,35,109,2,no
16814,49,305,2,yes
38946,26,160,4,no
42105,51,39,1,no
24065,33,3444,1,yes
32439,24,630,1,no
38756,25,-141,2,no
31742,41,1885,2,no
36950,37,1436,2,no
21266,45,185,14,no
37324,47,623,6,no
21528,56,74,2,no
690,40,0,2,no
1285,31,1798,1,no
17611,44,1781,3,no
2805,47,4135,8,no
9956,52,2,3,no
34076,54,2156,1,yes
25798,58,388,1,no
21468,49,4772,3,no
11649,56,1062,2,no
904,47,192,1,no
7589,50,1093,1,no
8324,31,2398,13,no
40029,56,1947,1,no
16383,60,0,1,no
29292,30,432,1,yes
18878,46,1303,1,no
14330,48,308,5,no
39261,40,-75,2,no
36758,41,449,2,no
15415,30,107,1,no
16470,42,279,1,no
13882,33,1786,1,no
3742,49,1269,2,no
19376,43,1109,4,no
37734,28,375,1,no
40689,71,3895,1,no
37087,41,925,1,no
43117,40,118,1,no
3080,28,0,24,no
35627,35,247,3,no
6390,27,22,1,no
24551,50,4861,2,no
9653,49,4509,2,no
14820,25,130,1,no
19401,31,130,1,no
1439,39,6322,1,no
9107,47,0,2,no
15694,47,0,1,no
8431,49,9326,1,no
37705,54,1139,1,no
4989,35,463,1,no
16016,37,0,1,no
42713,39,1802,2,no
4363,36,0,11,no
27999,33,0,2,no
1533,35,105,2,no
38708,47,223,2,no
15658,34,181,1,no
9450,37,685,1,no
23022,55,273,2,no
42694,79,8556,2,yes
16204,58,1310,2,no
40045,40,8963,2,no
25783,59,32948,1,no
38886,31,62,1,no
13889,58,9994,1,no
8463,58,943,3,no
8634,26,544,5,no
24576,50,202,1,no
9679,54,3952,6,no
43069,25,1179,2,no
15411,36,181,1,no
32910,41,927,2,no
36797,31,1,1,no
18367,36,723,2,no
9870,38,1619,1,no
24662,40,-78,2,no
3686,55,726,1,no
8360,51,1186,3,no
40104,34,303,3,yes
39696,26,0,2,no
11203,47,829,2,no
34405,34,156,5,no
13422,57,0,1,no
23311,32,157,4,no
15191,35,-138,3,no
23728,35,556,8,no
31540,40,879,3,no
44677,57,1947,1,no
6852,26,714,1,no
11565,52,98,1,no
754,55,383,3,no
8143,33,213,2,no
9611,33,2645,4,no
8645,52,2251,9,no
10447,55,0,8,no
4064,54,2431,4,no
7984,27,535,2,no
42023,54,735,1,no
17010,39,1555,1,no
20527,52,3508,2,no
40033,58,0,3,no
31019,66,1323,11,no
1812,39,304,1,no
19728,48,0,5,no
4245,47,-288,6,no
8809,26,467,2,no
18823,50,588,3,no
31940,28,229,2,yes
2070,27,123,3,no
30195,30,574,6,no
17580,41,1538,2,yes
21609,41,-1,2,no
42853,44,678,1,no
39232,51,55,2,no
28128,30,370,1,no
25655,51,4143,1,no
31141,56,722,3,no
11342,40,1670,2,no
2176,29,-72,1,no
40071,41,0,2,yes
8817,27,-335,1,no
5084,38,6704,2,no
15511,28,173,7,yes
29510,50,2442,1,no
28410,30,229,3,no
25687,36,1296,4,no
20490,30,8138,2,no
32149,32,133,1,yes
13112,25,101,3,yes
14426,35,0,3,no
19935,35,75,11,no
15066,34,255,10,no
4354,35,846,2,no
12693,60,2648,2,no
24724,35,204,1,no
42692,28,893,2,no
44286,27,102,1,no
33534,45,2406,2,no
30398,36,646,2,no
4522,38,-152,1,no
6403,34,3635,9,no
17739,31,1839,8,no
33916,42,11115,1,yes
7458,29,-20,2,yes
36174,40,-192,1,yes
7745,32,-34,2,yes
8582,41,146,1,no
38528,42,241,3,yes
43154,36,688,3,no
1100,31,671,3,no
9665,37,7179,8,no
10118,37,883,1,no
14581,46,311,3,no
14718,50,2629,4,no
34222,26,256,2,no
21,28,723,1,no
25011,47,0,2,no
17468,34,1682,3,no
19989,53,1868,4,no
42340,42,2187,3,yes
30412,57,442,1,no
38237,36,391,1,no
43053,77,2590,5,no
15716,51,44,1,no
43802,67,1430,2,yes
11749,52,1545,4,no
5229,33,1221,1,no
40709,29,795,2,no
27024,31,3950,1,yes
43608,48,1730,1,yes
38881,43,95,1,no
7596,40,737,2,no
34975,28,177,1,no
41683,54,1464,2,yes
6444,51,78,2,no
32446,42,12,4,no
6284,34,-76,1,no
25541,30,382,1,no
40522,31,202,1,yes
8164,36,117,4,no
44172,53,6181,2,yes
25482,30,23,1,no
27515,36,3463,4,no
32021,35,120,3,no
14256,45,660,2,no
42716,32,307,1,no
21874,41,75,2,no
1866,52,-97,4,no
12700,39,551,5,no
40467,69,23592,3,no
24523,42,1657,1,no
31633,36,2454,1,no
10909,39,1522,4,no
14543,52,-36,4,no
32005,27,150,3,no
5638,38,0,2,no
36543,55,99,1,no
36612,41,224,8,no
19575,50,5569,4,no
25094,51,5343,1,no
7576,51,267,1,no
40089,44,1319,2,no
5008,32,29050,2,no
11982,37,344,2,no
19524,55,1086,2,no
29247,29,1074,1,no
14003,35,275,5,no
28350,56,420,1,no
24584,32,0,2,no
7790,32,-19,2,no
20440,49,300,2,no
14643,28,-34,1,no
783,51,-69,3,no
7619,35,-54,2,no
21135,46,3262,8,no
41409,37,0,2,no
43495,35,690,2,no
19709,53,1945,7,no
7884,54,-636,3,no
33496,48,-110,2,no
29677,48,460,3,no
40036,25,362,2,yes
22632,33,0,3,no
41714,29,417,1,no
17308,29,5,2,no
36925,29,161,5,no
27618,36,0,2,no
19715,42,219,3,no
44889,50,2376,1,yes
20853,59,10054,6,no
3108,43,738,4,no
7926,22,-189,3,no
18391,36,3308,2,no
12269,55,5804,3,no
13577,47,0,1,no
3768,40,739,1,no
27310,33,335,1,no
36356,38,0,2,no
24461,35,2223,3,no
41116,35,431,2,yes
24556,43,2576,2,no
29631,32,703,2,no
17371,51,0,4,no
5965,37,1147,2,no
26270,32,187,1,no
35378,47,278,1,no
2825,41,4505,2,no
32144,61,0,1,no
14756,39,0,6,no
4386,48,479,5,no
18836,52,1415,1,no
23055,60,5,2,no
12046,32,209,31,no
40203,53,1061,2,no
11482,40,2132,1,no
12226,39,-218,13,no
30803,40,451,3,no
23980,60,221,4,no
27076,34,966,1,no
1301,41,47,1,no
20256,45,548,4,no
41176,39,139,1,no
3522,49,3061,2,no
17254,48,147,4,no
8695,33,-409,3,no
38022,36,-531,3,no
24629,50,463,3,no
5273,38,435,2,no
38902,42,961,6,no
20210,43,1532,2,no
2575,41,356,2,no
6501,36,0,2,no
33684,35,1364,2,no
10006,58,593,2,no
12413,56,-65,2,no
22246,33,557,1,no
34932,30,-110,1,no
33736,36,17,1,yes
42214,23,598,1,yes
40292,28,520,1,no
17553,54,84,2,no
38109,41,1377,4,no
44320,31,725,1,no
16389,28,651,2,no
40625,40,1646,1,yes
44449,41,1092,1,yes
21985,30,294,4,no
27300,35,175,1,no
33700,95,2282,17,yes
18250,57,644,4,no
20474,31,279,2,no
26495,30,4091,2,no
9712,39,575,1,no
37670,39,20928,1,no
32038,33,572,1,yes
37153,46,3201,3,no
14688,42,0,4,no
17885,55,715,2,no
42623,38,6447,1,no
28178,45,-90,1,no
39679,43,1188,2,no
26888,43,3064,2,yes
19616,50,1176,2,no
18767,42,649,4,no
3958,31,-48,17,no
44247,27,125,1,no
34201,56,2333,1,yes
11116,51,67,1,yes
9081,37,641,1,no
1065,29,-158,2,no
25383,51,6030,2,no
19106,41,40,2,no
34674,45,341,2,no
29816,34,4831,1,no
5309,39,1410,1,no
32380,36,1790,2,no
32159,38,8381,1,no
16059,43,3163,3,no
7334,41,239,2,no
6107,29,2776,1,no
9964,45,546,4,no
30164,50,761,3,no
14508,52,0,2,no
33457,30,312,3,no
14110,39,401,2,no
30038,42,454,3,no
13710,52,3422,1,no
31770,36,524,1,no
333,30,-457,2,no
20374,59,5219,3,no
19468,41,634,2,no
25260,38,0,2,no
43194,25,154,1,yes
3693,29,-507,1,no
6867,29,344,2,no
23847,33,599,2,no
32602,42,414,3,no
26175,31,625,1,no
42226,53,4401,1,yes
32672,34,0,2,no
7815,53,198,2,no
16582,34,3,1,no
38080,39,522,7,no
17465,47,912,9,no
6735,38,1333,1,no
4289,27,613,3,no
20292,41,456,4,yes
43959,20,153,1,yes
36622,33,38,4,no
24515,54,-1415,1,no
26876,31,38,2,no
40676,38,64,1,no
20852,47,2642,2,no
6788,32,294,2,no
40534,58,1227,1,no
25815,42,783,2,no
5170,32,159,3,no
12439,27,1128,4,no
24111,36,6,1,no
10253,29,171,10,no
24330,58,0,1,no
5632,31,92,17,no
8733,48,160,3,no
37770,38,393,1,no
42439,29,314,2,yes
23799,34,-281,6,no
11925,48,0,3,no
8679,57,1430,5,no
41762,55,9329,1,no
24441,58,-370,1,no
6322,33,-118,3,no
30550,56,1770,3,no
44016,22,10971,2,no
15034,53,0,1,no
1684,40,108,1,no
33657,52,725,3,no
18585,47,1187,7,no
36514,30,0,3,no
35763,53,253,1,no
33010,36,1949,2,no
16963,40,0,1,no
1111,40,-227,3,no
13931,59,925,1,no
24074,42,164,1,no
8527,45,-221,1,no
9035,52,1340,1,no
15007,37,33,1,no
32713,57,93,1,no
19071,32,3158,1,no
35157,31,253,1,no
12778,29,488,1,no
40789,34,2427,3,no
22108,41,988,2,no
30009,40,4082,1,no
12499,30,1717,2,no
35792,29,3041,3,yes
24198,46,1252,1,no
26407,39,8152,1,no
23635,50,0,4,no
677,37,215,3,no
12047,39,281,7,no
23923,49,102,2,no
13295,60,0,1,no
45102,74,935,1,yes
5856,26,1256,1,no
29447,37,12939,3,no
15977,52,0,1,no
14073,53,-670,2,no
17892,56,1177,2,no
17167,38,0,3,no
38311,42,9277,1,no
26632,31,438,1,no
38483,42,1370,2,no
34082,31,35,1,yes
9989,58,535,4,no
45119,78,14204,1,no
38488,47,-290,1,no
32067,35,106,5,no
28665,34,-422,3,no
26810,37,3572,2,no
30363,30,935,2,no
33252,34,355,3,no
35943,38,981,2,no
184,38,253,1,no
9512,55,1870,1,no
3167,55,0,2,no
44966,36,335,1,no
42790,34,0,2,yes
36058,47,-59,1,no
4940,37,5729,3,no
21312,48,3324,4,no
2837,52,2257,1,no
18057,55,1507,3,no
39762,25,343,1,yes
35689,23,4,1,yes
29626,26,184,2,no
31054,33,1778,1,yes
2972,40,264,2,no
1956,29,853,2,no
2356,24,845,1,no
9083,37,14,1,no
13294,57,5,1,no
35380,34,0,1,no
4088,46,778,1,no
23674,33,755,12,no
28256,30,-386,1,no
22948,54,2625,3,no
12248,36,4145,4,yes
23505,41,1559,7,no
35887,34,0,1,no
14251,47,568,2,no
534,40,3877,1,no
23377,38,3918,3,no
3831,33,-416,2,yes
8662,34,90,8,no
43990,42,2611,1,yes
4636,32,4996,2,no
2743,57,2236,2,no
13990,44,6,9,no
22526,31,137,9,no
20146,35,2,4,no
12986,53,1086,5,no
37440,29,1550,3,no
31200,39,581,1,yes
32853,38,710,1,no
26174,44,299,1,no
33279,37,99,1,no
4735,38,0,2,no
41209,42,5310,1,yes
23828,32,-1,2,no
25843,55,3948,1,no
37190,42,759,1,no
530,30,83,1,no
20674,59,349,4,no
21732,40,0,1,no
19362,57,0,2,no
24430,39,419,1,no
43072,26,2532,1,yes
44703,26,1105,1,yes
11973,36,976,5,no
40609,29,308,1,no
22145,45,1251,4,no
8028,45,1309,2,no
8523,37,278,3,yes
3993,56,8318,2,no
32283,40,2284,1,no
13524,35,6997,1,yes
4249,48,6489,1,no
36481,31,-15,2,no
36252,41,101,1,no
40934,30,6843,1,no
26972,46,22,1,no
17951,41,636,2,no
5451,33,-825,2,no
35492,33,2,2,no
9103,59,139,1,no
1146,35,630,2,no
4515,31,2144,1,no
43556,77,992,2,no
41516,71,14220,1,yes
26635,38,-23,2,no
24259,42,477,2,no
44835,37,257,1,no
36373,37,1653,2,no
31051,37,1314,4,yes
15730,32,-796,3,no
27223,34,1240,1,no
28107,51,413,2,no
1545,33,177,4,no
44968,70,4572,2,no
15669,59,2979,3,no
3882,27,3706,1,yes
10797,54,6622,1,no
4512,35,-52,1,no
22052,31,-305,3,no
19562,56,79,2,no
10992,37,556,2,no
29916,33,597,1,no
30598,56,1554,6,no
32819,35,199,1,no
17666,48,755,2,no
10759,38,1262,2,no
8285,58,2073,3,no
38908,32,218,1,no
25728,43,1927,1,no
31035,31,554,1,no
18856,48,907,1,no
15880,57,-898,3,no
11459,48,334,2,no
26679,52,3720,2,no
21972,50,101,2,no
26045,43,733,3,yes
29796,33,0,2,no
4467,39,4904,1,no
26851,42,723,2,no
22758,54,2059,4,no
14433,40,160,3,no
9322,56,0,4,no
27159,39,2822,3,no
4643,39,1438,2,no
6514,34,-34,5,no
6321,43,33,10,no
37588,54,3344,8,no
22861,32,230,8,no
33230,29,-19,4,yes
16108,51,0,4,no
12319,36,74,2,no
36812,35,764,3,no
39022,30,168,2,no
27294,46,653,1,no
40237,49,0,3,no
3600,33,175,2,no
36435,31,414,2,no
32490,33,525,1,no
39382,54,1188,1,no
1788,32,0,1,no
4295,32,1211,4,no
32311,57,207,1,no
17746,52,-299,2,no
3308,53,4323,5,no
26540,55,1102,1,no
7283,50,28,2,no
30162,32,2400,3,no
42074,41,0,3,yes
39218,33,18,3,no
1305,38,904,1,no
4040,51,0,5,no
37876,25,216,3,no
26254,35,8489,1,no
19981,35,1987,3,no
27979,29,0,1,no
10679,45,203,4,no
20299,32,999,3,no
3005,51,7180,1,yes
12645,45,184,2,no
22645,32,53,2,yes
2408,59,-49,2,no
40688,47,66,1,yes
41513,50,3764,2,yes
18729,42,-466,15,no
3077,47,4556,1,no
5892,45,77,3,no
5606,36,141,3,no
26884,32,1019,2,no
22132,36,0,2,no
6324,24,-438,1,no
19415,39,425,3,no
40590,30,110,4,no
34972,36,111,3,no
32498,50,1111,1,no
7896,23,5145,3,no
28563,34,2045,2,no
21817,52,223,4,no
21575,57,3288,4,no
1811,55,1373,2,no
9042,45,0,2,no
14848,38,-768,2,no
18762,45,1811,7,no
37480,33,324,2,no
23913,48,494,8,no
7201,44,13761,1,no
19180,49,468,2,no
15280,49,100,3,no
37359,38,780,1,no
35542,40,168,2,no
26547,36,2685,2,no
19102,53,519,1,no
38121,31,591,5,no
158,60,216,1,no
4077,40,-154,1,no
8381,30,3809,4,no
3578,44,412,13,no
27070,36,2452,1,no
44125,53,654,1,yes
6210,34,457,1,no
22241,33,137,2,no
35517,56,16125,2,no
9336,26,565,11,no
44413,38,238,1,yes
22067,32,35,8,no
172,44,1357,1,no
6115,36,203,5,no
35995,36,771,1,no
42524,30,102,3,yes
40970,50,3169,1,yes
20774,58,3148,2,no
44956,51,5108,1,no
4067,55,1261,1,no
29277,45,1214,2,no
15378,36,635,1,no
37030,46,512,1,no
29165,31,775,1,no
9860,51,1057,2,no
33627,51,2832,4,no
19398,30,1081,2,no
17891,60,1382,10,no
37047,31,1545,1,no
23149,40,0,7,no
13395,44,6350,1,no
29571,30,490,6,no
39938,38,2467,1,yes
2629,46,148,1,no
18954,47,1449,1,no
23522,42,-105,2,no
30540,44,0,3,yes
3207,46,3269,1,no
5631,52,3622,7,no
32386,35,951,2,no
33672,26,5169,2,no
37296,39,1360,1,no
30002,38,201,1,no
27728,53,1004,1,yes
38522,46,72,3,no
7246,33,2099,3,no
8621,43,3131,3,no
16883,27,0,2,no
34615,31,3,1,no
45065,52,423,2,no
32532,34,210,1,no
42350,49,2187,2,no
24266,58,0,1,no
4113,25,815,6,no
22456,49,211,2,no
29657,36,1177,5,no
20684,32,3199,3,no
24081,56,589,1,yes
10552,35,373,6,no
25250,39,720,3,no
38998,28,373,2,no
25875,39,622,1,no
12367,29,-722,4,no
32926,50,148,2,no
40305,20,457,1,no
24438,58,3735,2,no
15473,29,1718,2,no
2821,42,2656,1,no
22219,53,105,2,no
31645,39,2651,2,no
42152,29,2,1,no
39304,27,155,4,no
19176,35,473,2,no
15819,26,409,2,yes
16773,60,0,14,no
22030,32,432,3,no
37659,43,592,1,no
44781,72,2321,2,yes
45154,64,2059,1,no
40316,50,1463,2,no
35926,35,0,3,no
1327,30,-1,1,no
29058,58,195,1,no
23282,60,91,4,no
33026,56,1686,2,no
45104,33,51,1,yes
22279,34,462,3,yes
27216,31,432,1,no
39951,56,0,3,no
38222,44,362,1,no
43614,29,19,1,yes
22213,50,1501,4,yes
18035,56,1005,4,no
27258,35,0,1,no
4960,31,141,2,no
5249,31,206,1,no
12648,50,453,1,no
32074,34,6662,2,no
17224,33,0,3,no
16820,39,-66,5,no
30223,28,292,1,no
32590,60,13546,3,yes
39362,20,76,2,yes
23815,38,332,2,no
9967,35,4,2,no
15625,31,5691,1,no
6542,33,231,2,no
12816,41,879,4,no
942,47,-5,1,no
6642,37,-254,2,no
40122,20,336,1,no
19237,54,0,2,no
18947,45,629,2,no
29071,28,33,7,no
11669,50,480,5,no
41831,19,103,2,no
30478,43,644,2,no
10003,35,-489,2,no
17525,56,6114,2,no
40347,26,1347,6,yes
31273,66,2820,2,no
31021,40,5060,2,yes
16443,46,416,3,no
23721,60,4,3,no
21956,39,-146,2,no
32862,32,2114,1,no
23398,31,0,3,no
42660,51,423,1,no
34466,32,112,1,no
42197,57,2155,3,yes
28794,58,911,1,no
25108,42,364,1,no
8132,31,932,1,no
35439,53,160,2,no
15890,43,307,2,no
42647,21,71,2,yes
6114,28,352,3,no
37448,31,507,2,no
19220,39,1836,3,yes
24768,34,135,1,no
33453,36,20,2,no
18549,32,0,13,no
41670,41,158,2,no
9439,36,2000,1,no
12771,28,0,1,no
33414,30,1165,2,no
44275,41,431,1,yes
15799,51,73,1,no
5029,27,967,1,no
14102,49,3728,2,yes
6819,31,-327,1,no
39302,40,503,2,no
24857,45,2702,1,no
35760,48,1131,1,no
22411,43,221,2,no
44587,30,86,1,no
34138,45,1435,1,no
41827,31,442,1,no
17219,38,0,2,no
5542,37,5205,2,no
38798,38,1559,6,no
9836,49,902,2,no
37933,38,1407,3,no
22028,40,526,4,no
26466,36,0,1,no
41503,42,1205,2,yes
17063,25,-102,1,no
2543,35,-371,2,no
36678,46,147,1,no
11787,43,0,1,no
36205,40,3,1,no
43091,39,1176,1,no
23622,31,0,15,no
19381,32,1068,4,no
40621,57,666,1,no
42630,47,3696,4,yes
36955,38,1455,2,no
22277,32,178,3,no
24366,50,1575,1,no
15676,25,64,11,no
5735,38,25,3,no
21686,57,-133,2,no
8510,33,1021,3,no
11386,41,2,1,no
12097,51,2685,2,no
36630,24,1470,1,no
12021,39,2765,3,no
20097,46,6086,2,no
28875,31,227,6,no
680,41,0,3,no
23365,32,616,7,no
42016,33,3170,2,no
1597,38,0,2,no
1353,42,30,2,no
3903,30,1011,1,no
18589,39,98,1,no
7062,29,740,3,no
34520,33,23,1,no
9237,45,146,15,no
28731,34,2257,2,no
12372,26,1128,3,no
17481,49,0,7,no
22190,32,438,5,no
37853,36,2996,1,no
38254,33,1211,1,no
18902,55,2437,1,no
26009,32,0,4,no
30411,33,184,1,no
4555,34,126,2,no
11273,36,386,2,no
7811,53,2719,2,no
22941,37,1578,6,no
36458,50,0,3,no
35888,37,1314,2,no
35036,36,260,3,no
34614,54,-258,3,no
27050,31,44128,1,no
19756,35,-4,2,no
16205,54,9,2,no
34240,28,672,1,no
4368,52,522,2,no
19645,34,834,2,no
4239,42,1323,1,no
36682,33,798,1,no
23302,49,2809,9,no
23216,38,258,4,no
23902,41,2408,2,no
39019,32,-667,7,no
11468,48,1204,1,no
8991,60,0,1,no
17189,30,997,3,no
28549,44,900,2,no
10614,40,538,2,no
26864,30,1472,4,no
18169,57,39,3,no
37630,31,554,1,no
34937,32,290,1,no
22146,44,65,4,no
28826,45,-61,5,no
26438,39,1317,1,yes
11641,50,0,2,no
549,36,107,1,no
29377,28,7459,5,yes
1105,29,566,2,no
18375,59,3079,2,no
17788,49,2481,5,no
28307,29,2768,1,no
11953,53,57,20,no
34192,40,7780,1,no
16576,34,179,4,no
9320,35,1015,2,yes
20329,51,8538,2,no
949,31,2019,2,no
20693,34,966,3,no
27496,43,2640,4,yes
28078,53,637,2,no
34484,30,61,1,yes
33676,36,245,2,no
29237,43,1109,3,no
29203,60,2557,1,yes
22254,53,1,1,no
43163,34,173,1,no
16821,33,-122,5,no
32594,31,658,1,no
21278,35,4564,6,no
5009,27,1279,1,no
449,32,310,1,no
20944,58,8332,4,no
30365,42,541,1,yes
43893,28,187,1,yes
11210,37,-224,2,no
4298,47,1851,2,no
43942,24,403,1,yes
42886,30,1019,1,no
40450,35,68,1,yes
43166,28,1925,1,no
9365,36,1012,1,no
14505,51,1537,3,no
7536,40,548,1,no
36198,52,43,2,no
7612,36,366,2,yes
35950,41,2576,5,no
7366,33,12,4,no
32535,33,489,1,no
1128,42,223,3,no
2781,31,752,1,no
20792,60,1538,2,no
1800,23,-39,2,no
33923,48,292,1,yes
26474,36,2235,2,no
23393,36,84,3,no
2388,24,-122,1,yes
19419,49,284,3,no
14014,33,13160,1,no
2061,25,333,3,no
30373,30,405,1,no
22033,33,12,5,no
14323,49,1916,3,no
33647,48,-874,2,no
20107,46,41,2,no
13208,30,1249,4,no
44736,36,2161,2,yes
31501,45,753,2,no
6067,43,278,20,no
3513,27,228,5,no
43109,35,11219,1,no
11634,34,6053,5,no
39627,32,712,1,no
30103,27,468,2,no
28540,27,1,3,no
16226,44,-89,4,no
7557,43,1807,1,no
25744,46,0,2,no
7817,41,2990,3,no
19015,59,12438,1,no
24516,26,1187,1,no
42323,24,272,2,yes
5759,29,1395,1,no
20673,48,9622,6,no
6696,31,728,4,no
40774,23,1592,1,no
41483,50,6574,1,yes
37490,45,358,2,no
26914,34,12,3,no
2264,33,339,2,no
7803,39,839,2,no
31754,48,351,3,no
37851,54,2682,1,no
32994,29,577,3,no
3261,45,959,1,no
29290,46,665,2,no
32868,30,658,3,no
27386,35,259,2,no
17230,38,8,2,no
8274,32,-691,1,no
3872,45,636,4,no
35470,46,4646,3,no
1775,31,238,2,no
42639,32,1962,1,no
14052,51,550,1,no
2841,51,513,1,no
31950,43,2901,4,no
37145,24,493,4,no
34289,19,0,4,no
2616,48,705,2,no
13722,35,1330,1,yes
36442,42,83,2,no
8370,55,1695,2,no
26994,33,255,2,no
24806,40,0,1,no
19945,47,2215,4,no
17243,35,209,2,no
22503,47,286,7,no
12719,39,506,2,yes
20466,36,419,2,no
1512,27,0,2,no
31696,53,1912,1,no
33896,26,19,1,no
22243,34,0,4,no
5282,30,1649,1,no
14702,30,0,5,no
28519,31,403,2,no
42135,64,5871,1,no
37609,48,2071,1,no
23614,48,1548,5,no
7216,35,130,1,no
33324,41,585,1,no
18119,38,-299,3,no
15377,26,192,1,no
1793,40,117,2,no
13699,42,2030,1,no
27826,36,105,1,no
20516,33,329,2,no
16858,34,775,2,no
43407,70,15834,3,no
34383,47,668,6,no
23406,33,148,20,no
13724,47,184,1,no
42200,52,94,3,yes
38654,33,5,2,yes
20192,54,500,4,no
34943,34,69,3,no
9016,57,561,1,no
8949,41,759,10,no
33222,36,13,3,no
25191,42,337,3,no
9520,47,1383,8,no
33809,32,2974,1,yes
27995,31,3222,1,no
22210,32,134,4,no
16130,44,440,21,no
18282,44,0,5,no
18236,55,4194,3,no
7158,35,765,8,no
15164,32,1844,6,no
2304,33,176,5,no
45097,63,1495,1,yes
18066,36,1328,9,no
17837,60,179,4,no
6769,24,288,1,no
8968,59,0,1,no
43714,63,1486,5,no
15970,34,0,2,no
35717,48,84,5,no
35636,56,1255,1,no
11729,55,0,2,no
35126,31,148,2,no
42554,47,1122,1,no
8168,30,99,4,no
27495,39,254,3,no
11149,48,479,3,no
32634,52,3429,1,no
36045,36,0,1,no
21785,56,2324,4,no
9670,58,9200,2,no
31367,32,8866,2,yes
26920,30,20580,2,no
40428,60,263,1,no
16684,34,945,1,no
17492,45,488,11,no
41949,29,2178,2,yes
17235,60,2041,7,no
41731,66,0,1,no
2823,42,146,2,no
37934,26,114,2,no
20011,48,2083,3,no
2247,50,1114,2,no
20052,47,73,3,no
42075,84,1791,3,no
16221,50,2362,4,no
11224,46,2870,6,no
14363,45,-14,3,no
26185,33,20600,1,no
22768,34,2,4,no
6087,38,0,2,no
35964,43,490,2,no
25174,39,514,4,no
16393,56,191,3,no
6262,30,1534,1,no
42652,27,434,1,no
25802,54,440,1,no
1712,38,2139,1,no
20425,54,3020,2,no
13851,55,386,1,no
717,53,303,2,no
24176,46,677,1,no
43044,47,44,1,no
37375,41,3371,2,no
32966,53,281,2,no
18449,53,252,4,yes
38719,33,930,5,no
21882,54,2584,7,no
1370,33,-232,1,no
5102,32,-175,1,no
28378,31,3914,1,no
1405,30,4,2,no
3098,51,289,5,no
41790,83,1965,3,yes
4330,41,501,5,yes
40834,39,260,2,yes
38429,28,341,3,yes
7868,36,1285,2,no
12980,40,-626,4,no
3183,58,44,2,no
9573,53,1300,1,no
19196,51,-267,4,no
35874,49,-202,2,no
35820,37,331,3,no
21231,60,5421,4,no
3658,55,0,3,no
28283,44,5418,1,no
43070,33,2213,1,no
18338,37,153,26,no
17403,41,96,7,no
15173,30,1289,2,no
24242,57,1878,1,no
24409,30,1435,3,no
8851,39,295,1,no
44429,34,69,3,yes
21033,50,961,4,no
8982,49,1944,1,no
5970,47,-614,2,no
41490,33,409,1,yes
15388,33,239,1,no
32892,30,732,2,no
14480,48,-621,3,no
28089,29,317,2,no
40250,31,131,1,yes
5633,53,7598,7,no
2269,48,40,3,no
33235,35,0,5,no
3393,53,136,1,no
13355,43,48,1,no
36583,42,88,2,no
38453,22,118,3,no
11433,50,1179,1,no
5407,45,-319,1,no
22171,30,-970,2,no
17078,36,475,3,no
24681,42,452,2,no
27897,48,340,2,no
21852,53,15,2,yes
18676,25,-7,36,no
26496,32,5,1,no
23810,37,1561,7,no
5829,31,-274,1,no
3088,45,1794,2,no
42046,30,0,2,no
27087,46,1808,1,no
13056,28,226,1,no
18863,57,0,1,no
25774,43,1577,1,no
21816,46,591,3,no
31442,47,3663,3,yes
32268,33,322,3,no
27200,49,942,5,no
41930,35,70,2,no
40649,47,3940,3,yes
1878,38,171,5,no
36794,40,419,1,no
37477,51,107,2,no
42378,35,204,3,no
1287,32,715,2,no
38897,37,5768,1,no
15060,42,5639,2,no
35185,38,369,1,no
30168,43,53,4,no
8456,44,3813,1,no
41523,77,300,1,no
37739,37,397,5,no
10318,39,120,1,no
34881,55,1086,1,no
5539,36,876,2,no
29017,37,506,2,no
32274,35,545,1,yes
17216,43,-145,3,no
14708,38,1425,4,no
40989,72,2079,1,no
45060,43,2450,1,no
29400,42,718,2,no
33326,42,1049,1,no
44980,24,1809,1,yes
24668,45,1503,3,no
32363,31,297,2,no
22565,45,12766,3,no
45024,41,3355,2,no
38093,35,-167,3,no
17755,32,-95,4,no
19475,38,-34,2,no
38399,33,142,1,no
42339,29,1374,3,yes
35674,34,1234,1,no
7991,31,3729,8,no
39612,34,0,1,no
6414,45,1126,1,no
33734,45,5110,2,yes
36032,37,240,1,no
7502,30,3516,4,no
9567,30,23,24,no
38989,29,85,1,no
20523,33,2024,2,no
38505,29,940,1,no
28704,29,737,5,no
6095,48,3,4,no
12850,25,218,1,no
5453,28,369,3,no
705,43,-497,2,no
14206,50,5,2,no
3977,55,-268,6,no
8690,39,2615,6,no
30186,31,46,1,no
39359,28,0,5,yes
27464,32,14522,7,no
20004,33,6127,3,no
43554,32,154,1,no
7426,31,479,12,no
22372,33,99,2,no
12020,59,2814,3,no
20766,33,2302,2,no
11996,50,213,2,no
25302,32,4885,2,no
41869,63,588,2,no
23565,53,761,6,no
32987,30,103,2,no
15561,29,1221,2,no
1977,32,-83,3,no
36051,45,-104,12,no
9635,58,610,1,no
26981,44,-1,2,no
31923,39,0,2,no
29252,48,22,2,no
41993,52,992,1,yes
3550,33,-174,5,no
1767,47,65,1,no
7151,48,1598,1,no
37344,31,864,1,no
35539,45,1240,2,no
37109,37,655,1,no
30581,43,488,6,no
9681,53,17,2,no
21292,58,0,17,no
34123,35,71,2,no
35697,41,-274,1,no
21549,49,412,8,yes
19508,45,3098,2,no
13201,45,1343,1,no
41678,44,1495,1,no
26569,51,-153,2,no
41935,92,775,3,yes
39635,34,2178,1,no
36084,39,243,3,no
11425,44,7177,2,no
21023,39,668,2,no
6228,29,2564,2,no
30918,28,4987,21,yes
29744,44,414,1,no
25836,35,816,7,no
24622,56,1168,2,no
18140,53,0,1,no
18040,31,18,19,no
12843,58,2146,3,no
2862,40,771,1,no
30008,33,889,1,no
30485,42,4279,1,no
27108,45,857,1,no
10376,56,1113,1,no
25186,48,3713,2,no
6438,24,818,3,no
19707,35,374,5,no
25742,42,3211,2,no
27098,34,27446,2,no
9666,27,535,3,no
18976,54,763,2,no
22288,34,355,3,no
43296,42,16517,5,no
8064,36,1614,1,no
21197,58,8136,3,no
18511,50,0,9,no
27327,59,833,1,no
36773,36,1514,3,no
25588,33,1234,1,no
19337,33,3059,2,yes
18473,42,714,4,no
10669,59,31,3,no
982,30,102,2,no
12070,53,1287,3,no
37084,35,625,1,no
3258,52,1758,1,no
30047,33,706,2,no
34580,28,-25,2,no
19880,40,8259,4,no
5268,40,1516,1,no
37547,37,1140,3,no
41906,43,69,1,no
25823,52,3975,5,no
33364,46,859,1,no
17185,49,220,11,no
42087,60,3401,1,yes
31662,44,712,3,yes
10267,40,240,4,no
38726,35,205,7,yes
9676,52,0,3,no
39058,38,144,1,no
33250,42,0,1,no
41403,19,4,1,no
19675,57,256,4,no
37972,26,93,3,no
22334,32,-420,2,no
25491,45,38,1,no
21876,33,47,4,no
38575,26,140,5,no
11775,40,109,22,no
11063,45,1979,3,no
17901,55,1665,2,no
24915,50,0,1,no
1782,29,726,3,no
38210,31,1194,1,no
36584,39,167,1,yes
43212,26,760,2,yes
5055,32,5252,2,no
13567,33,127,1,no
4867,36,849,2,yes
22842,35,0,4,no
2433,25,-250,1,no
6857,30,397,7,no
36923,34,634,3,yes
32369,38,281,2,no
34546,27,740,1,no
17904,36,0,2,yes
39607,57,350,6,no
30348,59,2613,1,no
40336,31,1527,2,no
27964,32,89,1,no
42718,61,13546,2,no
25463,55,4053,1,no
6585,40,326,1,no
3218,46,2515,1,no
7667,40,1082,2,yes
36563,39,25,1,yes
23697,35,-78,13,no
7189,44,2523,2,no
30140,53,687,5,no
28390,27,-209,1,no
7280,55,218,2,no
797,34,205,1,no
16564,47,232,1,no
31634,38,12926,2,no
42455,30,1077,1,no
13672,37,224,2,no
38673,41,780,3,no
34635,41,-298,1,no
26453,30,925,1,no
27686,36,2347,3,no
26325,30,341,1,yes
15390,32,102,1,yes
29685,44,284,4,no
37938,47,1863,4,no
12,29,390,1,no
5310,33,18347,1,no
16259,50,19,1,no
9315,47,122,3,no
6610,38,2751,1,no
19486,40,1076,2,no
40850,64,1646,3,no
38408,30,1692,1,no
21707,52,7135,3,yes
35338,24,1725,1,no
6694,24,933,3,no
27,39,255,1,no
5766,43,527,12,no
35442,25,758,1,no
11048,50,580,2,no
19484,45,1732,2,no
17178,39,168,9,no
27309,32,1716,4,no
19356,48,473,2,no
17094,32,0,10,no
12524,37,606,3,no
10249,58,497,5,no
6072,52,-4,3,no
5701,36,0,1,no
37895,34,384,2,no
13537,41,231,2,no
36759,28,1,2,no
4943,36,957,1,no
32708,40,928,1,no
7597,42,8131,1,no
20031,32,167,3,no
12465,60,0,1,no
17946,41,1715,2,no
35203,34,-131,1,no
22839,51,135,4,no
5119,32,920,2,no
18616,40,0,34,no
23615,54,0,6,no
15056,42,168,1,no
39177,54,451,4,no
17975,55,96,2,no
27630,55,4809,2,no
12009,39,9716,2,no
15829,30,74,3,no
40578,34,5,7,no
6473,30,554,5,no
33522,58,739,7,no
39683,37,7,7,no
5527,35,-461,1,no
34299,32,2458,2,no
17977,51,837,2,no
14134,56,0,2,no
13043,46,-169,1,no
32786,35,437,1,no
30833,46,291,4,no
8638,45,194,2,no
1083,38,22,4,no
20759,56,681,2,no
30184,33,16649,1,no
3222,56,1894,1,no
24237,54,198,1,no
20066,61,368,3,no
18688,45,-405,3,no
30202,35,500,1,no
15183,32,2456,1,no
19931,33,59,4,no
27902,50,495,1,no
36918,36,356,4,no
10597,30,363,8,no
20112,51,385,2,no
23252,41,128,2,no
6513,30,0,3,no
12788,33,777,1,no
34258,28,-65,4,no
43378,42,2152,2,no
43787,28,0,1,no
2714,47,3346,2,no
22541,55,1598,4,no
12842,31,0,1,no
6348,37,-274,2,no
37740,48,541,1,no
11144,29,620,3,no
14522,51,382,3,no
3960,46,2207,3,no
34722,32,127,1,no
18289,37,483,11,no
5726,40,19343,4,no
24645,31,917,3,no
1707,26,-116,1,no
45053,49,1946,1,yes
32413,20,4137,2,no
30215,36,3270,1,no
435,32,320,2,no
27105,35,15474,1,no
33165,31,483,2,no
21241,36,7296,6,no
26100,30,19,5,no
2480,59,13308,1,no
25371,47,0,3,no
41937,30,411,3,yes
2204,36,-475,5,no
19830,47,7,2,no
33146,46,292,2,no
30042,44,0,2,no
15867,58,6570,3,no
5430,55,4746,3,no
6963,29,201,2,no
8702,29,4737,1,no
7507,44,3610,15,no
20665,51,771,3,no
20152,56,646,2,no
44884,36,980,2,no
41715,25,1185,1,yes
38500,25,173,2,no
8754,23,4409,1,no
27598,42,7482,2,no
41512,60,0,1,yes
8723,59,1611,2,no
15175,57,2538,2,no
11104,45,103,1,no
25249,50,5816,2,no
37154,32,7,1,no
25711,51,6451,2,no
35388,49,0,1,no
40502,33,152,1,no
21763,34,2671,9,no
35523,29,-20,3,no
10408,43,999,1,no
3239,43,1620,1,no
31560,42,1297,2,no
7241,43,6,2,no
39848,26,1623,1,yes
33150,40,169,1,no
17317,27,0,4,no
30669,37,310,1,no
8383,33,34,1,no
27273,43,13015,1,no
38040,33,49,7,no
44087,30,69,1,no
11878,32,2326,3,no
19869,43,6,2,no
43288,41,298,2,no
13645,52,0,1,no
9710,38,0,1,no
33318,41,1314,1,no
34945,50,636,2,no
45076,28,11862,2,yes
38389,39,-50,1,no
1369,31,335,1,no
7591,38,226,3,yes
4205,54,912,1,no
12211,51,1348,19,no
30807,34,0,3,yes
1548,53,359,8,no
21650,37,971,6,no
32598,30,971,1,no
40988,76,3324,2,yes
3023,25,192,1,no
35670,46,174,1,no
31150,71,653,1,yes
15992,29,-235,1,no
10713,41,0,3,no
7067,41,882,2,no
36969,38,0,5,no
26395,31,450,2,no
18270,43,1996,3,no
35274,44,-57,1,no
7480,49,287,2,no
8546,30,-63,1,no
35236,38,673,1,no
41600,71,4847,2,no
9275,57,3594,2,no
9446,40,334,5,no
25210,32,416,2,no
1936,27,683,3,no
16061,32,143,3,no
28583,51,-898,2,no
4900,25,-268,1,no
25515,33,575,1,no
30234,33,596,1,no
10663,52,1250,1,no
30139,28,392,2,no
20376,46,0,5,no
3448,54,24,1,no
30606,31,0,6,no
37352,36,1331,3,no
1186,35,1094,1,no
33409,51,1016,1,no
25355,45,0,5,no
19406,34,4535,3,no
38364,34,29,5,yes
43350,43,774,1,yes
22596,46,304,5,no
27141,32,1344,1,no
15403,52,2133,1,no
30395,58,-158,1,no
4596,32,138,1,no
19363,46,51,9,no
37514,55,639,5,no
12195,58,247,6,no
26715,30,2784,3,no
25508,37,345,1,no
34824,24,299,1,no
5143,31,629,2,no
15514,52,3754,2,no
31277,29,2326,1,yes
13348,59,302,2,no
3812,22,118,1,no
13124,25,218,1,no
2292,57,0,3,no
40090,37,549,2,no
3604,31,358,2,no
13287,25,86,2,no
39450,27,118,1,no
16041,36,0,1,no
1660,51,-286,1,no
3794,56,3690,2,no
29023,38,106,1,no
17227,27,31,2,no
2978,53,369,2,no
23793,42,0,12,no
12219,56,778,4,no
12275,50,1318,3,no
24289,44,0,1,no
29176,41,1332,3,no
22752,33,0,2,no
19448,54,6812,3,no
152,26,0,2,no
9192,59,500,1,no
43547,41,3823,10,no
37539,32,385,2,no
45175,62,272,1,yes
19018,41,1391,1,no
11756,42,3717,1,no
11413,56,1663,1,no
6005,54,-152,11,no
37856,46,-236,2,no
8160,35,1707,3,no
43983,40,697,2,no
42066,36,1327,2,no
16213,48,485,2,no
27477,34,892,2,no
35467,35,142,2,no
32783,33,9305,2,no
33141,43,2586,1,no
27504,52,4793,3,no
22026,52,584,18,no
37628,28,170,5,no
5923,39,283,2,no
32401,36,918,2,no
42725,38,7005,1,yes
20876,54,588,1,no
34528,34,0,1,no
26266,35,4323,1,no
24452,54,2398,1,no
6338,30,-213,1,yes
38535,51,129,2,yes
2607,42,128,1,no
11051,35,331,3,no
35340,54,8509,1,no
22124,30,9,2,no
6415,25,4063,1,no
7039,27,3955,3,no
6,35,231,1,no
16127,33,474,2,no
19548,33,277,2,no
36412,53,238,2,no
5414,30,79,3,no
441,49,61,1,no
34180,57,350,3,no
41015,34,13014,1,yes
44256,60,0,1,yes
33217,24,393,1,no
1939,56,230,4,no
9118,54,11464,1,no
18910,37,2410,1,no
4871,34,1270,3,no
22468,57,333,2,no
44197,29,658,2,yes
7976,50,332,4,no
17270,36,-861,2,no
38076,33,1074,2,no
27461,30,9634,4,no
28291,38,-241,2,no
7705,34,650,2,no
16892,25,-282,1,no
43662,32,2976,5,no
5070,35,453,2,no
27604,48,761,2,no
23607,39,315,4,no
9409,58,1266,1,no
24644,38,0,2,no
36026,27,68,5,no
16450,56,5,3,no
41497,31,0,1,no
24648,34,815,2,no
43999,37,122,2,yes
29282,31,4015,2,no
7665,39,160,2,no
13120,59,136,1,no
35009,33,-542,2,no
41705,44,282,3,yes
40153,30,0,2,yes
6458,38,254,6,no
14246,25,-375,2,no
15006,34,808,3,no
27220,31,3653,1,no
43935,28,2725,1,yes
7182,29,209,6,no
24431,37,344,1,no
12908,33,329,4,no
8303,37,673,2,no
21331,60,3,2,no
30594,43,321,5,no
25466,33,1148,1,no
43943,30,436,1,yes
3535,51,701,3,no
13728,55,199,1,no
8385,38,-562,1,no
22874,52,981,4,no
4455,35,3187,1,no
36996,50,3016,5,no
25722,37,1165,3,no
17766,28,0,4,no
34303,52,876,3,yes
2614,51,1212,1,no
22561,59,0,1,no
37386,40,125,2,no
9954,37,3913,2,no
28523,56,29,2,no
17960,45,579,2,no
35721,46,2396,1,no
45131,33,5083,1,no
1618,56,230,4,no
14220,29,93,4,no
12122,45,14902,6,no
9523,45,5287,2,no
38419,27,353,1,yes
32334,27,2171,1,no
28989,36,367,1,no
24006,32,2233,15,no
17694,25,342,4,no
21443,41,2851,3,no
26251,32,6402,1,yes
18703,48,10655,3,no
406,50,0,1,no
16604,44,0,1,no
4124,57,5431,2,no
33589,31,-186,5,no
8757,60,1664,2,no
2038,42,-10,4,no
24332,36,5057,1,no
1023,31,308,1,no
37164,52,7180,1,no
7435,54,107,3,no
10886,36,2491,2,no
33465,45,757,1,no
16651,52,0,1,no
29390,33,0,3,no
36166,40,-17,1,yes
27725,55,366,1,no
38549,29,25,5,no
44714,27,592,1,no
32081,36,926,1,yes
37925,33,315,3,yes
13306,57,0,3,no
1264,47,643,1,no
8540,39,1132,1,no
19969,38,1074,8,no
17436,59,149,16,no
21147,56,8163,4,yes
36873,35,2321,2,no
34338,63,2352,7,yes
42603,25,139,1,yes
10846,46,17,1,no
396,32,0,3,no
16489,32,1291,2,no
9261,35,2452,2,no
44670,88,648,1,no
32100,65,587,2,yes
25169,45,35589,2,no
8939,27,0,2,no
8951,59,87,10,no
38892,34,55,1,no
31134,29,15459,7,yes
44015,31,4951,3,no
45197,25,358,1,yes
28476,45,398,1,no
26869,53,3366,6,no
30194,30,2616,1,no
17280,53,362,2,yes
38602,40,0,2,no
4251,44,409,1,no
12197,25,94,16,no
1226,27,81,1,no
6409,35,-199,2,no
21663,43,0,2,no
4755,38,28,1,no
33365,35,598,1,no
6956,29,415,4,no
40913,34,415,1,no
8620,28,-298,7,no
37957,51,354,2,no
38376,41,526,5,no
39398,59,0,1,no
4861,41,2490,2,no
15443,30,1195,2,no
43282,80,155,1,yes
37226,34,1314,1,no
12166,47,2394,2,no
37437,47,6150,2,no
22651,57,3518,3,yes
31515,41,1236,2,no
29256,43,597,1,no
37010,47,1112,1,no
10420,60,517,3,no
32020,33,318,1,no
15468,50,378,9,no
40927,25,2305,2,no
9467,59,10360,1,no
14569,38,164,3,no
18434,38,590,2,no
18293,30,47,17,no
26285,40,542,1,no
20472,37,553,2,no
28005,46,755,1,no
16490,37,536,2,no
24087,44,1324,1,no
26452,30,-174,1,no
13094,33,-54,1,no
17565,42,-416,5,no
17879,47,255,4,yes
16446,56,-229,10,no
14558,44,468,2,no
40019,26,2786,2,yes
21807,42,439,2,no
28070,59,4457,2,no
33276,32,2974,1,no
26581,32,983,2,yes
21743,30,151,4,no
22759,58,5188,6,yes
5968,44,0,3,no
33469,31,1262,2,no
10996,56,2409,2,no
24688,53,627,3,no
23914,33,0,2,no
26163,45,2128,3,no
31336,25,1259,1,no
3890,32,1,2,no
10867,51,336,1,no
16981,37,287,2,no
29428,54,5372,2,no
33426,46,145,2,no
11056,36,0,5,no
5640,27,3,5,no
4850,36,808,1,no
3300,45,1992,1,no
65,49,154,1,no
33908,21,224,1,yes
17933,52,43,2,no
13673,48,51,1,no
19417,46,225,5,no
30756,59,3444,2,yes
44002,34,746,1,no
6183,25,-187,4,no
15592,53,624,4,no
12662,27,126,4,no
3857,40,37,1,no
20844,57,696,6,no
10224,36,219,7,no
18214,59,0,3,no
41117,50,2218,1,yes
14259,35,1859,2,no
22223,39,1981,4,no
15454,37,35,3,no
10438,47,1985,2,no
17869,39,406,5,no
15817,34,272,2,no
23766,46,292,13,no
35147,58,0,3,no
13697,42,-560,4,no
16463,56,94,3,no
21556,52,2122,6,no
10111,58,2232,1,no
42346,70,3230,1,no
16944,49,-54,1,no
34706,35,-229,1,no
26252,36,1295,1,yes
28647,39,656,3,no
38187,31,122,1,no
10441,40,0,2,no
9617,48,2662,2,no
25340,53,337,2,no
8661,35,2201,3,no
28,52,113,1,no
39174,30,1336,3,no
10968,55,752,2,no
20532,49,350,6,no
17190,46,53,3,no
10535,50,0,4,no
26130,56,0,2,no
23236,36,30,2,no
33274,59,-423,1,no
27314,32,2737,4,no
39319,37,10269,2,no
14240,49,2356,2,no
37759,31,0,1,no
38340,25,1433,1,no
34234,60,2580,5,no
5303,31,14692,1,no
15798,29,-453,1,no
29528,52,3016,1,no
14777,33,2,1,no
22788,31,2652,9,no
42259,27,4745,4,yes
35793,28,0,3,no
40856,32,1153,2,no
29394,42,11093,2,no
7751,46,49,3,no
10048,47,450,5,no
5350,31,1804,1,no
33606,32,623,4,no
21005,55,3334,4,yes
3455,44,4580,2,yes
363,27,8,3,no
36580,28,1119,1,no
44196,57,3498,2,no
10754,58,1136,3,no
13339,29,313,2,no
11168,36,2627,1,no
15803,35,475,4,no
33763,30,40,2,no
21826,44,331,4,no
20558,43,25,2,no
34165,31,354,1,yes
23419,55,356,6,no
34401,59,6212,2,no
21726,52,96,1,no
29613,34,425,2,no
9809,53,-896,1,no
16161,56,693,5,no
32323,33,2441,2,no
45110,78,1780,2,yes
1129,36,-79,3,no
23,32,23,1,no
34246,57,738,3,no
36818,60,18,4,no
11577,36,472,1,no
20887,32,5122,1,no
3981,35,510,6,no
15458,47,-58,2,no
10775,45,698,4,no
18548,59,-266,11,no
33422,30,216,3,no
19281,55,628,2,no
27409,33,418,1,no
31818,58,189,1,no
5311,33,177,1,no
14516,34,-353,4,no
2926,42,0,1,no
7451,45,1041,3,no
25452,35,808,1,no
3196,50,-143,3,no
33056,46,9077,2,no
43293,30,1077,1,no
28606,45,25,3,no
8051,31,8,1,no
4370,44,261,5,no
7249,49,266,2,no
11214,35,1201,1,yes
13190,30,2261,2,no
37198,42,382,1,no
20622,49,408,4,yes
29791,41,-195,3,no
37096,38,1401,1,yes
26428,41,98,1,no
27033,32,2817,1,no
37186,40,328,1,no
795,46,2303,1,no
11938,51,325,4,no
21220,30,44,4,no
27379,30,3300,1,yes
36935,40,2495,2,no
6662,23,214,1,no
16694,28,1241,1,no
15226,40,2977,1,no
11693,48,7,2,no
38398,31,147,1,no
3043,49,6050,2,no
27202,57,476,1,no
17428,30,208,3,no
14605,42,0,4,no
9488,43,482,13,no
26253,35,1379,1,no
37746,33,142,1,no
7387,29,1093,2,no
18229,35,144,3,no
43806,29,124,1,no
24465,35,0,1,no
20435,39,1880,2,yes
21410,30,19,15,no
11574,45,-52,1,no
31341,56,1928,6,no
11554,39,2860,1,no
7332,42,-1485,2,no
5272,37,3517,1,no
33044,38,0,2,yes
19077,43,629,1,no
43351,37,2678,1,yes
6612,33,3002,2,no
36968,46,404,7,no
30544,48,191,3,no
34093,57,11632,2,no
38729,32,6542,4,yes
38010,56,309,2,no
25131,38,2008,1,no
6830,39,-53,3,no
42022,65,11240,1,no
4177,34,221,1,no
18621,39,0,3,no
2854,40,7831,1,no
16109,35,144,2,no
14036,26,-759,1,no
25157,54,210,1,no
10347,36,1319,1,no
16353,29,30,3,no
26368,52,6922,1,no
10237,49,1788,2,no
36238,55,0,3,no
28671,35,6411,1,no
4315,55,212,2,no
15052,42,1977,6,no
18007,54,1383,4,no
8077,38,6843,1,no
37930,58,8548,8,no
37987,43,30,5,no
22267,33,0,8,no
3516,58,3501,3,no
34858,53,54,1,no
28391,54,433,2,no
5768,39,-606,1,no
40956,58,0,1,no
29806,40,658,1,no
32789,32,-109,1,no
39924,40,4298,1,no
21771,48,0,7,no
39837,36,202,1,no
11347,52,0,1,no
33750,42,10072,1,no
21833,31,2294,2,no
2683,59,593,2,no
35167,28,0,1,no
3056,44,474,4,no
44194,63,180,2,yes
864,40,1265,1,no
12583,42,506,2,no
9405,30,329,16,no
34287,30,11278,3,no
43342,54,2693,1,yes
22481,35,1496,4,no
6929,34,-58,2,no
2467,41,-111,1,no
20601,55,1011,2,no
25703,46,9347,1,no
23488,40,872,4,no
5376,29,208,1,no
20015,48,801,1,no
1440,46,125,2,no
18096,39,1116,2,no
13223,60,725,1,no
21174,58,494,10,no
39675,58,-235,2,no
35375,57,455,1,no
25047,49,8142,1,no
36575,36,168,1,no
32501,48,191,1,no
20642,54,4943,11,no
13666,47,-3,1,no
39949,54,446,2,no
34847,52,786,5,no
27010,38,1,2,no
23467,56,-123,3,no
11978,46,0,3,yes
2674,48,4265,2,no
28485,26,2613,2,no
29614,31,1331,2,yes
31037,28,174,1,no
23490,51,1573,18,no
41769,72,4415,1,no
44693,43,1707,3,yes
19996,32,298,1,no
36066,36,14,1,no
36450,35,151,2,no
35169,32,169,11,no
23451,58,136,6,no
338,53,56,2,no
35553,31,1192,2,no
20389,34,2657,3,no
1943,29,510,6,no
27069,38,814,1,no
1914,43,336,1,no
13899,26,170,1,no
8916,50,3423,6,no
7772,38,2548,1,no
23402,40,4594,5,no
21683,39,88,4,no
23646,37,0,1,no
32540,34,1226,1,no
16418,42,1532,3,no
23222,35,344,16,yes
39466,26,5741,1,no
1077,39,365,4,no
29007,32,714,1,no
29812,33,0,1,no
5400,46,295,6,no
14264,42,682,2,no
43033,38,775,3,yes
16268,53,913,1,no
40549,25,302,1,no
36129,33,4789,1,no
8272,39,2617,2,no
39440,43,733,1,yes
7898,43,192,2,no
3200,49,2040,1,no
43745,27,6421,3,no
14864,50,782,1,no
41187,59,2239,6,yes
27483,53,186,2,no
37701,28,0,7,no
3325,49,341,2,yes
26280,35,5551,1,no
10197,32,1160,2,no
30925,46,561,4,no
3744,38,961,1,no
34057,56,746,1,no
43864,54,496,1,no
27388,45,0,1,no
43310,60,514,1,yes
28780,51,527,1,no
27158,46,39,1,no
29666,59,1089,2,no
35604,52,249,1,no
19912,45,827,2,no
7441,37,0,4,no
29752,42,148,1,no
11232,48,0,1,no
40614,52,1228,1,yes
998,43,61,1,no
24761,41,3275,1,no
18677,31,6145,13,no
25775,56,107,1,no
7177,40,1269,1,no
2125,37,1047,1,no
22044,40,324,2,no
17117,46,312,7,no
10170,38,-10,1,no
21581,31,7369,4,no
27408,32,86,1,no
32848,35,1728,1,no
4562,38,666,10,no
18716,61,410,4,no
20891,33,191,2,yes
11026,38,156,3,no
32696,48,408,1,no
12684,36,-27,4,no
29757,32,5670,1,no
304,36,62,2,no
20543,31,86,4,no
25460,35,4515,2,no
36313,42,1453,1,no
6618,25,43,1,no
25168,36,0,2,no
23219,39,0,4,no
16168,32,268,5,no
35544,29,991,2,no
14038,27,70,1,no
14975,29,454,11,no
43377,28,832,3,yes
6178,28,110,1,no
35395,41,77,1,no
30497,33,14850,5,no
30650,47,700,3,no
5401,54,7252,2,no
41583,50,810,1,yes
29606,38,1324,1,no
27154,30,274,5,no
15196,31,-120,2,no
107,47,151,1,no
3405,43,3060,2,no
16103,32,964,2,no
30216,35,2707,1,yes
42605,55,1633,1,yes
6388,28,204,1,no
37910,49,1253,2,no
19456,49,0,2,no
21349,30,1541,8,yes
30693,33,697,2,yes
17350,29,0,6,no
9855,48,533,1,no
33224,33,910,1,no
38880,27,-579,1,no
23438,33,2637,17,yes
43718,70,1164,3,no
29743,59,865,1,no
46,36,-171,1,no
9287,37,636,2,no
35051,58,1187,2,no
27290,30,-559,1,no
15305,58,474,1,no
36712,41,1634,5,no
19442,39,0,2,no
1779,27,662,1,no
9911,37,439,1,no
23925,32,1179,2,no
3647,58,1533,2,no
33269,39,18,1,no
12212,30,-250,6,no
16558,35,0,2,no
7866,57,16063,3,no
36870,31,465,3,no
24912,36,1345,1,no
10217,58,5092,6,no
17911,36,318,2,no
18241,56,846,7,no
13581,44,145,6,no
16996,32,0,1,no
8053,33,231,1,no
10858,55,925,1,no
41375,32,59649,2,no
39507,37,2211,1,no
9388,48,0,2,no
24221,57,7162,1,no
18415,48,-876,16,no
272,40,0,1,no
19326,60,151,4,no
28490,28,527,2,no
21088,47,232,4,no
16474,45,524,1,yes
3737,30,484,2,no
36629,38,1616,5,no
12503,31,824,3,no
640,35,69,2,no
17947,56,68,3,no
33994,36,0,1,no
17106,31,3,3,no
22008,33,0,1,no
32676,33,273,1,no
1081,37,0,4,no
22059,55,35,4,no
41420,55,0,2,no
3213,48,6127,1,no
41842,75,3771,1,yes
21495,49,2,8,no
15331,30,593,1,no
41338,28,207,1,no
28441,26,94,1,no
41003,27,4590,1,no
12440,57,0,2,no
11465,51,2604,1,no
5966,39,879,2,no
11585,51,2843,2,no
43354,20,179,3,no
8255,58,2084,5,no
36195,32,314,6,no
36140,60,1608,1,no
1020,35,229,3,no
4097,51,4089,1,no
34888,44,1864,1,no
7712,32,419,2,no
32578,33,288,1,no
26925,30,4925,1,no
6793,27,1577,2,no
27641,47,3451,2,no
38973,33,2164,11,no
44053,39,1,1,no
7112,37,-4,1,no
29723,59,5956,1,no
35055,54,432,1,no
15780,40,-60,1,no
31849,37,523,2,no
2396,53,367,2,no
23661,52,118,20,no
44730,34,2240,2,yes
40861,26,5296,1,no
26108,49,0,3,no
1781,35,198,2,no
7464,31,203,3,no
26015,30,2451,2,no
23547,34,1,2,yes
19057,59,153,2,no
43827,33,523,1,yes
2632,26,3108,3,no
16739,50,-701,1,no
38379,28,22,2,yes
28343,39,648,2,no
3592,59,337,4,no
35914,38,488,6,no
20290,33,299,4,no
38516,49,1230,2,no
42648,24,3176,2,yes
8585,31,60,10,no
887,42,263,1,no
9417,37,1004,3,no
23477,46,505,7,no
19193,57,1230,4,no
2057,34,0,2,no
44782,62,2557,1,yes
28177,42,-259,1,no
18689,58,1496,6,no
21310,51,2242,3,no
40768,40,694,4,no
20012,40,949,1,no
35862,56,-9,1,yes
43594,37,565,1,yes
642,33,332,2,no
25476,36,3839,1,no
5362,56,246,1,no
4428,29,271,2,yes
18281,48,816,7,no
44604,20,825,1,no
4607,37,4798,2,no
4430,31,368,1,no
38091,36,568,3,no
21802,34,1339,8,no
3775,35,-613,1,no
17744,47,356,5,no
27893,48,5978,1,no
16601,40,1614,1,no
43135,58,4606,2,no
38586,25,806,2,no
11588,26,1028,1,no
39959,54,990,2,yes
45099,44,11115,1,no
13055,28,476,1,no
20606,31,596,4,no
39528,33,109,2,yes
20139,33,348,2,no
26899,55,6958,5,no
22245,36,518,1,no
34666,31,345,3,no
40178,53,380,2,yes
33690,36,459,2,no
43658,42,756,3,no
15204,29,900,2,no
43540,36,2183,2,no
44039,31,1539,2,no
40400,41,1567,2,no
9816,31,499,2,no
29050,46,0,1,no
44100,28,1414,1,yes
17157,31,949,7,no
26674,33,129,1,no
33098,32,112,1,no
10525,36,4143,5,no
395,43,1205,2,no
14663,36,112,2,no
21510,44,0,2,no
33611,42,0,4,no
5005,36,247,5,no
19048,52,989,1,no
8832,30,88,1,no
16102,57,14,2,no
35035,38,1,2,no
38608,39,435,6,no
18414,49,548,6,no
33432,42,527,1,yes
2058,25,784,2,no
36283,55,8044,5,no
36071,40,1185,1,no
13776,59,20,1,no
44772,47,1740,1,no
35587,46,-35,3,no
23947,54,466,4,no
44690,48,0,2,yes
36838,36,4986,2,no
6561,46,-154,2,no
16879,37,2642,3,no
25323,35,1055,2,yes
18227,30,160,4,no
38799,31,512,8,no
41277,69,0,2,yes
4099,38,2407,1,no
44270,41,14968,4,yes
1219,48,71,2,no
18673,42,1812,2,no
1409,38,90,2,no
20655,45,424,5,no
11218,45,959,1,no
24538,32,6274,2,no
8205,46,13,4,no
41404,32,1270,1,no
43232,37,6771,1,yes
16721,51,33,2,no
5682,34,503,2,no
13716,54,0,1,no
24347,48,8106,1,no
3202,52,5006,1,no
31972,38,3834,2,no
8213,45,6,6,no
24022,35,0,6,no
4890,36,3202,2,no
33363,39,3870,1,no
32211,33,23663,2,no
28716,26,157,2,no
8109,41,1027,2,no
2474,47,3960,1,no
22734,56,3694,4,no
38464,26,864,1,yes
40079,30,4,1,no
1923,30,2530,1,no
32251,23,1158,1,no
17444,33,0,12,no
26919,37,680,11,no
31669,33,2554,3,no
4842,36,0,1,no
24282,40,0,1,no
24856,52,-723,1,no
11786,41,0,1,no
30384,34,3648,1,no
28001,30,140,1,no
31511,22,722,1,no
39107,38,170,1,yes
25351,51,1937,4,no
2077,37,0,4,no
34151,61,927,3,yes
20515,35,1067,6,no
6008,33,-367,2,no
40357,35,2088,3,no
17602,42,150,2,no
30615,41,611,1,no
23212,40,336,6,no
30922,56,505,2,no
42077,30,53,1,no
22706,49,1860,3,no
6056,28,4716,2,no
11219,50,1019,1,no
30122,37,1639,3,no
1741,29,-680,2,no
40038,33,1439,2,no
9815,49,3169,1,no
28205,54,0,1,no
20546,35,0,2,no
17730,47,312,1,yes
16448,48,0,2,no
30483,31,2010,5,no
12461,40,84,2,no
15684,43,375,4,no
27003,44,3938,1,no
25937,49,6429,1,no
15246,58,1692,5,no
42257,43,3403,2,yes
10403,41,-700,1,no
42050,30,697,3,yes
3193,42,2918,2,no
17523,42,-78,23,no
1455,44,1378,2,no
9493,37,319,3,yes
40137,40,1819,2,no
25209,36,801,2,no
8254,48,1849,3,no
34557,40,411,1,no
8098,33,395,1,no
29889,46,182,1,no
3099,30,609,1,no
41732,26,993,1,no
38113,47,452,4,no
25969,56,-429,2,no
6823,45,554,2,no
634,33,85,3,no
31284,34,575,1,yes
26500,39,369,1,no
6962,30,2607,10,no
12263,48,940,3,no
41814,30,0,1,no
2941,41,890,1,no
36173,33,358,1,no
27431,32,23663,2,no
43215,70,6850,3,no
14989,49,1672,3,no
12907,50,680,5,no
34323,45,803,4,yes
42698,42,994,1,yes
44708,33,616,3,yes
237,53,315,2,no
29542,38,325,6,no
29521,43,0,1,no
23814,38,300,5,no
20554,58,108,4,no
15912,30,874,2,no
8600,28,3844,2,no
35906,39,1433,2,no
26200,35,0,1,no
26172,57,3,3,no
33681,38,2669,2,no
9746,58,2348,1,no
24525,46,567,2,no
2883,40,1535,1,yes
19590,53,787,2,no
37877,35,336,1,yes
37598,37,241,1,no
17327,50,1954,4,no
17770,53,2191,5,no
13974,41,362,5,no
15862,29,872,2,no
16351,48,2739,4,no
9089,56,206,1,no
19727,33,2376,3,no
35889,46,740,1,no
25256,50,2570,2,no
37201,35,577,1,no
17882,49,-73,22,no
34244,33,489,4,yes
17132,35,1629,4,yes
22107,39,0,2,no
38866,36,1163,7,no
27916,54,876,2,no
37074,51,40,1,no
591,36,-15,3,no
32178,31,0,2,no
11882,52,-107,2,no
6570,32,-71,2,no
27741,43,87,1,no
36493,56,190,8,no
7966,40,335,3,no
38717,30,3123,2,no
15978,44,196,1,no
25686,53,1778,2,no
23941,33,842,4,no
37289,46,-35,1,no
22188,50,533,4,no
31095,63,1612,2,yes
9696,42,375,5,no
4317,49,580,2,no
4675,41,804,8,no
14640,52,217,6,no
26599,59,6888,2,yes
8969,41,5,1,no
9983,43,532,2,no
34536,29,-368,1,no
21067,30,4561,2,no
11184,49,1401,1,no
8267,33,0,2,no
16877,30,179,2,no
21684,50,-1415,2,no
11518,20,66,2,no
37977,38,1731,2,no
13881,39,-4,1,no
825,34,302,1,no
8748,27,1065,1,no
3276,34,87,2,no
17997,54,0,2,no
29532,32,357,3,no
1754,37,934,2,no
14326,34,344,3,no
30811,52,1089,4,no
28007,47,1236,1,no
42417,69,344,2,no
4877,33,467,2,no
6609,39,5222,1,no
5424,33,745,4,no
41195,43,3186,1,no
11860,40,188,2,yes
36647,43,24,1,no
23997,32,224,4,no
16255,34,804,9,no
20562,57,2714,2,no
21247,30,913,4,no
31821,32,5,1,no
16043,41,145,2,yes
26399,39,519,1,no
869,38,673,1,no
41291,84,1702,1,no
34691,27,3160,5,no
23986,47,124,15,no
26119,32,509,2,no
8079,39,1682,1,no
29990,33,-241,1,no
3281,57,3123,1,no
43858,34,1087,1,no
28526,27,6424,2,no
43380,57,3287,2,yes
35070,26,285,2,no
7141,43,310,1,no
13430,45,-100,1,no
13698,28,0,1,no
37243,34,142,1,yes
25595,45,1309,1,no
42549,25,10788,2,no
43502,57,2845,5,yes
25839,46,2017,1,no
5080,58,1402,5,no
40884,37,3420,1,no
1774,32,331,2,no
43494,34,589,2,yes
19799,53,3177,2,no
36258,40,51,1,no
39037,30,-383,1,no
8521,30,167,2,no
9482,36,1594,3,no
23491,51,-272,5,no
4474,36,84,1,no
17473,29,1895,6,no
38220,28,769,1,no
38935,24,414,1,yes
15749,42,970,10,yes
7275,38,2345,2,no
35574,33,0,4,no
2017,37,-120,2,no
1608,32,281,4,no
17943,55,3293,2,no
11589,54,52,3,no
15661,37,0,2,no
31347,57,1610,1,no
36275,27,100,4,no
41333,34,1464,3,yes
40981,33,1604,2,no
5444,32,127,2,no
32900,31,0,2,no
45091,33,146,1,yes
4644,39,1411,2,no
35092,36,0,3,no
498,50,41,1,no
28191,32,486,1,yes
10529,39,47,3,no
3665,60,773,22,no
30105,29,260,2,no
7434,34,-276,3,no
28925,62,973,1,yes
38124,39,43,8,no
19208,42,0,3,no
9396,36,4785,1,no
44201,60,739,1,no
32361,56,51,1,no
10519,40,256,6,no
21424,35,771,5,no
37559,33,-224,2,no
26550,43,1646,1,no
23926,34,194,2,no
764,30,800,2,no
2390,33,-90,1,no
30637,41,351,8,no
31441,31,620,1,no
6841,27,9636,2,no
13588,44,262,1,no
27632,33,0,7,no
7836,43,0,9,no
4821,39,528,5,no
21051,43,696,8,no
8508,31,2104,1,no
20505,47,0,2,no
6413,24,84,1,no
9760,37,7027,1,no
42499,26,12,4,no
14818,27,151,1,yes
31877,39,272,1,no
40402,72,132,2,yes
16006,49,136,1,no
38253,39,1254,1,no
16,51,229,1,no
21250,30,13763,3,no
31747,51,4787,1,yes
22797,51,7134,7,no
3953,43,-57,2,no
33078,28,1843,2,no
27957,31,338,1,no
36336,36,-523,1,no
17534,48,0,6,no
28081,49,350,3,no
20618,49,553,8,yes
2129,35,362,2,no
10140,49,384,1,no
31146,80,1021,1,no
723,52,58,3,no
41122,62,1495,1,yes
17334,27,103,5,no
24475,49,7007,2,no
33406,31,648,1,no
24825,54,13,2,no
18791,41,1281,3,no
23131,38,257,10,no
8889,29,-489,2,no
42391,28,330,1,yes
26366,35,450,2,no
2229,38,3165,2,no
37249,47,-49,6,no
21997,33,163,2,yes
43832,28,118,2,no
27610,42,-571,2,no
7879,51,343,2,no
32577,38,8444,2,no
16039,55,255,1,no
38047,33,207,4,yes
26468,36,20451,3,no
44380,33,2321,1,no
7378,49,-151,2,no
2011,33,447,2,no
42042,54,240,1,yes
27691,32,875,2,no
10191,54,1326,2,no
34436,46,212,1,no
30824,31,783,5,no
1903,39,1261,2,no
43927,27,1720,1,yes
24103,35,0,1,yes
16348,36,14930,1,no
28768,51,5699,1,no
6048,28,-358,2,no
18997,42,9720,2,no
19311,55,689,4,no
38492,48,480,1,yes
37432,41,305,2,no
6908,29,8089,2,no
9752,41,176,1,no
40703,72,1612,2,yes
12313,29,42,4,no
18131,49,1712,3,no
9115,38,4207,1,no
28458,36,4634,1,no
945,31,564,3,no
31482,38,10,1,no
27400,37,65,10,no
39433,38,4841,3,no
27580,47,3072,3,no
6985,27,5883,2,no
38806,44,185,7,no
28215,31,1120,2,no
8063,32,3237,2,no
39186,35,-295,2,no
36286,21,398,3,no
26059,37,510,2,no
8560,23,425,1,yes
32912,47,91,2,no
34252,48,428,2,no
37373,35,153,3,no
13787,35,25,1,no
22659,30,77,3,no
27067,32,0,1,no
10205,41,6204,2,no
10808,35,402,1,no
43152,66,2149,1,yes
6766,42,-1310,1,no
31814,50,-97,1,no
25670,32,0,1,no
3189,50,-516,2,no
36077,37,9306,1,no
8032,39,2854,1,no
24797,33,24,1,no
21381,31,41,2,no
30437,37,629,1,no
16569,37,0,1,no
34354,46,334,6,no
35983,36,153,1,no
41407,83,0,1,no
26927,50,12519,3,yes
13734,44,-237,1,no
13966,41,407,2,no
42910,36,994,1,yes
37218,39,145,3,no
9798,36,7821,1,no
25718,45,142,1,no
22403,49,0,2,no
45086,25,325,3,yes
8464,40,435,5,no
3926,32,715,15,no
27739,38,574,1,no
42178,34,2374,1,yes
8731,49,-347,3,no
21947,41,143,7,no
1361,37,50,3,no
5951,35,442,3,no
37242,58,1411,2,no
8885,27,419,2,yes
4906,33,141,2,no
15257,35,449,8,no
43786,29,70,1,yes
19749,52,5102,2,no
35806,42,4,2,yes
42537,40,782,5,no
529,48,549,1,no
39656,41,1081,3,yes
2370,25,768,1,no
12570,60,241,3,no
13413,33,0,3,no
11227,44,2283,2,no
31771,53,35,1,no
7716,35,391,8,no
5025,27,2183,1,yes
41284,63,91,3,yes
33072,24,-424,6,no
36093,54,401,1,no
4598,32,8291,1,no
35254,36,-679,1,no
9471,47,673,4,no
20594,60,131,6,no
19172,48,547,2,no
37590,36,1336,7,no
21508,48,4060,2,no
10653,30,384,3,no
40560,20,829,2,yes
36164,30,137,1,no
38498,40,2574,1,yes
16741,52,7,5,no
44886,32,2093,2,yes
35782,28,-281,4,no
3910,44,1310,1,no
44350,45,4831,3,yes
18705,44,0,38,no
19704,32,3360,5,no
15920,40,2611,2,no
2020,31,6248,2,no
41414,72,6199,1,no
568,46,-125,1,no
41357,49,99,1,no
43797,28,742,1,yes
4487,27,-291,2,no
14405,29,-191,2,no
30280,30,81,1,no
36717,42,246,2,no
23872,59,1059,2,no
40663,50,938,2,no
39868,47,1147,1,yes
25299,49,999,4,no
25552,32,1520,1,no
11279,38,519,14,no
13527,34,0,1,no
28134,40,232,1,no
42542,30,7105,2,yes
11803,44,2400,1,no
24147,33,1234,1,no
15910,58,0,3,no
7258,33,-49,2,no
37755,31,625,3,no
6575,53,392,1,no
32669,34,21,1,no
7804,41,373,2,no
24687,40,219,2,no
2527,25,1270,2,no
24188,51,58,1,no
28392,35,147,1,no
31705,33,0,1,no
32270,36,2687,3,no
32927,31,603,2,no
41939,42,527,1,yes
33650,38,0,3,no
14064,31,0,2,no
27884,26,52,1,no
33045,33,476,3,no
667,35,148,2,no
15740,50,776,2,no
21344,31,350,2,no
23435,56,1539,14,no
24710,45,781,2,yes
6763,24,674,1,no
6616,42,-262,3,no
22442,32,90,2,no
37512,40,830,3,yes
6300,33,723,1,no
4180,29,617,1,no
22890,35,31,8,no
1833,40,10,2,yes
34253,49,1133,3,no
36814,56,31,2,no
11520,36,1352,1,yes
2059,30,2581,2,no
29675,42,400,5,no
21304,32,-217,4,no
40227,24,1506,2,yes
14691,36,7051,13,no
29987,31,2937,1,no
12824,27,54,1,no
27622,34,362,2,no
17867,51,1017,6,no
43428,27,-67,3,yes
14733,58,4048,5,no
23017,31,17,2,no
42979,58,589,3,yes
36229,42,1449,1,no
13398,35,0,1,no
7550,44,757,4,no
24946,51,512,1,no
18933,53,1379,1,no
44570,30,125,3,no
643,37,240,1,no
44654,53,1797,3,no
43987,26,696,1,no
19854,38,328,2,no
11044,36,1409,2,no
38730,31,1010,3,no
20449,31,1575,4,no
4782,34,2015,1,no
18243,51,393,8,no
6580,30,-770,1,no
34084,58,687,2,yes
19740,33,6419,3,no
33290,37,1529,3,no
24244,45,1,1,no
4031,57,70,5,no
13028,42,24,1,no
44374,37,871,1,no
44842,35,278,1,no
13057,26,-378,1,no
10061,48,568,4,no
35882,40,-54,1,no
12813,55,3068,3,no
35669,45,458,3,no
14456,31,153,3,no
41212,60,106,3,yes
44047,43,0,2,yes
33910,47,1730,1,yes
17257,40,669,2,no
9631,48,10442,2,no
6337,34,-549,1,no
40921,30,334,1,no
4232,48,841,1,no
22960,56,0,2,no
307,54,313,2,no
9946,48,5,6,no
18661,33,0,43,no
43997,29,825,2,yes
19480,34,674,2,yes
1925,29,-228,1,no
20103,36,553,2,no
41964,77,1780,2,yes
31099,59,1831,1,no
24017,47,1077,2,no
44638,45,814,2,no
22204,31,110,4,no
27921,45,1874,1,no
37795,33,262,3,no
4302,52,2420,3,no
20755,31,170,2,no
28110,47,95,3,no
43415,34,961,2,no
35639,50,400,1,no
22321,41,1344,6,no
10457,47,-245,4,no
261,53,70,2,no
28491,30,-61,2,no
39403,59,0,1,no
25773,39,238,1,no
1092,33,76,3,no
6932,39,22,3,no
21034,37,4332,2,no
26786,59,2034,2,no
30956,40,1389,5,no
23466,58,0,19,no
23527,43,2696,10,no
25410,34,1412,1,no
7293,44,361,1,no
37203,26,8,1,no
25475,45,1416,1,no
13464,44,1206,2,no
39453,28,2503,1,yes
4677,59,705,2,no
2922,40,782,2,no
15420,48,-280,1,no
36465,37,3975,2,no
28769,27,1081,3,no
2460,26,-204,2,no
42874,62,569,5,yes
10548,42,167,1,no
8622,41,437,21,no
11159,58,97,1,no
41566,28,3,2,no
37726,55,785,1,no
42807,36,202,1,yes
30263,29,1261,1,no
29530,32,320,4,no
5488,36,614,5,no
3339,45,953,3,no
44415,49,1730,2,yes
27585,33,83,2,no
6061,37,337,5,no
17777,56,559,5,no
3842,57,260,3,no
7471,32,406,24,no
3692,53,5558,3,no
22152,38,3995,6,no
15291,42,976,7,no
4396,33,201,1,no
12187,42,738,3,no
19395,50,-79,7,no
23143,30,796,13,no
3340,40,1061,4,no
5213,35,773,2,no
35612,33,781,1,no
43213,63,367,1,no
18041,41,335,4,no
43623,70,4982,2,no
10904,53,305,1,no
42242,51,346,2,yes
2000,28,2,1,no
14435,51,-2282,6,no
16966,59,-182,1,no
20600,58,842,2,no
31172,36,6384,1,no
34431,34,2,1,no
27899,41,2429,1,no
23609,52,163,6,no
22489,47,26,4,no
25199,36,-148,2,no
43901,27,240,1,no
3466,35,494,4,no
35651,42,357,1,no
10364,54,2564,1,no
40618,33,1699,1,yes
28181,49,-199,1,no
33523,27,343,2,no
23904,47,8480,9,no
444,24,0,1,no
33741,64,826,1,no
11653,36,408,3,no
33594,46,596,3,no
42848,34,661,1,no
12205,35,344,18,no
13143,26,74,1,no
25977,40,1708,2,no
42238,54,1213,1,yes
35137,48,3663,5,no
32176,50,254,2,no
10530,51,294,2,no
19096,45,678,3,no
16192,41,336,3,no
6821,28,183,2,no
36085,40,281,11,no
39756,55,511,1,no
21257,48,434,6,no
3067,42,1333,2,no
33388,33,35,1,no
37387,33,1481,3,no
20294,53,217,5,no
29159,83,425,1,no
38585,33,3301,2,no
18908,50,1126,1,no
45014,28,159,2,yes
1935,55,-256,2,no
44965,21,-42,1,no
4695,41,2852,3,no
7742,44,858,2,no
33638,38,336,3,no
8273,38,113,4,no
27279,33,1817,1,no
13943,46,-319,2,no
25038,30,1510,1,no
27499,34,863,2,no
816,45,97,3,no
39932,37,189,2,yes
1050,52,-181,2,no
36526,27,541,1,no
30165,34,0,6,no
24374,57,3760,1,no
26563,33,3401,1,yes
16021,30,14,1,no
23454,30,0,10,no
41618,27,20585,1,yes
4618,34,692,1,no
909,44,7624,5,no
17489,30,567,5,no
18678,42,270,5,no
3536,51,4497,3,no
10034,52,48,2,no
7274,25,2798,2,no
5652,49,-347,2,no
30473,31,643,4,no
14867,48,41,2,no
33526,33,-14,3,no
35369,51,57,1,no
20506,32,-114,2,no
948,46,1481,3,no
15101,34,4943,2,no
8304,40,2418,16,no
1702,26,153,1,no
44159,22,71,1,yes
31458,55,0,1,no
57,38,424,1,no
731,49,198,2,no
33747,30,81,1,yes
16980,54,3294,5,no
29783,28,0,3,yes
39746,30,1269,2,no
22579,31,298,5,no
31127,24,167,2,yes
18782,49,1060,6,no
4961,41,1216,3,no
34990,38,4293,2,no
28243,29,251,1,no
40150,37,4321,1,yes
36083,32,1094,7,no
32471,39,0,3,no
29765,38,581,5,no
41264,37,106,1,yes
31689,36,39,2,no
23247,36,25,4,no
41978,46,0,1,no
43355,77,5619,1,no
1615,34,365,2,no
16293,54,707,2,no
30176,37,126,7,no
37189,36,413,1,no
25361,59,7623,2,no
6765,29,715,1,no
27468,36,1006,2,no
2367,40,2172,1,no
14236,39,186,2,no
39806,52,1629,1,no
30205,34,1072,1,no
40042,33,781,1,no
3997,41,0,5,no
9489,53,3275,2,no
29490,51,1096,1,no
3680,35,205,1,no
17998,39,861,4,no
19324,33,849,2,no
28416,52,1,1,no
28683,47,168,1,no
17994,56,485,2,no
41979,70,2815,1,no
21355,60,1211,2,no
42264,45,1529,1,yes
9863,38,-104,7,no
22486,31,-6,6,no
5609,36,111,3,no
11553,43,1138,1,no
29204,31,338,2,no
43826,23,922,2,yes
24497,56,935,1,no
22871,31,95,5,no
20134,33,8408,2,no
2161,46,-29,1,no
15769,28,-353,1,no
32693,38,825,1,no
10490,40,2346,3,no
43949,36,1031,4,yes
44212,19,302,1,yes
4831,34,12,1,no
7695,40,1597,1,no
7146,27,2486,1,yes
15026,40,518,1,no
29120,29,875,1,no
36909,37,64,4,no
27874,43,2317,1,no
26180,33,-266,1,no
2341,37,178,1,no
25766,52,7225,2,no
2914,47,502,2,no
27454,55,4746,2,no
35809,43,0,1,no
32284,51,2523,1,no
43527,40,206,6,yes
26975,31,0,1,no
9395,60,161,1,no
7208,41,1545,3,no
34993,49,571,1,no
43567,37,55,1,no
25059,45,16,1,no
37738,30,15,1,no
20943,42,525,2,no
7905,38,-143,7,no
41502,37,4321,2,no
6022,26,901,2,yes
33895,47,1230,1,yes
39971,33,2240,1,yes
20247,32,1364,4,no
1670,33,120,1,no
45050,25,3843,2,no
34482,35,1,1,no
8177,34,798,2,no
33707,74,9480,1,yes
5625,34,240,3,no
20283,37,24,4,no
7920,35,3587,4,no
41408,44,2033,1,yes
31500,38,715,1,no
16864,31,10,9,no
4862,33,1437,1,no
40741,27,80,1,no
35108,43,289,3,no
10986,48,6613,3,no
29830,43,553,1,no
10680,38,439,4,no
25858,53,7249,1,no
36073,43,221,1,no
34940,38,592,1,no
11806,47,2559,1,no
36899,36,186,3,no
9650,56,660,3,no
22100,53,0,2,no
16260,39,81,1,no
18171,56,5486,3,no
7821,36,1954,3,no
44969,27,838,1,no
41009,36,994,2,no
22103,30,0,6,no
15009,48,0,4,no
35842,53,20,1,no
9416,48,545,1,no
36898,45,3412,2,no
33652,35,257,4,no
32748,47,683,1,no
25144,51,1524,2,no
8799,29,-37,1,no
11742,42,0,1,no
42371,27,567,2,yes
42332,57,8278,3,no
15620,38,2469,1,no
25817,30,1101,2,no
8934,49,266,2,no
18362,49,13818,2,no
16207,53,223,1,no
10337,45,221,1,no
30553,34,403,2,no
24205,40,5847,1,no
33759,52,0,2,no
2655,43,2047,2,no
21819,48,-20,2,no
43167,27,23,2,no
42468,36,4721,3,yes
27898,35,436,1,no
1138,36,141,3,no
12975,35,1688,4,no
11597,29,613,1,no
511,58,5435,1,no
10130,42,0,1,no
38677,37,625,4,no
42665,45,5021,1,yes
9244,38,68,2,no
43713,37,29,2,yes
33608,54,489,4,no
30667,35,871,1,no
41913,61,267,3,yes
30204,56,5737,5,no
4840,31,6982,1,no
21447,45,121,4,no
18014,39,-139,2,no
21225,47,682,6,yes
34497,35,561,2,no
30227,54,3611,1,no
33911,26,480,1,no
28040,27,140,2,no
6190,23,345,2,no
7433,36,0,6,no
11921,37,3075,3,no
36351,42,3068,2,no
9229,57,3277,4,no
21846,38,367,2,no
24241,52,1274,1,no
18186,53,0,5,no
21141,59,-134,4,no
14457,31,1173,3,yes
6930,30,2926,8,no
33299,38,31,3,no
9733,57,1166,1,no
35535,37,740,3,no
1920,31,0,6,no
40075,32,4945,1,yes
36348,34,580,1,no
31913,43,664,2,no
1950,30,-396,2,no
30541,57,4588,3,no
43510,38,1711,3,yes
32127,49,3915,1,no
32018,39,554,1,no
2366,32,2,2,no
12315,37,3759,2,no
21176,33,4728,3,no
11699,36,1736,1,no
44092,43,69,1,no
22726,33,369,10,no
27453,43,2731,7,no
33616,48,515,5,no
2378,38,119,4,yes
15142,45,71,1,no
25654,46,-26,1,no
24279,30,5381,1,no
44860,55,0,2,no
14552,61,76,7,no
1904,27,-503,3,no
22598,58,4354,7,no
36122,41,572,1,no
39615,46,0,1,no
12295,51,-1136,1,no
38193,30,79,1,no
3061,42,2106,2,no
20244,41,3465,4,no
16673,28,9664,2,no
15532,51,1490,2,no
42778,35,481,4,no
583,55,2298,2,no
21072,57,209,4,no
35500,36,556,3,no
11472,52,1409,1,no
7036,30,0,5,no
38008,53,6095,5,no
36449,28,4054,2,no
10328,39,1221,1,no
21102,33,637,2,no
26998,59,7049,1,yes
36952,31,616,3,no
19155,53,1230,3,no
43882,23,508,1,no
16066,41,2993,12,no
6164,37,57,1,no
9472,52,1088,2,no
12512,37,0,1,no
33530,27,191,2,no
26784,38,-3,2,no
13585,25,281,1,no
34320,24,99,3,no
16570,60,12,1,no
43785,30,265,1,yes
18741,37,4439,29,no
20447,58,5942,2,no
1653,42,117,1,no
1416,38,-210,1,no
17199,33,114,3,no
34901,32,-569,1,no
35422,28,7449,1,no
10356,60,1625,1,no
40805,28,5916,1,no
7615,51,4178,1,no
4328,45,771,2,no
15022,49,80,1,no
8777,24,0,1,no
31888,56,247,4,no
31750,35,-210,3,no
21184,48,125,7,no
39857,26,313,1,yes
34583,39,782,4,no
33334,33,3458,1,no
6631,44,577,3,no
23765,56,313,16,no
36858,54,-58,4,no
29349,34,847,2,no
16789,40,229,10,no
6806,30,5288,3,no
13547,39,750,1,no
13177,26,8303,2,no
13471,55,283,1,no
12847,52,-1014,1,no
14247,45,132,2,no
36492,40,16,12,no
25208,47,1533,2,no
36040,34,518,1,no
10524,43,1156,2,no
14670,49,-268,5,no
15296,51,598,4,no
41894,60,0,3,no
35681,33,0,1,no
36547,60,860,1,no
2553,39,14,9,no
25715,54,386,1,no
15933,47,290,2,yes
34434,24,330,1,no
25103,34,1259,1,no
20222,33,901,2,no
22830,39,454,8,no
36430,44,184,2,no
26667,40,9541,2,no
12878,31,16,1,no
38797,30,127,6,no
9033,37,2132,1,no
20928,34,101,5,no
27210,32,616,2,no
4296,31,9714,2,no
33371,40,283,1,no
12301,46,129,2,no
3260,43,960,1,no
38310,26,2047,1,no
32500,41,442,3,no
21425,43,140,7,no
10361,59,3353,1,no
37579,33,1521,1,no
31404,38,6706,2,no
19660,46,2098,2,no
26910,45,460,3,no
44075,35,398,3,no
17183,48,268,7,yes
17301,44,215,5,no
14168,42,426,2,no
40197,37,0,2,yes
21796,49,-165,4,no
20313,31,4945,1,no
40829,46,1600,1,yes
13477,43,-2,1,no
6108,43,0,1,no
41301,25,331,4,yes
16428,48,329,6,no
15251,29,3220,3,no
21354,42,1064,2,no
44794,35,262,1,yes
38736,33,701,2,no
38599,58,238,8,no
39869,56,61,1,no
32357,45,3512,1,no
33643,29,3007,5,no
6878,44,-73,9,no
44333,35,154,4,yes
38941,41,-129,1,no
1627,34,627,9,no
32876,35,586,2,no
15958,33,1257,1,no
33745,33,882,1,yes
29411,34,66,6,no
18887,51,1543,2,no
3537,45,810,4,no
15702,34,865,7,no
5194,39,2645,3,no
17564,48,5176,2,no
1019,52,278,2,no
43413,53,9001,1,yes
18728,59,4196,2,no
22186,33,20,2,no
2401,23,5,1,no
4647,34,1183,2,no
16485,40,61,2,no
26652,57,3012,4,no
21810,41,52,2,no
33718,67,2144,2,yes
29073,36,533,1,no
911,51,37,6,no
27568,46,149,2,yes
5003,29,330,1,no
5675,49,383,1,no
24909,58,14412,1,no
21989,47,439,12,no
30867,35,694,2,no
15004,52,272,1,no
11420,45,825,1,no
32275,25,431,1,no
12240,48,607,2,no
44026,47,0,1,no
22083,38,0,2,no
16706,33,0,1,no
38446,21,126,1,no
16559,29,768,5,no
32010,80,1861,2,no
43505,55,309,1,yes
24786,33,280,1,no
7255,39,-16,2,no
29455,25,483,1,yes
36655,58,119,1,yes
30670,50,346,1,yes
4360,37,61,8,no
24564,40,0,1,no
36595,34,1599,3,no
33827,57,813,3,no
21613,33,3655,20,no
41152,69,1080,2,no
35029,34,-429,1,no
26484,46,628,5,no
1817,43,291,2,no
14498,30,638,6,no
31970,31,357,2,no
42731,77,4112,1,yes
37222,44,186,1,no
30764,33,350,7,no
29324,39,541,2,no
27196,49,412,1,no
26416,44,1103,1,no
5240,31,360,1,no
24674,34,876,2,no
21517,48,0,2,no
37167,37,584,1,no
27019,33,47,3,no
25231,36,402,2,no
31195,45,4367,1,no
34186,29,1854,3,no
15187,40,0,3,no
10859,47,431,9,no
21283,48,297,4,no
21741,52,-240,3,no
38263,35,534,1,yes
24029,32,123,11,no
12522,27,585,3,no
8438,45,784,1,no
14611,33,-988,3,no
36376,39,27,3,no
35929,34,551,2,no
16480,48,291,2,no
22076,47,644,13,no
2612,44,2887,1,no
24796,48,4415,1,no
29803,48,1559,2,no
23805,45,373,11,no
27677,45,-264,2,no
37742,60,1407,1,no
27110,41,92,1,yes
5704,25,1182,2,no
24510,55,1504,1,yes
10165,35,164,2,yes
41963,33,5878,1,yes
23127,37,-274,5,no
8852,24,-141,2,no
35673,40,71,1,no
31737,50,2320,1,no
4792,33,438,1,no
41432,37,4565,1,no
26491,45,7,1,yes
24470,51,563,1,no
320,42,490,2,no
9433,36,624,3,no
10568,55,2929,3,no
27914,45,299,1,no
5914,43,-476,1,no
42866,36,506,1,no
35815,47,603,1,yes
7233,30,699,1,no
30217,47,1815,1,no
41430,30,1675,1,no
9005,48,257,2,no
10171,36,717,1,no
5791,33,9725,4,no
32600,46,-175,1,no
16998,25,0,1,no
45044,39,728,1,yes
38319,36,421,7,no
20739,41,216,2,no
5807,31,-309,1,no
6159,32,17,1,no
1861,37,447,1,no
42827,36,980,2,no
5431,41,30,1,no
10303,40,2596,1,no
37240,52,146,1,no
35891,34,4,2,no
34944,27,-233,1,no
19044,52,0,1,no
23881,31,0,14,no
41006,34,882,1,no
39254,36,246,4,no
18644,46,876,3,no
3465,25,1139,3,no
42586,61,544,3,yes
45012,59,1,1,yes
30869,39,1972,3,no
12530,50,5,1,no
7044,55,2166,17,no
34294,33,850,3,no
13865,41,-29,1,no
23260,30,0,2,no
27269,37,528,1,no
39535,40,363,1,no
6058,37,3344,5,no
7211,34,285,4,no
23403,39,5976,2,no
28468,28,250,1,no
38884,31,4575,1,no
22073,42,99,4,no
12469,29,1357,1,no
10185,56,0,2,no
35111,36,152,2,no
52,48,-244,1,no
13783,33,17,1,no
6719,29,308,1,no
34771,58,0,1,no
7148,36,36,1,no
10538,37,-58,3,no
10511,36,-255,2,no
7445,52,32,5,no
28209,59,176,1,no
38469,40,50,1,yes
8555,24,431,12,no
10221,45,360,9,no
37837,46,1074,2,no
13455,45,4855,1,no
3824,58,269,2,no
39439,35,1810,2,no
23447,33,0,10,no
43229,40,334,1,yes
31270,35,3698,1,yes
7972,41,-141,3,no
38023,41,783,3,no
15448,53,225,7,no
3870,27,-98,2,no
37435,35,8040,2,no
26520,33,2711,1,no
35521,57,1577,2,no
21828,44,0,2,no
29070,40,407,1,no
20797,49,737,2,no
31324,63,1840,3,no
8485,35,4788,1,no
21035,32,972,4,no
6051,60,-382,2,no
32671,28,675,2,no
14299,29,581,2,no
25545,36,189,1,no
9706,48,-1232,1,no
10266,42,530,8,no
42199,79,2661,5,yes
20599,49,1456,4,no
30899,32,360,3,no
10565,47,1225,2,no
3599,47,2781,4,no
13411,41,532,1,no
42115,35,580,2,no
6201,31,-641,2,no
41326,65,0,1,no
15596,47,1229,20,no
3000,41,7735,1,no
4747,50,2610,6,no
41767,34,19,1,no
9553,51,21574,3,no
36745,32,0,1,no
31128,39,0,3,yes
15766,46,19,1,no
28021,45,297,2,no
44861,33,289,1,no
43906,29,322,1,yes
20726,40,42,2,yes
3018,51,760,1,no
7632,59,8107,1,no
35347,31,0,2,no
24883,38,259,1,no
16361,43,1239,3,no
44179,68,4189,2,yes
6488,24,795,2,no
12962,41,-396,4,no
35413,45,-101,1,no
2420,34,1557,1,no
38471,46,2851,4,no
14714,31,0,2,no
1486,42,0,3,no
44979,58,3927,3,no
24037,59,1227,5,no
27975,41,1616,1,no
5989,37,-196,2,no
4268,28,3238,1,no
23053,44,608,2,no
17060,39,2903,2,no
45081,27,1164,2,no
16408,51,576,1,no
32845,33,2254,1,no
16925,47,-488,5,no
2037,31,713,2,no
3066,47,6439,3,no
30049,51,362,3,no
21782,33,61,3,yes
41112,29,7585,1,no
23483,45,2873,16,no
42070,56,1947,2,no
41437,59,4744,1,yes
1042,48,359,1,no
25569,43,13044,1,no
25990,53,2430,2,no
16499,26,2356,6,no
34270,41,298,3,no
5814,29,258,1,no
15368,51,23,3,no
42721,30,323,1,no
29091,60,92,1,no
31160,56,935,1,no
34249,49,1,4,no
35583,43,823,12,no
7411,45,142,3,no
15537,53,210,3,no
40358,59,185,5,no
16079,55,3092,2,no
32850,35,193,1,no
29264,75,3324,1,no
41229,50,3370,2,yes
22704,46,519,6,no
13454,33,191,1,no
27361,38,0,1,no
29678,58,1387,6,no
39144,27,574,3,no
30954,52,1646,3,no
13081,58,1457,4,no
40838,72,1165,3,no
44726,51,151,1,yes
27181,37,489,1,no
18165,40,384,3,no
38058,43,536,4,no
28879,44,1309,2,no
3823,27,554,1,no
28372,36,658,1,no
29059,32,289,1,no
11245,47,0,1,no
6684,27,54,2,yes
42253,33,280,2,no
10248,36,0,3,no
35094,25,0,3,no
3839,53,708,3,no
6352,44,-230,1,no
33357,40,315,1,no
14341,36,733,12,no
18299,28,1837,3,no
12772,42,6573,4,no
29882,58,2142,2,no
635,52,-184,2,no
21958,42,145,2,no
24175,49,3608,1,yes
37836,45,87,1,no
16992,40,205,1,no
24261,57,0,1,no
36263,37,223,2,no
9067,37,244,1,no
19200,44,3444,3,no
15612,29,-229,4,no
4924,32,557,2,no
17111,30,1221,4,yes
44153,24,1123,1,yes
2348,33,5,1,yes
44817,35,2326,1,yes
32443,32,14,1,no
36404,41,542,2,no
14295,34,0,3,no
40258,60,3547,6,yes
23093,37,725,13,no
18813,47,-1091,4,no
20013,32,483,3,yes
5290,37,525,1,no
17733,29,-1661,6,no
11967,56,0,8,no
24880,42,2819,2,no
23448,46,-11,6,no
26845,56,4763,4,no
31739,25,82,2,yes
31590,44,1136,2,no
12027,27,553,3,no
27760,57,589,1,no
8563,32,478,1,no
34387,32,388,2,no
29715,30,179,4,no
7046,45,1377,5,no
4275,42,1116,6,no
43965,32,913,1,no
21696,54,-291,2,no
10412,53,0,1,no
44400,43,2952,2,yes
1951,50,89,3,no
21214,45,240,7,no
10929,39,1103,1,no
39397,34,10,1,no
37361,35,1546,1,no
21976,49,3,2,no
33837,30,457,2,no
20045,52,432,4,no
18962,46,2473,3,no
42951,52,3634,8,yes
31816,32,1951,2,no
18855,46,231,1,no
2275,33,239,5,no
11160,50,0,1,no
12939,27,145,3,no
34034,58,801,1,no
12387,49,-1680,4,no
22994,60,1396,2,no
19423,48,1203,5,no
28980,55,5,1,no
22081,40,185,2,no
42810,32,530,1,no
39436,29,7578,3,no
24742,56,0,1,no
348,39,-100,2,no
2261,34,247,5,no
6278,35,74,1,no
592,38,581,1,no
45051,66,3409,3,no
25147,36,2894,1,no
17862,37,103,3,no
24757,37,723,1,no
8745,30,377,15,yes
19347,36,361,4,no
15488,38,334,7,no
11020,38,-10,2,no
256,39,279,1,no
15946,34,1,3,no
28489,58,1298,2,no
7284,36,6450,1,no
12971,30,52,1,no
32016,38,52,4,no
1422,34,1601,2,no
42250,36,2971,1,yes
20898,35,1036,1,no
27208,32,0,1,no
16492,56,0,5,no
20102,53,618,2,no
23087,52,385,4,no
16801,44,658,2,no
38785,30,-28,2,no
247,22,0,2,no
42673,37,11387,1,no
15067,39,3760,1,no
38743,38,525,7,no
30777,28,1137,4,no
14677,32,4654,2,no
14194,31,696,2,no
29656,28,525,2,no
8776,25,556,1,no
17668,51,0,6,no
16117,36,348,1,no
23950,32,258,4,no
43708,37,197,1,yes
32808,34,2945,1,no
14180,55,410,2,no
26092,54,0,3,no
21144,33,8,4,no
28085,30,1235,2,no
35656,53,629,1,no
39474,33,570,1,no
28014,44,122,2,no
27145,35,0,1,no
16456,42,-470,10,no
19929,46,-344,4,no
19252,36,36,4,yes
12635,34,183,1,no
16959,36,191,7,no
34284,40,356,2,no
12889,28,-196,1,no
28547,26,145,2,no
13564,48,113,1,no
34938,37,102,1,yes
42520,27,538,4,yes
28027,26,0,2,no
38626,38,676,3,no
32371,50,-197,2,no
33183,31,1664,1,no
7888,40,472,2,no
22771,41,51,8,no
17046,40,-7,1,no
5068,35,3468,3,no
11269,60,11,3,no
6334,34,212,1,no
40937,36,2474,1,no
26471,44,-289,1,no
5933,38,198,2,yes
29874,43,-194,1,no
8066,33,847,1,no
8061,50,1985,2,no
44813,75,852,1,no
32762,49,816,1,no
18172,27,1,4,yes
38790,35,2281,2,no
37,25,-7,1,no
24152,33,1005,1,no
37904,34,2447,2,no
11826,51,3045,2,no
17940,44,3438,2,no
11722,35,1465,1,no
7253,52,9687,1,no
6399,28,0,1,no
28556,32,356,2,no
7693,51,2632,1,no
30506,42,139,2,no
23244,36,0,2,no
20093,45,0,4,no
37654,38,6182,3,no
15859,34,-30,3,yes
45062,30,1031,1,no
37510,33,668,2,no
22160,31,2066,2,no
29961,34,272,1,no
5037,35,-29,3,no
23458,38,-104,17,no
14689,56,17,4,no
12013,39,6512,6,no
2697,41,108,7,no
26719,36,3649,2,no
17592,48,717,2,no
1747,31,453,2,no
38705,29,1273,9,no
23645,48,2499,3,no
33482,38,1637,2,no
9245,42,698,2,no
20423,49,1280,2,no
40671,40,0,2,yes
27982,53,1357,1,no
40658,80,2994,1,no
7495,30,196,7,no
29929,46,388,9,no
18892,45,1051,1,no
10687,35,756,14,no
4748,30,178,5,no
32315,36,1414,1,no
6303,43,700,1,no
31358,44,3665,1,no
5493,45,61,1,no
17536,33,-482,3,no
12808,32,-1139,1,no
26247,32,945,1,yes
27802,48,0,1,no
18194,27,-319,2,no
34526,41,121,1,no
24060,30,1664,1,yes
44359,31,1626,1,no
25379,30,2802,2,no
32643,48,1143,1,no
25061,45,1678,1,no
22821,32,251,6,no
21379,30,2143,10,no
10639,39,0,1,no
41377,74,2894,5,no
19341,30,7788,4,no
25922,37,332,2,no
7352,40,-116,3,no
37422,57,3777,2,no
24562,52,5057,1,no
17635,57,1896,4,no
37391,39,0,5,yes
29694,50,103,4,no
11573,42,241,2,no
8992,38,1365,1,no
38485,33,287,2,no
10845,55,1446,1,no
6909,35,73,2,no
25295,54,1070,4,no
13492,46,917,5,no
4859,36,873,1,no
28758,49,827,1,no
8251,30,171,4,no
1258,35,844,1,no
6681,29,1450,1,no
8931,29,356,2,no
7642,37,421,2,no
33039,32,1504,2,no
1974,53,0,2,no
44873,30,1532,1,no
13629,33,0,1,no
14634,41,10438,4,no
16652,28,1,11,no
37239,43,171,1,no
2771,41,102,9,no
2330,44,166,3,no
38794,44,-314,3,no
37520,41,1204,2,no
27660,44,0,4,no
41147,31,537,1,yes
15440,36,1975,1,no
7992,43,15511,1,no
36394,38,861,2,no
30986,28,385,4,no
1895,45,-139,3,no
16703,28,981,1,no
17921,38,7159,2,no
17856,30,1015,8,no
44485,28,6791,1,no
25966,35,0,4,yes
17573,40,94,2,no
22305,31,50,1,no
17275,30,-548,2,no
21382,51,-55,6,no
20235,60,2190,2,no
23768,41,195,1,no
19872,41,187,2,no
6045,48,2294,11,no
15053,45,668,2,no
38151,40,398,1,no
19185,57,0,2,no
44379,24,867,7,no
30654,29,2424,1,no
36701,51,480,1,no
25906,36,16430,1,no
5393,32,539,2,no
35303,54,6,1,no
35149,29,92,1,no
38246,31,178,1,no
38318,39,98,3,no
43747,70,4531,1,no
45028,39,471,1,no
29496,33,483,2,no
9610,45,162,4,no
9309,52,-133,2,no
36254,35,245,2,no
40959,32,2465,1,yes
28352,35,-272,1,no
20952,38,2117,2,no
563,35,204,2,no
10209,55,0,3,no
1032,44,7,3,no
22150,33,150,2,no
38300,30,1323,1,no
11895,36,79,3,no
17207,46,31,2,no
7059,32,739,3,no
10600,30,294,3,no
11804,40,408,4,no
443,36,139,2,no
10589,38,30,1,no
30099,27,1600,2,no
31415,77,9601,1,yes
43725,35,18,2,no
17630,45,2468,2,no
42233,27,168,1,yes
27743,59,1,1,yes
34018,31,2016,1,yes
40168,29,5763,2,no
4277,42,2567,2,no
11323,57,4244,5,no
43733,74,3810,1,no
39593,24,146,1,no
10058,36,409,3,no
27747,58,-607,1,no
27316,34,0,9,no
29363,50,8,2,no
32544,42,205,1,no
40855,32,3283,2,yes
38152,24,230,1,no
29883,27,931,1,yes
13752,46,218,1,no
5498,30,501,3,no
7045,33,-384,2,no
29318,39,4,4,no
18739,53,-294,22,no
36079,52,131,1,no
28394,32,1139,1,no
5098,37,543,1,no
21712,34,179,3,no
40701,63,8103,1,no
17819,39,949,8,no
12381,30,1131,5,no
14589,60,20,3,no
30532,43,-19,3,no
13312,29,-37,35,no
4542,43,-8,2,no
42924,52,339,7,no
44347,34,0,1,yes
22732,51,603,3,no
41590,31,3384,1,yes
22116,50,83,2,no
23417,49,276,5,no
27354,54,-10,2,no
27259,51,11222,2,no
17822,37,0,4,no
22463,52,145,4,no
7961,44,26,9,no
14441,43,764,5,no
14987,29,16,6,no
21077,30,3905,2,no
40372,58,111,1,no
12697,53,465,2,no
43996,33,794,1,no
43243,51,0,2,yes
32834,33,582,2,no
38371,38,553,2,no
36298,38,5293,1,yes
43611,34,1965,1,yes
40685,34,62,2,no
8657,28,5611,2,no
12715,43,0,3,no
19250,35,146,2,yes
39357,26,236,2,no
5114,38,578,2,no
22410,53,25,2,yes
23275,31,522,4,no
28232,41,2665,1,no
7513,54,6251,3,no
33100,37,903,1,no
13274,31,485,2,no
20203,59,997,4,no
25396,45,597,2,no
44231,36,1057,2,yes
16060,52,83,3,no
74,55,23,1,no
1844,27,7459,2,no
33539,60,2194,3,no
11229,54,1194,3,no
41532,45,786,3,yes
17670,51,974,4,no
9437,60,0,1,no
39585,41,3769,1,no
28880,47,0,2,no
35685,39,100,1,no
18326,31,377,4,no
19782,31,659,2,no
13407,35,616,1,no
12151,44,13054,7,no
5939,28,460,6,yes
28208,28,629,1,no
28452,31,211,2,no
21449,37,1435,16,yes
5746,36,160,1,no
4028,53,647,6,no
43851,44,317,1,no
17501,27,0,2,no
8975,53,1630,1,no
21327,33,5641,2,no
3938,45,71,2,no
20438,41,297,2,no
17495,36,715,4,no
4415,30,3110,1,no
40285,35,2015,1,no
26402,32,3192,1,no
3147,57,3401,2,no
38441,32,118,6,no
41959,43,11115,1,yes
7508,58,1298,4,no
9991,57,831,3,no
3515,45,520,4,no
42335,59,2013,2,yes
38582,44,532,2,no
19477,33,340,2,no
42614,35,323,2,yes
31236,34,215,3,yes
33972,28,20,2,no
9412,35,45,1,no
5256,32,1129,1,no
26625,59,0,2,no
15679,42,417,1,no
10047,43,-191,3,no
1056,46,323,6,no
16979,29,9,8,no
33529,56,9698,2,no
1526,46,0,3,no
20044,49,229,2,no
41604,46,2817,1,yes
22209,50,0,2,no
5155,30,4733,2,no
14127,49,0,2,no
28901,49,15,3,no
5665,37,510,1,no
1807,26,82,1,yes
17146,45,586,3,no
29959,33,641,1,no
43187,56,1947,2,yes
2971,40,1416,2,no
38417,34,-285,1,no
29551,28,122,4,no
16466,58,5920,1,no
494,55,5345,1,no
25109,59,0,2,no
10483,48,5543,5,no
28524,30,334,2,no
32768,35,3217,1,no
6027,40,96,2,no
23366,57,1859,5,no
30152,37,277,2,no
30845,34,1702,4,no
41087,41,220,2,no
27476,32,540,2,no
22690,30,384,3,no
1385,40,1322,1,no
26772,32,3658,4,no
20896,37,887,5,no
27415,52,5728,3,no
23242,42,765,8,no
21738,36,1840,6,no
45207,51,825,3,yes
23071,30,471,4,no
32706,34,2021,6,no
28800,27,49,2,no
41687,36,22,2,no
2723,45,2429,2,no
10980,36,4515,2,no
20109,57,2416,2,no
17649,49,63,2,no
21252,60,262,4,no
14926,32,0,7,no
29177,42,1455,2,no
38104,34,2,2,yes
12564,52,184,1,no
33584,32,281,5,no
7608,49,74,1,no
25849,38,0,1,no
22749,30,42,6,no
30347,29,34,1,no
31390,58,111,2,no
14548,34,390,3,no
23801,33,79,3,no
9047,47,2946,1,no
39555,31,138,1,yes
38170,27,1535,1,no
3971,49,267,5,no
28162,35,221,1,no
6923,29,1280,2,no
661,32,281,1,no
41792,62,0,3,no
31646,35,0,1,no
25129,31,113,3,no
17503,41,-5,17,no
17672,43,0,4,no
40779,26,2,1,no
7359,51,3348,2,no
17802,44,64,6,no
28992,39,1222,1,no
27168,40,372,1,no
37077,33,56,9,no
43813,37,1967,1,no
34230,44,0,2,no
2410,30,-846,1,no
297,31,3,2,no
32245,38,1933,1,no
18297,36,1240,3,yes
7549,33,-338,9,no
7943,26,229,16,no
17530,36,-323,8,no
37917,57,739,2,no
5790,47,-545,5,no
29406,42,124,2,no
42006,76,992,2,no
42995,61,5267,3,yes
6554,48,5172,7,no
44547,44,314,1,no
29182,60,174,2,no
20535,34,897,4,no
26412,37,0,3,no
45010,43,297,3,no
9639,49,-33,13,no
30429,31,541,1,no
13796,36,3352,1,no
39907,30,3094,2,no
8382,42,255,2,no
35575,52,0,3,no
2887,54,1765,1,no
1884,32,-208,1,no
4191,40,-481,2,no
35634,29,500,8,no
43454,35,484,2,no
30566,53,80,2,no
25219,59,1553,2,no
16376,35,1345,1,no
7631,49,-209,1,no
4762,39,1096,3,no
2724,58,3111,2,no
9885,35,1035,2,no
36329,47,1571,1,no
16878,39,2,10,no
20638,31,36,3,no
23213,46,836,4,no
34232,33,69,2,no
497,39,42,2,no
4009,55,0,3,no
35056,34,27,1,no
18583,39,10005,4,no
8656,31,205,2,no
11983,45,3854,3,no
33213,28,145,1,no
28799,38,0,1,no
31251,33,250,6,yes
8631,45,-547,2,no
33441,44,1989,2,no
25596,30,234,1,no
34263,41,1536,2,no
36881,49,3028,2,no
2671,23,-213,2,no
17141,26,2,16,no
2084,28,-103,4,no
32849,34,264,1,no
37067,50,2809,2,no
22924,32,2536,6,yes
26973,53,1945,4,no
41661,35,2047,1,no
6573,40,877,6,no
14167,55,2848,2,no
33306,36,0,1,no
13408,39,628,1,no
21041,42,171,2,no
33415,73,3203,1,yes
37543,29,65,6,no
12483,29,975,1,no
18571,44,-137,13,no
42729,33,0,1,no
23132,32,631,5,no
27127,57,6,1,no
9625,53,-200,1,no
24400,47,2919,1,no
42932,23,897,2,yes
8108,38,502,2,no
30847,56,0,5,no
8525,32,277,12,no
2103,25,-454,1,no
8499,30,234,2,no
15523,31,0,4,yes
38384,35,2791,1,no
22415,52,796,2,no
1996,32,120,3,no
27529,39,15,2,no
42953,60,824,1,yes
19815,35,674,2,no
21677,58,0,2,no
24436,42,14282,1,no
28835,36,-477,2,no
43790,38,205,1,yes
4926,35,1045,1,no
30821,50,859,5,no
23698,44,0,1,no
9423,35,3595,1,no
2979,56,166,2,no
3574,36,412,2,no
7373,56,675,1,no
2591,54,88,1,no
4579,34,709,1,no
1116,59,137,3,no
3089,31,358,1,no
3467,46,676,3,no
4262,35,208,1,no
19334,42,135,2,no
40574,37,3913,2,no
23556,59,1887,8,no
38484,44,-101,1,yes
23773,34,603,1,no
5230,38,917,1,no
13263,57,75,8,no
21393,52,4660,3,no
21768,37,1661,5,no
14962,35,36,5,yes
38589,31,6138,5,no
25412,52,1295,1,no
14482,29,184,3,no
7026,40,481,2,no
28874,41,-333,3,no
800,56,0,4,no
39259,28,129,2,no
44678,70,6850,1,no
428,54,2102,1,no
17130,28,649,3,no
36642,35,641,1,no
11883,31,1361,4,no
27115,49,8689,1,no
14185,54,0,2,no
1392,30,1801,2,no
40924,49,905,1,no
36803,45,1335,2,no
44477,35,884,1,no
11499,45,9711,3,no
7635,37,-510,1,no
39047,29,391,1,no
19516,57,283,2,no
30991,42,1285,3,no
38928,28,2290,1,yes
33001,35,1045,5,no
31018,35,1693,1,yes
28461,28,1823,1,no
33159,35,8,6,no
43113,33,101,2,no
7424,46,-169,3,no
44471,28,1348,2,yes
4024,38,1465,2,no
23870,32,0,2,no
36393,48,222,2,no
18126,55,2349,3,no
35788,44,-204,1,no
6885,38,279,5,no
12289,46,25,2,no
29375,46,1028,2,no
17574,41,1882,2,no
7903,39,-189,9,no
23124,45,0,2,no
40041,55,2204,1,no
10052,39,653,4,no
3884,53,31,2,no
2315,36,1554,4,no
12835,40,492,2,no
10316,46,53,3,no
18403,39,284,8,no
35963,28,16,7,no
9895,37,1699,1,no
4834,34,1161,1,no
23058,47,0,4,no
34784,42,275,6,no
29887,34,0,1,no
13419,57,2,3,no
3425,48,848,1,no
29755,54,15,1,no
1893,31,4471,2,no
28703,27,625,2,no
20705,45,7353,2,no
9618,37,231,1,no
5948,40,1327,2,no
29415,47,1160,2,no
44305,49,1180,2,no
21347,43,41630,4,no
8210,40,2550,2,no
798,39,305,6,no
34652,55,-626,2,no
22175,57,104,2,no
18757,33,2064,15,no
24396,34,0,1,no
33967,25,2305,1,no
38578,25,381,1,no
35753,40,0,1,no
22552,51,548,4,no
20479,30,24,4,no
21943,56,9,2,no
13766,32,0,1,no
44432,50,2881,2,no
28507,40,732,2,no
19690,44,10950,1,no
41213,60,2063,5,no
25020,34,1186,1,no
17153,58,282,4,no
29205,29,29,1,no
44711,26,760,2,no
34189,60,1723,4,no
1235,31,322,1,no
37691,31,8781,1,yes
18094,36,664,4,no
42528,60,294,5,no
9256,49,1677,3,no
35097,41,741,3,no
43828,48,0,5,yes
685,42,0,3,no
23203,32,1836,9,no
24135,49,249,1,yes
21605,58,0,6,no
20170,58,15,2,no
35853,42,-1,1,no
8954,36,-159,3,no
42384,25,304,1,no
25136,46,3046,1,no
29718,36,3578,3,no
33206,44,0,1,yes
43272,37,0,4,no
26381,50,4121,1,no
31219,29,92,5,yes
15927,32,578,2,no
8626,61,296,2,no
25105,50,-151,2,no
19143,31,155,1,no
31741,39,17441,1,no
16572,45,1415,1,no
36842,43,-98,2,no
34061,44,1818,1,no
7856,33,268,9,no
43524,62,635,4,no
33360,44,3060,2,no
21574,48,0,2,no
14781,32,67,4,no
10585,48,554,8,no
26798,36,943,3,no
34109,30,776,2,yes
16166,27,113,17,no
10716,39,94,2,no
25855,34,5498,1,no
41444,33,5969,2,no
31369,59,259,1,yes
15609,34,159,1,no
42898,28,1059,5,no
13249,50,1293,1,no
9002,46,488,1,no
1213,36,49,1,no
4980,32,2696,1,no
34242,33,557,1,yes
18345,48,-404,3,no
31154,28,3611,2,yes
24755,49,2039,2,no
32376,36,470,3,no
29658,37,1472,3,no
39472,36,1379,1,yes
39117,30,-5,2,no
14124,32,0,2,no
1096,43,526,4,no
21020,40,539,2,no
14739,42,667,8,no
13883,31,0,1,no
19925,32,40,2,yes
35966,35,387,3,yes
18768,44,12,3,no
7042,32,3538,5,no
45080,63,791,2,yes
1161,28,597,2,no
15446,28,2249,2,no
41667,63,333,1,no
39642,33,1077,2,no
2769,44,0,2,no
34342,30,10884,2,yes
27074,31,831,2,no
21469,39,1043,10,no
3952,32,158,4,no
8096,37,1720,1,no
43230,46,0,1,no
13436,54,-22,1,no
20301,34,421,3,no
20157,45,1395,4,no
21869,31,141,2,no
22466,46,273,2,yes
37491,35,635,2,no
29766,35,7,2,no
43533,73,796,1,yes
11543,56,5310,1,no
26463,30,3929,1,yes
17008,59,5706,2,no
8010,40,540,1,no
31542,45,4629,2,no
37976,27,218,2,no
45085,29,455,4,yes
30414,34,1281,1,no
19465,48,791,2,no
44610,36,5367,1,no
22516,33,71,6,no
14440,34,351,11,no
17166,56,-1493,4,no
20055,51,4596,5,no
24155,48,1,1,yes
30286,50,223,1,no
33869,39,15,1,yes
26708,31,5191,2,no
4577,32,1271,1,no
3236,54,1705,2,no
20570,30,1567,4,yes
38529,31,74,11,no
4723,39,5731,2,no
28585,31,702,3,no
20623,38,1223,5,yes
7033,36,-347,3,no
330,41,290,2,no
37408,33,410,2,no
39900,32,653,1,yes
33618,46,2904,2,no
33127,37,287,3,no
25118,54,214,1,no
7400,42,-158,3,no
18595,49,2564,8,no
29251,27,43,3,no
19587,55,4235,4,no
5608,30,2150,4,no
44035,50,5114,2,no
3149,58,-1196,4,no
34053,26,2,2,no
8607,23,-207,1,no
19978,30,2900,2,no
44941,22,372,1,yes
25464,53,57,3,no
210,42,56,1,no
3272,46,523,3,no
1005,44,558,1,no
19744,53,1713,3,no
40859,26,141,2,no
13519,55,101,1,no
10533,30,44,2,no
27458,51,74,3,no
28761,46,417,1,no
11526,55,5109,1,no
31825,44,1807,1,no
6213,49,-384,1,no
38322,35,-89,1,no
4103,39,259,1,no
33022,30,1012,3,no
39805,46,0,2,no
9341,39,1047,1,yes
18527,46,4,4,no
38751,57,1521,2,no
6404,51,1944,2,no
12044,29,1422,27,no
7633,37,16,1,yes
1729,46,-3,2,no
18056,35,648,2,no
1869,27,527,1,no
37850,25,938,1,no
14678,36,84,14,no
31477,46,507,1,yes
11442,52,302,2,no
1972,50,31,3,no
43060,52,195,1,yes
20068,37,189,4,no
15589,31,1951,2,no
695,36,368,2,yes
22114,43,1485,2,no
12048,53,797,6,no
25738,53,241,1,no
17974,51,43,2,no
35053,26,985,2,no
41901,39,206,2,yes
32350,42,214,1,yes
25575,30,521,1,no
34446,31,10,1,no
2115,54,-337,2,no
3630,43,2605,4,no
18658,37,1049,5,no
27704,32,1308,3,no
44661,37,635,1,no
11293,41,2769,3,no
40118,60,55,1,no
36835,37,912,3,yes
19670,46,-824,3,yes
29049,49,0,1,no
26373,34,7962,2,no
27917,47,4274,2,no
38940,30,3950,4,no
17041,34,654,1,no
42764,36,129,1,yes
42286,62,0,2,yes
42465,57,698,3,no
2485,45,849,1,no
42278,44,14,1,yes
28073,31,308,2,no
40065,36,1027,1,no
29456,28,387,5,no
25746,41,2184,1,no
3410,53,74,1,no
21160,42,688,2,no
41186,34,9962,1,yes
10746,58,5914,4,no
7193,32,187,1,no
26618,58,5087,2,no
387,57,345,1,no
33928,34,7468,1,yes
14675,57,1103,4,no
15186,42,600,3,no
7954,27,416,2,yes
43057,28,167,2,no
8119,40,34,1,no
4300,30,358,51,no
36670,32,51,1,no
24784,56,0,1,no
12077,42,832,14,no
20473,30,1913,2,no
11180,44,2791,1,no
5915,35,437,1,no
41824,75,643,2,no
35477,27,8366,2,no
16481,52,0,3,no
28084,35,1803,2,no
3131,49,0,2,no
8016,31,0,1,no
27051,47,324,2,yes
6781,25,894,1,no
6619,35,1227,3,no
35396,32,1544,1,no
20158,30,564,2,no
10560,29,5894,2,no
35008,50,458,2,no
20048,31,2846,3,no
27658,46,3098,9,no
33313,55,5253,1,no
9400,41,1491,2,no
11220,57,1172,1,no
39344,23,1393,8,no
35158,34,2679,1,no
9785,38,994,1,no
33823,25,7604,1,no
20257,56,1780,2,no
27207,55,1393,5,no
29733,33,647,1,no
16227,29,-522,6,no
36520,60,5789,5,no
5592,38,5779,3,no
42308,42,10072,3,no
45055,34,1077,1,no
19286,34,182,2,yes
14747,51,463,4,no
37464,56,84,2,no
633,42,15,1,no
39271,34,118,4,no
4536,32,706,1,no
29850,40,1181,2,yes
22354,47,147,2,no
12675,36,0,3,no
35166,31,990,1,no
31206,28,356,2,no
25468,46,874,3,yes
2577,51,12061,1,no
35142,36,975,2,no
1757,30,23,1,no
42498,29,459,3,yes
40061,27,2071,1,yes
39672,27,274,1,no
41260,40,0,2,no
22025,59,2568,5,no
11237,36,90,3,no
25386,39,12437,1,no
25672,34,3092,1,no
35284,39,-271,1,no
27008,49,1105,3,no
9664,39,3201,2,no
16800,47,1430,11,no
15151,34,1396,1,no
23573,37,6743,13,no
37006,36,1088,2,no
17095,51,0,3,yes
898,38,100,1,yes
11721,49,443,11,no
42618,67,585,1,no
25826,34,0,1,no
39849,34,2466,1,no
34264,44,10354,1,no
41908,54,3994,2,yes
691,29,948,2,no
40636,21,216,1,yes
35657,37,1613,1,no
36172,49,24,1,yes
19518,54,3395,2,no
5207,52,126,4,no
43074,38,455,2,yes
17791,54,3967,3,no
3575,44,809,4,no
917,40,8823,1,no
16912,27,3485,2,no
22728,54,745,6,no
39574,27,207,4,no
23040,36,0,3,no
31286,79,8304,9,yes
19204,55,953,3,no
11137,32,201,2,no
40948,74,0,2,yes
44082,24,674,1,yes
29893,32,6172,1,no
19397,38,178,3,no
33698,29,3466,1,yes
12420,51,-101,3,no
4020,31,246,2,no
27080,30,395,1,no
24189,58,-942,1,no
22492,30,817,4,no
27589,31,967,3,no
15457,57,1218,6,no
17159,31,19,31,no
18016,55,-375,2,yes
6807,33,580,1,no
31213,45,129,1,no
35519,39,660,4,no
40726,47,677,1,no
16451,28,-221,12,no
23672,31,713,1,no
30277,30,293,1,no
26509,43,4333,3,yes
25568,36,649,1,no
30317,45,169,1,no
599,48,310,1,no
20947,52,-558,5,no
4002,32,358,3,no
36235,41,1395,1,no
38741,54,1777,5,no
38288,35,705,1,no
37556,55,903,3,no
15472,34,145,10,no
38373,50,172,6,no
11037,58,3957,4,no
11937,41,1498,2,no
36100,36,269,2,no
34215,34,14,1,no
11110,49,1330,1,no
38422,23,2211,2,no
9612,50,289,1,no
29670,40,-78,4,no
20813,50,4,2,no
39243,43,487,2,no
14380,40,1539,3,no
2838,42,277,1,no
20142,39,-112,2,no
3219,48,1108,1,no
28150,32,0,1,no
11325,44,827,4,no
26356,40,4341,1,no
22332,37,42,2,no
39480,44,27,1,no
11531,38,207,2,no
4696,36,2390,12,no
38478,25,507,1,yes
23779,41,4522,1,no
5242,36,8564,1,no
11546,44,1669,2,no
12501,35,907,4,no
7339,49,3112,3,no
7397,38,92,3,no
44659,31,1675,2,no
25429,50,31,4,no
4483,39,2644,1,no
42959,36,27,1,yes
30961,28,217,3,no
39597,52,195,1,no
9181,48,220,2,no
13412,46,-591,1,no
42927,25,145,1,no
11907,42,494,2,no
27116,43,5347,3,no
18618,45,5640,9,no
18723,38,902,13,no
39921,46,1568,1,yes
17431,33,766,3,no
41570,73,934,5,yes
38064,32,45,3,no
38199,57,179,1,no
15121,42,4,1,yes
12879,37,10,2,no
9476,37,1309,2,no
1075,44,420,2,no
14261,50,3258,2,no
37725,28,206,2,no
26856,31,0,5,no
33546,35,218,4,no
42864,77,38,1,no
42312,63,2707,4,no
26225,32,1426,1,no
39553,26,243,1,yes
9387,27,685,2,no
39375,45,6971,1,no
26881,36,2848,3,no
36766,40,3126,2,no
12599,30,656,1,no
6084,51,51,2,no
25690,32,524,1,no
36880,40,14,4,no
40642,66,0,1,no
9188,39,117,2,no
566,57,5431,1,no
20503,37,4044,4,no
5900,29,5284,1,no
39586,25,220,1,no
31569,39,517,1,no
13874,38,260,1,no
841,49,64,3,no
9835,43,1462,2,no
39549,44,2365,3,no
32531,46,450,1,no
25040,32,135,1,no
35435,36,9,2,no
26549,42,7704,3,no
36501,59,0,3,no
12335,52,192,1,no
40059,37,1045,1,no
9342,52,1837,1,no
12976,60,-108,2,no
31616,40,285,1,no
766,51,421,2,no
43207,32,2667,1,yes
37601,31,179,1,no
37317,33,210,2,yes
39007,32,55,1,no
43298,33,206,2,no
39596,31,180,1,no
2621,44,2226,1,no
39506,36,1054,1,no
35795,47,1280,1,no
17289,26,81,2,no
17683,34,5934,7,no
20126,55,161,2,no
15832,35,828,1,no
34791,36,532,1,no
18233,26,13,25,no
9386,56,3039,2,no
35454,40,356,3,no
32840,33,266,2,no
33794,51,4917,1,yes
12752,40,1395,2,no
25789,32,7558,2,no
25035,39,484,1,no
30345,60,361,1,no
30653,31,23,5,no
13909,35,-504,1,no
33958,36,24,1,no
23208,38,51,9,no
40525,79,429,2,yes
26021,54,2626,2,no
31588,36,666,1,no
3500,43,4520,4,no
42998,28,61,1,yes
37325,45,0,2,no
35478,43,703,3,no
19117,48,-4,1,no
20602,31,1514,2,no
4243,43,1071,1,no
20345,43,223,4,no
41478,24,2696,2,no
1360,34,341,1,no
12932,32,22,1,no
31534,30,0,2,no
26149,32,1959,3,no
17264,25,5533,4,no
34347,31,12857,4,yes
23958,45,2087,14,no
1510,32,491,2,no
12781,57,808,1,no
39172,23,234,5,no
1846,39,-516,2,no
27940,27,1187,2,no
12244,41,0,2,no
7839,44,752,3,no
6964,44,265,2,no
27611,43,15423,2,no
42000,54,140,2,no
29319,55,1339,2,no
13770,28,0,1,no
15701,58,471,1,no
20285,43,3723,4,no
12003,38,1409,14,no
4333,37,89,10,no
29673,29,655,3,no
14368,42,-369,3,no
11679,30,34,3,no
37451,51,707,5,no
10252,60,79,3,no
25819,51,8863,2,no
29370,37,247,2,no
2109,31,4509,3,no
12502,29,101,4,no
10779,55,1498,2,no
28467,26,397,1,no
7774,43,729,2,no
36720,38,0,3,no
3645,50,6258,7,no
30172,27,494,10,no
11352,41,219,3,yes
41145,64,4083,1,no
43581,79,20,2,no
43850,21,200,1,no
39129,36,319,2,no
637,52,-183,1,no
8984,56,882,1,no
16631,30,13,1,no
22667,59,6271,5,no
4513,30,4011,1,no
1194,35,3837,1,yes
32814,36,696,1,no
17361,49,1556,3,no
32306,30,424,4,yes
13867,56,510,1,no
6787,26,677,1,no
2964,40,1000,1,no
21948,50,-219,2,no
9777,56,917,1,no
22077,54,205,6,no
4516,56,8741,3,no
9582,47,295,2,yes
14268,37,2575,2,no
3217,54,2883,3,no
34744,35,404,1,no
2461,54,363,1,no
32747,43,-447,1,no
18067,53,4,3,no
33258,66,711,5,no
33440,36,204,5,no
36358,50,533,2,no
37554,40,2226,7,no
26624,30,782,4,no
30789,46,122,2,no
40667,32,6857,1,no
4152,60,738,3,no
433,39,0,1,no
5168,37,0,5,no
23985,58,69,8,no
34601,32,75,3,no
26017,33,581,2,no
41024,35,1471,3,no
12698,47,25,3,no
38,53,-3,1,no
32545,41,359,1,no
33025,53,5303,3,yes
32141,34,194,1,no
20373,35,354,3,yes
42559,84,81204,1,yes
36780,34,-118,1,no
714,56,4,3,no
560,42,315,2,no
43512,43,3157,2,no
35104,37,48,2,no
13092,39,230,1,no
12613,37,487,2,no
42307,33,71,1,no
6132,28,32,1,no
25458,37,156,3,yes
30383,27,312,1,no
13093,55,51,1,no
32543,47,1536,1,no
26326,50,0,1,no
20685,56,1167,9,no
36364,48,643,4,no
18891,46,0,1,no
24715,50,0,4,no
28813,52,1355,1,no
18965,36,3794,1,no
24816,45,3944,1,no
13018,60,1573,15,no
13880,34,580,1,no
3748,37,499,1,no
11601,40,-108,3,no
1598,39,507,2,no
44492,66,6251,2,no
20875,48,400,1,no
30678,40,0,1,no
36272,33,-255,9,no
14081,41,-172,2,no
24313,51,209,1,no
9373,48,72,5,no
44741,25,20,2,no
22392,34,478,2,no
4303,34,1484,5,no
35775,33,1925,2,no
22695,49,635,3,no
40796,34,-32,3,no
13286,41,-329,3,no
44214,31,414,1,yes
28440,38,1354,2,no
7524,49,2501,2,no
44115,38,1767,4,yes
41810,66,40,2,yes
1560,32,88,3,no
13314,27,5262,9,no
13529,60,2150,1,no
25018,39,3970,1,no
19318,60,2221,2,no
7929,52,137,3,no
2108,33,211,2,no
30364,36,159,1,no
31263,36,2061,3,no
38101,40,602,4,no
19466,38,3813,2,no
42897,76,0,3,no
30625,29,269,1,no
10448,59,4949,8,no
12562,35,2,1,no
15864,29,444,4,no
